Copyright 1986-2018 Xilinx, Inc. All Rights Reserved.
----------------------------------------------------------------------------------------------------------------------------------
| Tool Version : Vivado v.2018.2 (win64) Build 2258646 Thu Jun 14 20:03:12 MDT 2018
| Date         : Mon Apr  6 19:28:30 2026
| Host         : CHESIUM-W running 64-bit major release  (build 9200)
| Command      : report_timing_summary -max_paths 20 -file MetaCircuit_top_timing_summary_routed_implcheck.rpt -warn_on_violation
| Design       : MetaCircuit_top
| Device       : 7a35t-cpg236
| Speed File   : -1  PRODUCTION 1.22 2018-03-21
----------------------------------------------------------------------------------------------------------------------------------

Timing Summary Report

------------------------------------------------------------------------------------------------
| Timer Settings
| --------------
------------------------------------------------------------------------------------------------

  Enable Multi Corner Analysis               :  Yes
  Enable Pessimism Removal                   :  Yes
  Pessimism Removal Resolution               :  Nearest Common Node
  Enable Input Delay Default Clock           :  No
  Enable Preset / Clear Arcs                 :  No
  Disable Flight Delays                      :  No
  Ignore I/O Paths                           :  No
  Timing Early Launch at Borrowing Latches   :  false

  Corner  Analyze    Analyze    
  Name    Max Paths  Min Paths  
  ------  ---------  ---------  
  Slow    Yes        Yes        
  Fast    Yes        Yes        



check_timing report

Table of Contents
-----------------
1. checking no_clock
2. checking constant_clock
3. checking pulse_width_clock
4. checking unconstrained_internal_endpoints
5. checking no_input_delay
6. checking no_output_delay
7. checking multiple_clock
8. checking generated_clocks
9. checking loops
10. checking partial_input_delay
11. checking partial_output_delay
12. checking latch_loops

1. checking no_clock
--------------------
 There are 0 register/latch pins with no clock.


2. checking constant_clock
--------------------------
 There are 0 register/latch pins with constant_clock.


3. checking pulse_width_clock
-----------------------------
 There are 0 register/latch pins which need pulse_width check


4. checking unconstrained_internal_endpoints
--------------------------------------------
 There are 0 pins that are not constrained for maximum delay.

 There are 0 pins that are not constrained for maximum delay due to constant clock.


5. checking no_input_delay
--------------------------
 There are 10 input ports with no input delay specified. (HIGH)

 There are 0 input ports with no input delay but user has a false path constraint.


6. checking no_output_delay
---------------------------
 There are 30 ports with no output delay specified. (HIGH)

 There are 0 ports with no output delay but user has a false path constraint

 There are 0 ports with no output delay but with a timing clock defined on it or propagating through it


7. checking multiple_clock
--------------------------
 There are 0 register/latch pins with multiple clocks.


8. checking generated_clocks
----------------------------
 There are 0 generated clocks that are not connected to a clock source.


9. checking loops
-----------------
 There are 0 combinational loops in the design.


10. checking partial_input_delay
--------------------------------
 There are 0 input ports with partial input delay specified.


11. checking partial_output_delay
---------------------------------
 There are 0 ports with partial output delay specified.


12. checking latch_loops
------------------------
 There are 0 combinational latch loops in the design through latch input



------------------------------------------------------------------------------------------------
| Design Timing Summary
| ---------------------
------------------------------------------------------------------------------------------------

    WNS(ns)      TNS(ns)  TNS Failing Endpoints  TNS Total Endpoints      WHS(ns)      THS(ns)  THS Failing Endpoints  THS Total Endpoints     WPWS(ns)     TPWS(ns)  TPWS Failing Endpoints  TPWS Total Endpoints  
    -------      -------  ---------------------  -------------------      -------      -------  ---------------------  -------------------     --------     --------  ----------------------  --------------------  
      4.183        0.000                      0                 2606        0.032        0.000                      0                 2606        4.500        0.000                       0                  1366  


All user specified timing constraints are met.


------------------------------------------------------------------------------------------------
| Clock Summary
| -------------
------------------------------------------------------------------------------------------------

Clock        Waveform(ns)       Period(ns)      Frequency(MHz)
-----        ------------       ----------      --------------
sys_clk_pin  {0.000 5.000}      10.000          100.000         
  clk_pixel  {0.000 20.000}     40.000          25.000          


------------------------------------------------------------------------------------------------
| Intra Clock Table
| -----------------
------------------------------------------------------------------------------------------------

Clock             WNS(ns)      TNS(ns)  TNS Failing Endpoints  TNS Total Endpoints      WHS(ns)      THS(ns)  THS Failing Endpoints  THS Total Endpoints     WPWS(ns)     TPWS(ns)  TPWS Failing Endpoints  TPWS Total Endpoints  
-----             -------      -------  ---------------------  -------------------      -------      -------  ---------------------  -------------------     --------     --------  ----------------------  --------------------  
sys_clk_pin         4.183        0.000                      0                 2083        0.032        0.000                      0                 2083        4.500        0.000                       0                  1065  
  clk_pixel        23.254        0.000                      0                  465        0.104        0.000                      0                  465       19.500        0.000                       0                   301  


------------------------------------------------------------------------------------------------
| Inter Clock Table
| -----------------
------------------------------------------------------------------------------------------------

From Clock    To Clock          WNS(ns)      TNS(ns)  TNS Failing Endpoints  TNS Total Endpoints      WHS(ns)      THS(ns)  THS Failing Endpoints  THS Total Endpoints  
----------    --------          -------      -------  ---------------------  -------------------      -------      -------  ---------------------  -------------------  
clk_pixel     sys_clk_pin         5.356        0.000                      0                   27        0.879        0.000                      0                   27  
sys_clk_pin   clk_pixel           7.421        0.000                      0                   31        0.225        0.000                      0                   31  


------------------------------------------------------------------------------------------------
| Other Path Groups Table
| -----------------------
------------------------------------------------------------------------------------------------

Path Group    From Clock    To Clock          WNS(ns)      TNS(ns)  TNS Failing Endpoints  TNS Total Endpoints      WHS(ns)      THS(ns)  THS Failing Endpoints  THS Total Endpoints  
----------    ----------    --------          -------      -------  ---------------------  -------------------      -------      -------  ---------------------  -------------------  


------------------------------------------------------------------------------------------------
| Timing Details
| --------------
------------------------------------------------------------------------------------------------


---------------------------------------------------------------------------------------------------
From Clock:  sys_clk_pin
  To Clock:  sys_clk_pin

Setup :            0  Failing Endpoints,  Worst Slack        4.183ns,  Total Violation        0.000ns
Hold  :            0  Failing Endpoints,  Worst Slack        0.032ns,  Total Violation        0.000ns
PW    :            0  Failing Endpoints,  Worst Slack        4.500ns,  Total Violation        0.000ns
---------------------------------------------------------------------------------------------------


Max Delay Paths
--------------------------------------------------------------------------------------
Slack (MET) :             4.183ns  (required time - arrival time)
  Source:                 selected_comp_data_reg[33]/C
                            (rising edge-triggered cell FDRE clocked by sys_clk_pin  {rise@0.000ns fall@5.000ns period=10.000ns})
  Destination:            prop_panel_inst/cmd_payload_reg[54]/R
                            (rising edge-triggered cell FDRE clocked by sys_clk_pin  {rise@0.000ns fall@5.000ns period=10.000ns})
  Path Group:             sys_clk_pin
  Path Type:              Setup (Max at Slow Process Corner)
  Requirement:            10.000ns  (sys_clk_pin rise@10.000ns - sys_clk_pin rise@0.000ns)
  Data Path Delay:        5.319ns  (logic 1.304ns (24.515%)  route 4.015ns (75.485%))
  Logic Levels:           5  (LUT2=1 LUT4=1 LUT5=1 LUT6=2)
  Clock Path Skew:        -0.033ns (DCD - SCD + CPR)
    Destination Clock Delay (DCD):    4.859ns = ( 14.859 - 10.000 ) 
    Source Clock Delay      (SCD):    5.152ns
    Clock Pessimism Removal (CPR):    0.260ns
  Clock Uncertainty:      0.035ns  ((TSJ^2 + TIJ^2)^1/2 + DJ) / 2 + PE
    Total System Jitter     (TSJ):    0.071ns
    Total Input Jitter      (TIJ):    0.000ns
    Discrete Jitter          (DJ):    0.000ns
    Phase Error              (PE):    0.000ns

    Location             Delay type                Incr(ns)  Path(ns)    Netlist Resource(s)
  -------------------------------------------------------------------    -------------------
                         (clock sys_clk_pin rise edge)
                                                      0.000     0.000 r  
    W5                                                0.000     0.000 r  CLK100MHZ (IN)
                         net (fo=0)                   0.000     0.000    CLK100MHZ
    W5                   IBUF (Prop_ibuf_I_O)         1.458     1.458 r  CLK100MHZ_IBUF_inst/O
                         net (fo=1, routed)           1.967     3.425    CLK100MHZ_IBUF
    BUFGCTRL_X0Y0        BUFG (Prop_bufg_I_O)         0.096     3.521 r  CLK100MHZ_IBUF_BUFG_inst/O
                         net (fo=1064, routed)        1.631     5.152    CLK100MHZ_IBUF_BUFG
    SLICE_X5Y12          FDRE                                         r  selected_comp_data_reg[33]/C
  -------------------------------------------------------------------    -------------------
    SLICE_X5Y12          FDRE (Prop_fdre_C_Q)         0.456     5.608 f  selected_comp_data_reg[33]/Q
                         net (fo=5, routed)           1.186     6.794    prop_panel_inst/selected_comp_data_reg[39][10]
    SLICE_X2Y14          LUT4 (Prop_lut4_I0_O)        0.124     6.918 f  prop_panel_inst/cmd_payload[19]_i_4/O
                         net (fo=1, routed)           0.282     7.200    prop_panel_inst/cmd_payload[19]_i_4_n_0
    SLICE_X2Y14          LUT6 (Prop_lut6_I0_O)        0.124     7.324 f  prop_panel_inst/cmd_payload[19]_i_2/O
                         net (fo=2, routed)           0.590     7.914    prop_panel_inst/cmd_payload[19]_i_2_n_0
    SLICE_X4Y14          LUT2 (Prop_lut2_I0_O)        0.150     8.064 f  prop_panel_inst/cmd_valid_i_2/O
                         net (fo=5, routed)           0.512     8.576    prop_panel_inst/cmd_valid_i_2_n_0
    SLICE_X4Y15          LUT5 (Prop_lut5_I0_O)        0.326     8.902 f  prop_panel_inst/cmd_payload[59]_i_2__0/O
                         net (fo=1, routed)           0.437     9.339    prop_panel_inst/cmd_payload[59]_i_2__0_n_0
    SLICE_X2Y16          LUT6 (Prop_lut6_I1_O)        0.124     9.463 r  prop_panel_inst/cmd_payload[59]_i_1__0/O
                         net (fo=10, routed)          1.009    10.471    prop_panel_inst/cmd_payload[59]_i_1__0_n_0
    SLICE_X1Y8           FDRE                                         r  prop_panel_inst/cmd_payload_reg[54]/R
  -------------------------------------------------------------------    -------------------

                         (clock sys_clk_pin rise edge)
                                                     10.000    10.000 r  
    W5                                                0.000    10.000 r  CLK100MHZ (IN)
                         net (fo=0)                   0.000    10.000    CLK100MHZ
    W5                   IBUF (Prop_ibuf_I_O)         1.388    11.388 r  CLK100MHZ_IBUF_inst/O
                         net (fo=1, routed)           1.862    13.250    CLK100MHZ_IBUF
    BUFGCTRL_X0Y0        BUFG (Prop_bufg_I_O)         0.091    13.341 r  CLK100MHZ_IBUF_BUFG_inst/O
                         net (fo=1064, routed)        1.518    14.859    prop_panel_inst/CLK100MHZ_IBUF_BUFG
    SLICE_X1Y8           FDRE                                         r  prop_panel_inst/cmd_payload_reg[54]/C
                         clock pessimism              0.260    15.119    
                         clock uncertainty           -0.035    15.084    
    SLICE_X1Y8           FDRE (Setup_fdre_C_R)       -0.429    14.655    prop_panel_inst/cmd_payload_reg[54]
  -------------------------------------------------------------------
                         required time                         14.655    
                         arrival time                         -10.471    
  -------------------------------------------------------------------
                         slack                                  4.183    

Slack (MET) :             4.183ns  (required time - arrival time)
  Source:                 selected_comp_data_reg[33]/C
                            (rising edge-triggered cell FDRE clocked by sys_clk_pin  {rise@0.000ns fall@5.000ns period=10.000ns})
  Destination:            prop_panel_inst/cmd_payload_reg[55]/R
                            (rising edge-triggered cell FDRE clocked by sys_clk_pin  {rise@0.000ns fall@5.000ns period=10.000ns})
  Path Group:             sys_clk_pin
  Path Type:              Setup (Max at Slow Process Corner)
  Requirement:            10.000ns  (sys_clk_pin rise@10.000ns - sys_clk_pin rise@0.000ns)
  Data Path Delay:        5.319ns  (logic 1.304ns (24.515%)  route 4.015ns (75.485%))
  Logic Levels:           5  (LUT2=1 LUT4=1 LUT5=1 LUT6=2)
  Clock Path Skew:        -0.033ns (DCD - SCD + CPR)
    Destination Clock Delay (DCD):    4.859ns = ( 14.859 - 10.000 ) 
    Source Clock Delay      (SCD):    5.152ns
    Clock Pessimism Removal (CPR):    0.260ns
  Clock Uncertainty:      0.035ns  ((TSJ^2 + TIJ^2)^1/2 + DJ) / 2 + PE
    Total System Jitter     (TSJ):    0.071ns
    Total Input Jitter      (TIJ):    0.000ns
    Discrete Jitter          (DJ):    0.000ns
    Phase Error              (PE):    0.000ns

    Location             Delay type                Incr(ns)  Path(ns)    Netlist Resource(s)
  -------------------------------------------------------------------    -------------------
                         (clock sys_clk_pin rise edge)
                                                      0.000     0.000 r  
    W5                                                0.000     0.000 r  CLK100MHZ (IN)
                         net (fo=0)                   0.000     0.000    CLK100MHZ
    W5                   IBUF (Prop_ibuf_I_O)         1.458     1.458 r  CLK100MHZ_IBUF_inst/O
                         net (fo=1, routed)           1.967     3.425    CLK100MHZ_IBUF
    BUFGCTRL_X0Y0        BUFG (Prop_bufg_I_O)         0.096     3.521 r  CLK100MHZ_IBUF_BUFG_inst/O
                         net (fo=1064, routed)        1.631     5.152    CLK100MHZ_IBUF_BUFG
    SLICE_X5Y12          FDRE                                         r  selected_comp_data_reg[33]/C
  -------------------------------------------------------------------    -------------------
    SLICE_X5Y12          FDRE (Prop_fdre_C_Q)         0.456     5.608 f  selected_comp_data_reg[33]/Q
                         net (fo=5, routed)           1.186     6.794    prop_panel_inst/selected_comp_data_reg[39][10]
    SLICE_X2Y14          LUT4 (Prop_lut4_I0_O)        0.124     6.918 f  prop_panel_inst/cmd_payload[19]_i_4/O
                         net (fo=1, routed)           0.282     7.200    prop_panel_inst/cmd_payload[19]_i_4_n_0
    SLICE_X2Y14          LUT6 (Prop_lut6_I0_O)        0.124     7.324 f  prop_panel_inst/cmd_payload[19]_i_2/O
                         net (fo=2, routed)           0.590     7.914    prop_panel_inst/cmd_payload[19]_i_2_n_0
    SLICE_X4Y14          LUT2 (Prop_lut2_I0_O)        0.150     8.064 f  prop_panel_inst/cmd_valid_i_2/O
                         net (fo=5, routed)           0.512     8.576    prop_panel_inst/cmd_valid_i_2_n_0
    SLICE_X4Y15          LUT5 (Prop_lut5_I0_O)        0.326     8.902 f  prop_panel_inst/cmd_payload[59]_i_2__0/O
                         net (fo=1, routed)           0.437     9.339    prop_panel_inst/cmd_payload[59]_i_2__0_n_0
    SLICE_X2Y16          LUT6 (Prop_lut6_I1_O)        0.124     9.463 r  prop_panel_inst/cmd_payload[59]_i_1__0/O
                         net (fo=10, routed)          1.009    10.471    prop_panel_inst/cmd_payload[59]_i_1__0_n_0
    SLICE_X1Y8           FDRE                                         r  prop_panel_inst/cmd_payload_reg[55]/R
  -------------------------------------------------------------------    -------------------

                         (clock sys_clk_pin rise edge)
                                                     10.000    10.000 r  
    W5                                                0.000    10.000 r  CLK100MHZ (IN)
                         net (fo=0)                   0.000    10.000    CLK100MHZ
    W5                   IBUF (Prop_ibuf_I_O)         1.388    11.388 r  CLK100MHZ_IBUF_inst/O
                         net (fo=1, routed)           1.862    13.250    CLK100MHZ_IBUF
    BUFGCTRL_X0Y0        BUFG (Prop_bufg_I_O)         0.091    13.341 r  CLK100MHZ_IBUF_BUFG_inst/O
                         net (fo=1064, routed)        1.518    14.859    prop_panel_inst/CLK100MHZ_IBUF_BUFG
    SLICE_X1Y8           FDRE                                         r  prop_panel_inst/cmd_payload_reg[55]/C
                         clock pessimism              0.260    15.119    
                         clock uncertainty           -0.035    15.084    
    SLICE_X1Y8           FDRE (Setup_fdre_C_R)       -0.429    14.655    prop_panel_inst/cmd_payload_reg[55]
  -------------------------------------------------------------------
                         required time                         14.655    
                         arrival time                         -10.471    
  -------------------------------------------------------------------
                         slack                                  4.183    

Slack (MET) :             4.183ns  (required time - arrival time)
  Source:                 selected_comp_data_reg[33]/C
                            (rising edge-triggered cell FDRE clocked by sys_clk_pin  {rise@0.000ns fall@5.000ns period=10.000ns})
  Destination:            prop_panel_inst/cmd_payload_reg[58]/R
                            (rising edge-triggered cell FDRE clocked by sys_clk_pin  {rise@0.000ns fall@5.000ns period=10.000ns})
  Path Group:             sys_clk_pin
  Path Type:              Setup (Max at Slow Process Corner)
  Requirement:            10.000ns  (sys_clk_pin rise@10.000ns - sys_clk_pin rise@0.000ns)
  Data Path Delay:        5.319ns  (logic 1.304ns (24.515%)  route 4.015ns (75.485%))
  Logic Levels:           5  (LUT2=1 LUT4=1 LUT5=1 LUT6=2)
  Clock Path Skew:        -0.033ns (DCD - SCD + CPR)
    Destination Clock Delay (DCD):    4.859ns = ( 14.859 - 10.000 ) 
    Source Clock Delay      (SCD):    5.152ns
    Clock Pessimism Removal (CPR):    0.260ns
  Clock Uncertainty:      0.035ns  ((TSJ^2 + TIJ^2)^1/2 + DJ) / 2 + PE
    Total System Jitter     (TSJ):    0.071ns
    Total Input Jitter      (TIJ):    0.000ns
    Discrete Jitter          (DJ):    0.000ns
    Phase Error              (PE):    0.000ns

    Location             Delay type                Incr(ns)  Path(ns)    Netlist Resource(s)
  -------------------------------------------------------------------    -------------------
                         (clock sys_clk_pin rise edge)
                                                      0.000     0.000 r  
    W5                                                0.000     0.000 r  CLK100MHZ (IN)
                         net (fo=0)                   0.000     0.000    CLK100MHZ
    W5                   IBUF (Prop_ibuf_I_O)         1.458     1.458 r  CLK100MHZ_IBUF_inst/O
                         net (fo=1, routed)           1.967     3.425    CLK100MHZ_IBUF
    BUFGCTRL_X0Y0        BUFG (Prop_bufg_I_O)         0.096     3.521 r  CLK100MHZ_IBUF_BUFG_inst/O
                         net (fo=1064, routed)        1.631     5.152    CLK100MHZ_IBUF_BUFG
    SLICE_X5Y12          FDRE                                         r  selected_comp_data_reg[33]/C
  -------------------------------------------------------------------    -------------------
    SLICE_X5Y12          FDRE (Prop_fdre_C_Q)         0.456     5.608 f  selected_comp_data_reg[33]/Q
                         net (fo=5, routed)           1.186     6.794    prop_panel_inst/selected_comp_data_reg[39][10]
    SLICE_X2Y14          LUT4 (Prop_lut4_I0_O)        0.124     6.918 f  prop_panel_inst/cmd_payload[19]_i_4/O
                         net (fo=1, routed)           0.282     7.200    prop_panel_inst/cmd_payload[19]_i_4_n_0
    SLICE_X2Y14          LUT6 (Prop_lut6_I0_O)        0.124     7.324 f  prop_panel_inst/cmd_payload[19]_i_2/O
                         net (fo=2, routed)           0.590     7.914    prop_panel_inst/cmd_payload[19]_i_2_n_0
    SLICE_X4Y14          LUT2 (Prop_lut2_I0_O)        0.150     8.064 f  prop_panel_inst/cmd_valid_i_2/O
                         net (fo=5, routed)           0.512     8.576    prop_panel_inst/cmd_valid_i_2_n_0
    SLICE_X4Y15          LUT5 (Prop_lut5_I0_O)        0.326     8.902 f  prop_panel_inst/cmd_payload[59]_i_2__0/O
                         net (fo=1, routed)           0.437     9.339    prop_panel_inst/cmd_payload[59]_i_2__0_n_0
    SLICE_X2Y16          LUT6 (Prop_lut6_I1_O)        0.124     9.463 r  prop_panel_inst/cmd_payload[59]_i_1__0/O
                         net (fo=10, routed)          1.009    10.471    prop_panel_inst/cmd_payload[59]_i_1__0_n_0
    SLICE_X1Y8           FDRE                                         r  prop_panel_inst/cmd_payload_reg[58]/R
  -------------------------------------------------------------------    -------------------

                         (clock sys_clk_pin rise edge)
                                                     10.000    10.000 r  
    W5                                                0.000    10.000 r  CLK100MHZ (IN)
                         net (fo=0)                   0.000    10.000    CLK100MHZ
    W5                   IBUF (Prop_ibuf_I_O)         1.388    11.388 r  CLK100MHZ_IBUF_inst/O
                         net (fo=1, routed)           1.862    13.250    CLK100MHZ_IBUF
    BUFGCTRL_X0Y0        BUFG (Prop_bufg_I_O)         0.091    13.341 r  CLK100MHZ_IBUF_BUFG_inst/O
                         net (fo=1064, routed)        1.518    14.859    prop_panel_inst/CLK100MHZ_IBUF_BUFG
    SLICE_X1Y8           FDRE                                         r  prop_panel_inst/cmd_payload_reg[58]/C
                         clock pessimism              0.260    15.119    
                         clock uncertainty           -0.035    15.084    
    SLICE_X1Y8           FDRE (Setup_fdre_C_R)       -0.429    14.655    prop_panel_inst/cmd_payload_reg[58]
  -------------------------------------------------------------------
                         required time                         14.655    
                         arrival time                         -10.471    
  -------------------------------------------------------------------
                         slack                                  4.183    

Slack (MET) :             4.183ns  (required time - arrival time)
  Source:                 selected_comp_data_reg[33]/C
                            (rising edge-triggered cell FDRE clocked by sys_clk_pin  {rise@0.000ns fall@5.000ns period=10.000ns})
  Destination:            prop_panel_inst/cmd_payload_reg[59]/R
                            (rising edge-triggered cell FDRE clocked by sys_clk_pin  {rise@0.000ns fall@5.000ns period=10.000ns})
  Path Group:             sys_clk_pin
  Path Type:              Setup (Max at Slow Process Corner)
  Requirement:            10.000ns  (sys_clk_pin rise@10.000ns - sys_clk_pin rise@0.000ns)
  Data Path Delay:        5.319ns  (logic 1.304ns (24.515%)  route 4.015ns (75.485%))
  Logic Levels:           5  (LUT2=1 LUT4=1 LUT5=1 LUT6=2)
  Clock Path Skew:        -0.033ns (DCD - SCD + CPR)
    Destination Clock Delay (DCD):    4.859ns = ( 14.859 - 10.000 ) 
    Source Clock Delay      (SCD):    5.152ns
    Clock Pessimism Removal (CPR):    0.260ns
  Clock Uncertainty:      0.035ns  ((TSJ^2 + TIJ^2)^1/2 + DJ) / 2 + PE
    Total System Jitter     (TSJ):    0.071ns
    Total Input Jitter      (TIJ):    0.000ns
    Discrete Jitter          (DJ):    0.000ns
    Phase Error              (PE):    0.000ns

    Location             Delay type                Incr(ns)  Path(ns)    Netlist Resource(s)
  -------------------------------------------------------------------    -------------------
                         (clock sys_clk_pin rise edge)
                                                      0.000     0.000 r  
    W5                                                0.000     0.000 r  CLK100MHZ (IN)
                         net (fo=0)                   0.000     0.000    CLK100MHZ
    W5                   IBUF (Prop_ibuf_I_O)         1.458     1.458 r  CLK100MHZ_IBUF_inst/O
                         net (fo=1, routed)           1.967     3.425    CLK100MHZ_IBUF
    BUFGCTRL_X0Y0        BUFG (Prop_bufg_I_O)         0.096     3.521 r  CLK100MHZ_IBUF_BUFG_inst/O
                         net (fo=1064, routed)        1.631     5.152    CLK100MHZ_IBUF_BUFG
    SLICE_X5Y12          FDRE                                         r  selected_comp_data_reg[33]/C
  -------------------------------------------------------------------    -------------------
    SLICE_X5Y12          FDRE (Prop_fdre_C_Q)         0.456     5.608 f  selected_comp_data_reg[33]/Q
                         net (fo=5, routed)           1.186     6.794    prop_panel_inst/selected_comp_data_reg[39][10]
    SLICE_X2Y14          LUT4 (Prop_lut4_I0_O)        0.124     6.918 f  prop_panel_inst/cmd_payload[19]_i_4/O
                         net (fo=1, routed)           0.282     7.200    prop_panel_inst/cmd_payload[19]_i_4_n_0
    SLICE_X2Y14          LUT6 (Prop_lut6_I0_O)        0.124     7.324 f  prop_panel_inst/cmd_payload[19]_i_2/O
                         net (fo=2, routed)           0.590     7.914    prop_panel_inst/cmd_payload[19]_i_2_n_0
    SLICE_X4Y14          LUT2 (Prop_lut2_I0_O)        0.150     8.064 f  prop_panel_inst/cmd_valid_i_2/O
                         net (fo=5, routed)           0.512     8.576    prop_panel_inst/cmd_valid_i_2_n_0
    SLICE_X4Y15          LUT5 (Prop_lut5_I0_O)        0.326     8.902 f  prop_panel_inst/cmd_payload[59]_i_2__0/O
                         net (fo=1, routed)           0.437     9.339    prop_panel_inst/cmd_payload[59]_i_2__0_n_0
    SLICE_X2Y16          LUT6 (Prop_lut6_I1_O)        0.124     9.463 r  prop_panel_inst/cmd_payload[59]_i_1__0/O
                         net (fo=10, routed)          1.009    10.471    prop_panel_inst/cmd_payload[59]_i_1__0_n_0
    SLICE_X1Y8           FDRE                                         r  prop_panel_inst/cmd_payload_reg[59]/R
  -------------------------------------------------------------------    -------------------

                         (clock sys_clk_pin rise edge)
                                                     10.000    10.000 r  
    W5                                                0.000    10.000 r  CLK100MHZ (IN)
                         net (fo=0)                   0.000    10.000    CLK100MHZ
    W5                   IBUF (Prop_ibuf_I_O)         1.388    11.388 r  CLK100MHZ_IBUF_inst/O
                         net (fo=1, routed)           1.862    13.250    CLK100MHZ_IBUF
    BUFGCTRL_X0Y0        BUFG (Prop_bufg_I_O)         0.091    13.341 r  CLK100MHZ_IBUF_BUFG_inst/O
                         net (fo=1064, routed)        1.518    14.859    prop_panel_inst/CLK100MHZ_IBUF_BUFG
    SLICE_X1Y8           FDRE                                         r  prop_panel_inst/cmd_payload_reg[59]/C
                         clock pessimism              0.260    15.119    
                         clock uncertainty           -0.035    15.084    
    SLICE_X1Y8           FDRE (Setup_fdre_C_R)       -0.429    14.655    prop_panel_inst/cmd_payload_reg[59]
  -------------------------------------------------------------------
                         required time                         14.655    
                         arrival time                         -10.471    
  -------------------------------------------------------------------
                         slack                                  4.183    

Slack (MET) :             4.471ns  (required time - arrival time)
  Source:                 selected_comp_data_reg[33]/C
                            (rising edge-triggered cell FDRE clocked by sys_clk_pin  {rise@0.000ns fall@5.000ns period=10.000ns})
  Destination:            prop_panel_inst/cmd_payload_reg[56]/R
                            (rising edge-triggered cell FDRE clocked by sys_clk_pin  {rise@0.000ns fall@5.000ns period=10.000ns})
  Path Group:             sys_clk_pin
  Path Type:              Setup (Max at Slow Process Corner)
  Requirement:            10.000ns  (sys_clk_pin rise@10.000ns - sys_clk_pin rise@0.000ns)
  Data Path Delay:        5.031ns  (logic 1.304ns (25.920%)  route 3.727ns (74.080%))
  Logic Levels:           5  (LUT2=1 LUT4=1 LUT5=1 LUT6=2)
  Clock Path Skew:        -0.034ns (DCD - SCD + CPR)
    Destination Clock Delay (DCD):    4.858ns = ( 14.858 - 10.000 ) 
    Source Clock Delay      (SCD):    5.152ns
    Clock Pessimism Removal (CPR):    0.260ns
  Clock Uncertainty:      0.035ns  ((TSJ^2 + TIJ^2)^1/2 + DJ) / 2 + PE
    Total System Jitter     (TSJ):    0.071ns
    Total Input Jitter      (TIJ):    0.000ns
    Discrete Jitter          (DJ):    0.000ns
    Phase Error              (PE):    0.000ns

    Location             Delay type                Incr(ns)  Path(ns)    Netlist Resource(s)
  -------------------------------------------------------------------    -------------------
                         (clock sys_clk_pin rise edge)
                                                      0.000     0.000 r  
    W5                                                0.000     0.000 r  CLK100MHZ (IN)
                         net (fo=0)                   0.000     0.000    CLK100MHZ
    W5                   IBUF (Prop_ibuf_I_O)         1.458     1.458 r  CLK100MHZ_IBUF_inst/O
                         net (fo=1, routed)           1.967     3.425    CLK100MHZ_IBUF
    BUFGCTRL_X0Y0        BUFG (Prop_bufg_I_O)         0.096     3.521 r  CLK100MHZ_IBUF_BUFG_inst/O
                         net (fo=1064, routed)        1.631     5.152    CLK100MHZ_IBUF_BUFG
    SLICE_X5Y12          FDRE                                         r  selected_comp_data_reg[33]/C
  -------------------------------------------------------------------    -------------------
    SLICE_X5Y12          FDRE (Prop_fdre_C_Q)         0.456     5.608 f  selected_comp_data_reg[33]/Q
                         net (fo=5, routed)           1.186     6.794    prop_panel_inst/selected_comp_data_reg[39][10]
    SLICE_X2Y14          LUT4 (Prop_lut4_I0_O)        0.124     6.918 f  prop_panel_inst/cmd_payload[19]_i_4/O
                         net (fo=1, routed)           0.282     7.200    prop_panel_inst/cmd_payload[19]_i_4_n_0
    SLICE_X2Y14          LUT6 (Prop_lut6_I0_O)        0.124     7.324 f  prop_panel_inst/cmd_payload[19]_i_2/O
                         net (fo=2, routed)           0.590     7.914    prop_panel_inst/cmd_payload[19]_i_2_n_0
    SLICE_X4Y14          LUT2 (Prop_lut2_I0_O)        0.150     8.064 f  prop_panel_inst/cmd_valid_i_2/O
                         net (fo=5, routed)           0.512     8.576    prop_panel_inst/cmd_valid_i_2_n_0
    SLICE_X4Y15          LUT5 (Prop_lut5_I0_O)        0.326     8.902 f  prop_panel_inst/cmd_payload[59]_i_2__0/O
                         net (fo=1, routed)           0.437     9.339    prop_panel_inst/cmd_payload[59]_i_2__0_n_0
    SLICE_X2Y16          LUT6 (Prop_lut6_I1_O)        0.124     9.463 r  prop_panel_inst/cmd_payload[59]_i_1__0/O
                         net (fo=10, routed)          0.720    10.183    prop_panel_inst/cmd_payload[59]_i_1__0_n_0
    SLICE_X1Y10          FDRE                                         r  prop_panel_inst/cmd_payload_reg[56]/R
  -------------------------------------------------------------------    -------------------

                         (clock sys_clk_pin rise edge)
                                                     10.000    10.000 r  
    W5                                                0.000    10.000 r  CLK100MHZ (IN)
                         net (fo=0)                   0.000    10.000    CLK100MHZ
    W5                   IBUF (Prop_ibuf_I_O)         1.388    11.388 r  CLK100MHZ_IBUF_inst/O
                         net (fo=1, routed)           1.862    13.250    CLK100MHZ_IBUF
    BUFGCTRL_X0Y0        BUFG (Prop_bufg_I_O)         0.091    13.341 r  CLK100MHZ_IBUF_BUFG_inst/O
                         net (fo=1064, routed)        1.517    14.858    prop_panel_inst/CLK100MHZ_IBUF_BUFG
    SLICE_X1Y10          FDRE                                         r  prop_panel_inst/cmd_payload_reg[56]/C
                         clock pessimism              0.260    15.118    
                         clock uncertainty           -0.035    15.083    
    SLICE_X1Y10          FDRE (Setup_fdre_C_R)       -0.429    14.654    prop_panel_inst/cmd_payload_reg[56]
  -------------------------------------------------------------------
                         required time                         14.654    
                         arrival time                         -10.183    
  -------------------------------------------------------------------
                         slack                                  4.471    

Slack (MET) :             4.471ns  (required time - arrival time)
  Source:                 selected_comp_data_reg[33]/C
                            (rising edge-triggered cell FDRE clocked by sys_clk_pin  {rise@0.000ns fall@5.000ns period=10.000ns})
  Destination:            prop_panel_inst/cmd_payload_reg[57]/R
                            (rising edge-triggered cell FDRE clocked by sys_clk_pin  {rise@0.000ns fall@5.000ns period=10.000ns})
  Path Group:             sys_clk_pin
  Path Type:              Setup (Max at Slow Process Corner)
  Requirement:            10.000ns  (sys_clk_pin rise@10.000ns - sys_clk_pin rise@0.000ns)
  Data Path Delay:        5.031ns  (logic 1.304ns (25.920%)  route 3.727ns (74.080%))
  Logic Levels:           5  (LUT2=1 LUT4=1 LUT5=1 LUT6=2)
  Clock Path Skew:        -0.034ns (DCD - SCD + CPR)
    Destination Clock Delay (DCD):    4.858ns = ( 14.858 - 10.000 ) 
    Source Clock Delay      (SCD):    5.152ns
    Clock Pessimism Removal (CPR):    0.260ns
  Clock Uncertainty:      0.035ns  ((TSJ^2 + TIJ^2)^1/2 + DJ) / 2 + PE
    Total System Jitter     (TSJ):    0.071ns
    Total Input Jitter      (TIJ):    0.000ns
    Discrete Jitter          (DJ):    0.000ns
    Phase Error              (PE):    0.000ns

    Location             Delay type                Incr(ns)  Path(ns)    Netlist Resource(s)
  -------------------------------------------------------------------    -------------------
                         (clock sys_clk_pin rise edge)
                                                      0.000     0.000 r  
    W5                                                0.000     0.000 r  CLK100MHZ (IN)
                         net (fo=0)                   0.000     0.000    CLK100MHZ
    W5                   IBUF (Prop_ibuf_I_O)         1.458     1.458 r  CLK100MHZ_IBUF_inst/O
                         net (fo=1, routed)           1.967     3.425    CLK100MHZ_IBUF
    BUFGCTRL_X0Y0        BUFG (Prop_bufg_I_O)         0.096     3.521 r  CLK100MHZ_IBUF_BUFG_inst/O
                         net (fo=1064, routed)        1.631     5.152    CLK100MHZ_IBUF_BUFG
    SLICE_X5Y12          FDRE                                         r  selected_comp_data_reg[33]/C
  -------------------------------------------------------------------    -------------------
    SLICE_X5Y12          FDRE (Prop_fdre_C_Q)         0.456     5.608 f  selected_comp_data_reg[33]/Q
                         net (fo=5, routed)           1.186     6.794    prop_panel_inst/selected_comp_data_reg[39][10]
    SLICE_X2Y14          LUT4 (Prop_lut4_I0_O)        0.124     6.918 f  prop_panel_inst/cmd_payload[19]_i_4/O
                         net (fo=1, routed)           0.282     7.200    prop_panel_inst/cmd_payload[19]_i_4_n_0
    SLICE_X2Y14          LUT6 (Prop_lut6_I0_O)        0.124     7.324 f  prop_panel_inst/cmd_payload[19]_i_2/O
                         net (fo=2, routed)           0.590     7.914    prop_panel_inst/cmd_payload[19]_i_2_n_0
    SLICE_X4Y14          LUT2 (Prop_lut2_I0_O)        0.150     8.064 f  prop_panel_inst/cmd_valid_i_2/O
                         net (fo=5, routed)           0.512     8.576    prop_panel_inst/cmd_valid_i_2_n_0
    SLICE_X4Y15          LUT5 (Prop_lut5_I0_O)        0.326     8.902 f  prop_panel_inst/cmd_payload[59]_i_2__0/O
                         net (fo=1, routed)           0.437     9.339    prop_panel_inst/cmd_payload[59]_i_2__0_n_0
    SLICE_X2Y16          LUT6 (Prop_lut6_I1_O)        0.124     9.463 r  prop_panel_inst/cmd_payload[59]_i_1__0/O
                         net (fo=10, routed)          0.720    10.183    prop_panel_inst/cmd_payload[59]_i_1__0_n_0
    SLICE_X1Y10          FDRE                                         r  prop_panel_inst/cmd_payload_reg[57]/R
  -------------------------------------------------------------------    -------------------

                         (clock sys_clk_pin rise edge)
                                                     10.000    10.000 r  
    W5                                                0.000    10.000 r  CLK100MHZ (IN)
                         net (fo=0)                   0.000    10.000    CLK100MHZ
    W5                   IBUF (Prop_ibuf_I_O)         1.388    11.388 r  CLK100MHZ_IBUF_inst/O
                         net (fo=1, routed)           1.862    13.250    CLK100MHZ_IBUF
    BUFGCTRL_X0Y0        BUFG (Prop_bufg_I_O)         0.091    13.341 r  CLK100MHZ_IBUF_BUFG_inst/O
                         net (fo=1064, routed)        1.517    14.858    prop_panel_inst/CLK100MHZ_IBUF_BUFG
    SLICE_X1Y10          FDRE                                         r  prop_panel_inst/cmd_payload_reg[57]/C
                         clock pessimism              0.260    15.118    
                         clock uncertainty           -0.035    15.083    
    SLICE_X1Y10          FDRE (Setup_fdre_C_R)       -0.429    14.654    prop_panel_inst/cmd_payload_reg[57]
  -------------------------------------------------------------------
                         required time                         14.654    
                         arrival time                         -10.183    
  -------------------------------------------------------------------
                         slack                                  4.471    

Slack (MET) :             4.474ns  (required time - arrival time)
  Source:                 cell_ram_a_inst/mem_reg_2/CLKBWRCLK
                            (rising edge-triggered cell RAMB18E1 clocked by sys_clk_pin  {rise@0.000ns fall@5.000ns period=10.000ns})
  Destination:            select_cell_latched_reg[10]/D
                            (rising edge-triggered cell FDRE clocked by sys_clk_pin  {rise@0.000ns fall@5.000ns period=10.000ns})
  Path Group:             sys_clk_pin
  Path Type:              Setup (Max at Slow Process Corner)
  Requirement:            10.000ns  (sys_clk_pin rise@10.000ns - sys_clk_pin rise@0.000ns)
  Data Path Delay:        5.169ns  (logic 2.602ns (50.337%)  route 2.567ns (49.663%))
  Logic Levels:           1  (LUT3=1)
  Clock Path Skew:        -0.012ns (DCD - SCD + CPR)
    Destination Clock Delay (DCD):    4.860ns = ( 14.860 - 10.000 ) 
    Source Clock Delay      (SCD):    5.133ns
    Clock Pessimism Removal (CPR):    0.260ns
  Clock Uncertainty:      0.035ns  ((TSJ^2 + TIJ^2)^1/2 + DJ) / 2 + PE
    Total System Jitter     (TSJ):    0.071ns
    Total Input Jitter      (TIJ):    0.000ns
    Discrete Jitter          (DJ):    0.000ns
    Phase Error              (PE):    0.000ns

    Location             Delay type                Incr(ns)  Path(ns)    Netlist Resource(s)
  -------------------------------------------------------------------    -------------------
                         (clock sys_clk_pin rise edge)
                                                      0.000     0.000 r  
    W5                                                0.000     0.000 r  CLK100MHZ (IN)
                         net (fo=0)                   0.000     0.000    CLK100MHZ
    W5                   IBUF (Prop_ibuf_I_O)         1.458     1.458 r  CLK100MHZ_IBUF_inst/O
                         net (fo=1, routed)           1.967     3.425    CLK100MHZ_IBUF
    BUFGCTRL_X0Y0        BUFG (Prop_bufg_I_O)         0.096     3.521 r  CLK100MHZ_IBUF_BUFG_inst/O
                         net (fo=1064, routed)        1.612     5.133    cell_ram_a_inst/CLK100MHZ_IBUF_BUFG
    RAMB18_X0Y3          RAMB18E1                                     r  cell_ram_a_inst/mem_reg_2/CLKBWRCLK
  -------------------------------------------------------------------    -------------------
    RAMB18_X0Y3          RAMB18E1 (Prop_ramb18e1_CLKBWRCLK_DOBDO[10])
                                                      2.454     7.587 r  cell_ram_a_inst/mem_reg_2/DOBDO[10]
                         net (fo=2, routed)           1.436     9.023    cell_ram_a_inst/sys_d_out[10]
    SLICE_X8Y2           LUT3 (Prop_lut3_I0_O)        0.148     9.171 r  cell_ram_a_inst/select_cell_latched[10]_i_1/O
                         net (fo=3, routed)           1.131    10.302    cell_ram_a_inst_n_5
    SLICE_X3Y6           FDRE                                         r  select_cell_latched_reg[10]/D
  -------------------------------------------------------------------    -------------------

                         (clock sys_clk_pin rise edge)
                                                     10.000    10.000 r  
    W5                                                0.000    10.000 r  CLK100MHZ (IN)
                         net (fo=0)                   0.000    10.000    CLK100MHZ
    W5                   IBUF (Prop_ibuf_I_O)         1.388    11.388 r  CLK100MHZ_IBUF_inst/O
                         net (fo=1, routed)           1.862    13.250    CLK100MHZ_IBUF
    BUFGCTRL_X0Y0        BUFG (Prop_bufg_I_O)         0.091    13.341 r  CLK100MHZ_IBUF_BUFG_inst/O
                         net (fo=1064, routed)        1.519    14.860    CLK100MHZ_IBUF_BUFG
    SLICE_X3Y6           FDRE                                         r  select_cell_latched_reg[10]/C
                         clock pessimism              0.260    15.120    
                         clock uncertainty           -0.035    15.085    
    SLICE_X3Y6           FDRE (Setup_fdre_C_D)       -0.309    14.776    select_cell_latched_reg[10]
  -------------------------------------------------------------------
                         required time                         14.776    
                         arrival time                         -10.302    
  -------------------------------------------------------------------
                         slack                                  4.474    

Slack (MET) :             4.550ns  (required time - arrival time)
  Source:                 selected_comp_data_reg[33]/C
                            (rising edge-triggered cell FDRE clocked by sys_clk_pin  {rise@0.000ns fall@5.000ns period=10.000ns})
  Destination:            prop_panel_inst/cmd_payload_reg[32]/R
                            (rising edge-triggered cell FDRE clocked by sys_clk_pin  {rise@0.000ns fall@5.000ns period=10.000ns})
  Path Group:             sys_clk_pin
  Path Type:              Setup (Max at Slow Process Corner)
  Requirement:            10.000ns  (sys_clk_pin rise@10.000ns - sys_clk_pin rise@0.000ns)
  Data Path Delay:        4.852ns  (logic 1.304ns (26.877%)  route 3.548ns (73.123%))
  Logic Levels:           5  (LUT2=1 LUT4=1 LUT5=1 LUT6=2)
  Clock Path Skew:        -0.039ns (DCD - SCD + CPR)
    Destination Clock Delay (DCD):    4.853ns = ( 14.853 - 10.000 ) 
    Source Clock Delay      (SCD):    5.152ns
    Clock Pessimism Removal (CPR):    0.260ns
  Clock Uncertainty:      0.035ns  ((TSJ^2 + TIJ^2)^1/2 + DJ) / 2 + PE
    Total System Jitter     (TSJ):    0.071ns
    Total Input Jitter      (TIJ):    0.000ns
    Discrete Jitter          (DJ):    0.000ns
    Phase Error              (PE):    0.000ns

    Location             Delay type                Incr(ns)  Path(ns)    Netlist Resource(s)
  -------------------------------------------------------------------    -------------------
                         (clock sys_clk_pin rise edge)
                                                      0.000     0.000 r  
    W5                                                0.000     0.000 r  CLK100MHZ (IN)
                         net (fo=0)                   0.000     0.000    CLK100MHZ
    W5                   IBUF (Prop_ibuf_I_O)         1.458     1.458 r  CLK100MHZ_IBUF_inst/O
                         net (fo=1, routed)           1.967     3.425    CLK100MHZ_IBUF
    BUFGCTRL_X0Y0        BUFG (Prop_bufg_I_O)         0.096     3.521 r  CLK100MHZ_IBUF_BUFG_inst/O
                         net (fo=1064, routed)        1.631     5.152    CLK100MHZ_IBUF_BUFG
    SLICE_X5Y12          FDRE                                         r  selected_comp_data_reg[33]/C
  -------------------------------------------------------------------    -------------------
    SLICE_X5Y12          FDRE (Prop_fdre_C_Q)         0.456     5.608 f  selected_comp_data_reg[33]/Q
                         net (fo=5, routed)           1.186     6.794    prop_panel_inst/selected_comp_data_reg[39][10]
    SLICE_X2Y14          LUT4 (Prop_lut4_I0_O)        0.124     6.918 f  prop_panel_inst/cmd_payload[19]_i_4/O
                         net (fo=1, routed)           0.282     7.200    prop_panel_inst/cmd_payload[19]_i_4_n_0
    SLICE_X2Y14          LUT6 (Prop_lut6_I0_O)        0.124     7.324 f  prop_panel_inst/cmd_payload[19]_i_2/O
                         net (fo=2, routed)           0.590     7.914    prop_panel_inst/cmd_payload[19]_i_2_n_0
    SLICE_X4Y14          LUT2 (Prop_lut2_I0_O)        0.150     8.064 f  prop_panel_inst/cmd_valid_i_2/O
                         net (fo=5, routed)           0.512     8.576    prop_panel_inst/cmd_valid_i_2_n_0
    SLICE_X4Y15          LUT5 (Prop_lut5_I0_O)        0.326     8.902 f  prop_panel_inst/cmd_payload[59]_i_2__0/O
                         net (fo=1, routed)           0.437     9.339    prop_panel_inst/cmd_payload[59]_i_2__0_n_0
    SLICE_X2Y16          LUT6 (Prop_lut6_I1_O)        0.124     9.463 r  prop_panel_inst/cmd_payload[59]_i_1__0/O
                         net (fo=10, routed)          0.541    10.004    prop_panel_inst/cmd_payload[59]_i_1__0_n_0
    SLICE_X2Y16          FDRE                                         r  prop_panel_inst/cmd_payload_reg[32]/R
  -------------------------------------------------------------------    -------------------

                         (clock sys_clk_pin rise edge)
                                                     10.000    10.000 r  
    W5                                                0.000    10.000 r  CLK100MHZ (IN)
                         net (fo=0)                   0.000    10.000    CLK100MHZ
    W5                   IBUF (Prop_ibuf_I_O)         1.388    11.388 r  CLK100MHZ_IBUF_inst/O
                         net (fo=1, routed)           1.862    13.250    CLK100MHZ_IBUF
    BUFGCTRL_X0Y0        BUFG (Prop_bufg_I_O)         0.091    13.341 r  CLK100MHZ_IBUF_BUFG_inst/O
                         net (fo=1064, routed)        1.512    14.853    prop_panel_inst/CLK100MHZ_IBUF_BUFG
    SLICE_X2Y16          FDRE                                         r  prop_panel_inst/cmd_payload_reg[32]/C
                         clock pessimism              0.260    15.113    
                         clock uncertainty           -0.035    15.078    
    SLICE_X2Y16          FDRE (Setup_fdre_C_R)       -0.524    14.554    prop_panel_inst/cmd_payload_reg[32]
  -------------------------------------------------------------------
                         required time                         14.554    
                         arrival time                         -10.004    
  -------------------------------------------------------------------
                         slack                                  4.550    

Slack (MET) :             4.550ns  (required time - arrival time)
  Source:                 selected_comp_data_reg[33]/C
                            (rising edge-triggered cell FDRE clocked by sys_clk_pin  {rise@0.000ns fall@5.000ns period=10.000ns})
  Destination:            prop_panel_inst/cmd_payload_reg[33]/R
                            (rising edge-triggered cell FDRE clocked by sys_clk_pin  {rise@0.000ns fall@5.000ns period=10.000ns})
  Path Group:             sys_clk_pin
  Path Type:              Setup (Max at Slow Process Corner)
  Requirement:            10.000ns  (sys_clk_pin rise@10.000ns - sys_clk_pin rise@0.000ns)
  Data Path Delay:        4.852ns  (logic 1.304ns (26.877%)  route 3.548ns (73.123%))
  Logic Levels:           5  (LUT2=1 LUT4=1 LUT5=1 LUT6=2)
  Clock Path Skew:        -0.039ns (DCD - SCD + CPR)
    Destination Clock Delay (DCD):    4.853ns = ( 14.853 - 10.000 ) 
    Source Clock Delay      (SCD):    5.152ns
    Clock Pessimism Removal (CPR):    0.260ns
  Clock Uncertainty:      0.035ns  ((TSJ^2 + TIJ^2)^1/2 + DJ) / 2 + PE
    Total System Jitter     (TSJ):    0.071ns
    Total Input Jitter      (TIJ):    0.000ns
    Discrete Jitter          (DJ):    0.000ns
    Phase Error              (PE):    0.000ns

    Location             Delay type                Incr(ns)  Path(ns)    Netlist Resource(s)
  -------------------------------------------------------------------    -------------------
                         (clock sys_clk_pin rise edge)
                                                      0.000     0.000 r  
    W5                                                0.000     0.000 r  CLK100MHZ (IN)
                         net (fo=0)                   0.000     0.000    CLK100MHZ
    W5                   IBUF (Prop_ibuf_I_O)         1.458     1.458 r  CLK100MHZ_IBUF_inst/O
                         net (fo=1, routed)           1.967     3.425    CLK100MHZ_IBUF
    BUFGCTRL_X0Y0        BUFG (Prop_bufg_I_O)         0.096     3.521 r  CLK100MHZ_IBUF_BUFG_inst/O
                         net (fo=1064, routed)        1.631     5.152    CLK100MHZ_IBUF_BUFG
    SLICE_X5Y12          FDRE                                         r  selected_comp_data_reg[33]/C
  -------------------------------------------------------------------    -------------------
    SLICE_X5Y12          FDRE (Prop_fdre_C_Q)         0.456     5.608 f  selected_comp_data_reg[33]/Q
                         net (fo=5, routed)           1.186     6.794    prop_panel_inst/selected_comp_data_reg[39][10]
    SLICE_X2Y14          LUT4 (Prop_lut4_I0_O)        0.124     6.918 f  prop_panel_inst/cmd_payload[19]_i_4/O
                         net (fo=1, routed)           0.282     7.200    prop_panel_inst/cmd_payload[19]_i_4_n_0
    SLICE_X2Y14          LUT6 (Prop_lut6_I0_O)        0.124     7.324 f  prop_panel_inst/cmd_payload[19]_i_2/O
                         net (fo=2, routed)           0.590     7.914    prop_panel_inst/cmd_payload[19]_i_2_n_0
    SLICE_X4Y14          LUT2 (Prop_lut2_I0_O)        0.150     8.064 f  prop_panel_inst/cmd_valid_i_2/O
                         net (fo=5, routed)           0.512     8.576    prop_panel_inst/cmd_valid_i_2_n_0
    SLICE_X4Y15          LUT5 (Prop_lut5_I0_O)        0.326     8.902 f  prop_panel_inst/cmd_payload[59]_i_2__0/O
                         net (fo=1, routed)           0.437     9.339    prop_panel_inst/cmd_payload[59]_i_2__0_n_0
    SLICE_X2Y16          LUT6 (Prop_lut6_I1_O)        0.124     9.463 r  prop_panel_inst/cmd_payload[59]_i_1__0/O
                         net (fo=10, routed)          0.541    10.004    prop_panel_inst/cmd_payload[59]_i_1__0_n_0
    SLICE_X2Y16          FDRE                                         r  prop_panel_inst/cmd_payload_reg[33]/R
  -------------------------------------------------------------------    -------------------

                         (clock sys_clk_pin rise edge)
                                                     10.000    10.000 r  
    W5                                                0.000    10.000 r  CLK100MHZ (IN)
                         net (fo=0)                   0.000    10.000    CLK100MHZ
    W5                   IBUF (Prop_ibuf_I_O)         1.388    11.388 r  CLK100MHZ_IBUF_inst/O
                         net (fo=1, routed)           1.862    13.250    CLK100MHZ_IBUF
    BUFGCTRL_X0Y0        BUFG (Prop_bufg_I_O)         0.091    13.341 r  CLK100MHZ_IBUF_BUFG_inst/O
                         net (fo=1064, routed)        1.512    14.853    prop_panel_inst/CLK100MHZ_IBUF_BUFG
    SLICE_X2Y16          FDRE                                         r  prop_panel_inst/cmd_payload_reg[33]/C
                         clock pessimism              0.260    15.113    
                         clock uncertainty           -0.035    15.078    
    SLICE_X2Y16          FDRE (Setup_fdre_C_R)       -0.524    14.554    prop_panel_inst/cmd_payload_reg[33]
  -------------------------------------------------------------------
                         required time                         14.554    
                         arrival time                         -10.004    
  -------------------------------------------------------------------
                         slack                                  4.550    

Slack (MET) :             4.550ns  (required time - arrival time)
  Source:                 selected_comp_data_reg[33]/C
                            (rising edge-triggered cell FDRE clocked by sys_clk_pin  {rise@0.000ns fall@5.000ns period=10.000ns})
  Destination:            prop_panel_inst/cmd_payload_reg[34]/R
                            (rising edge-triggered cell FDRE clocked by sys_clk_pin  {rise@0.000ns fall@5.000ns period=10.000ns})
  Path Group:             sys_clk_pin
  Path Type:              Setup (Max at Slow Process Corner)
  Requirement:            10.000ns  (sys_clk_pin rise@10.000ns - sys_clk_pin rise@0.000ns)
  Data Path Delay:        4.852ns  (logic 1.304ns (26.877%)  route 3.548ns (73.123%))
  Logic Levels:           5  (LUT2=1 LUT4=1 LUT5=1 LUT6=2)
  Clock Path Skew:        -0.039ns (DCD - SCD + CPR)
    Destination Clock Delay (DCD):    4.853ns = ( 14.853 - 10.000 ) 
    Source Clock Delay      (SCD):    5.152ns
    Clock Pessimism Removal (CPR):    0.260ns
  Clock Uncertainty:      0.035ns  ((TSJ^2 + TIJ^2)^1/2 + DJ) / 2 + PE
    Total System Jitter     (TSJ):    0.071ns
    Total Input Jitter      (TIJ):    0.000ns
    Discrete Jitter          (DJ):    0.000ns
    Phase Error              (PE):    0.000ns

    Location             Delay type                Incr(ns)  Path(ns)    Netlist Resource(s)
  -------------------------------------------------------------------    -------------------
                         (clock sys_clk_pin rise edge)
                                                      0.000     0.000 r  
    W5                                                0.000     0.000 r  CLK100MHZ (IN)
                         net (fo=0)                   0.000     0.000    CLK100MHZ
    W5                   IBUF (Prop_ibuf_I_O)         1.458     1.458 r  CLK100MHZ_IBUF_inst/O
                         net (fo=1, routed)           1.967     3.425    CLK100MHZ_IBUF
    BUFGCTRL_X0Y0        BUFG (Prop_bufg_I_O)         0.096     3.521 r  CLK100MHZ_IBUF_BUFG_inst/O
                         net (fo=1064, routed)        1.631     5.152    CLK100MHZ_IBUF_BUFG
    SLICE_X5Y12          FDRE                                         r  selected_comp_data_reg[33]/C
  -------------------------------------------------------------------    -------------------
    SLICE_X5Y12          FDRE (Prop_fdre_C_Q)         0.456     5.608 f  selected_comp_data_reg[33]/Q
                         net (fo=5, routed)           1.186     6.794    prop_panel_inst/selected_comp_data_reg[39][10]
    SLICE_X2Y14          LUT4 (Prop_lut4_I0_O)        0.124     6.918 f  prop_panel_inst/cmd_payload[19]_i_4/O
                         net (fo=1, routed)           0.282     7.200    prop_panel_inst/cmd_payload[19]_i_4_n_0
    SLICE_X2Y14          LUT6 (Prop_lut6_I0_O)        0.124     7.324 f  prop_panel_inst/cmd_payload[19]_i_2/O
                         net (fo=2, routed)           0.590     7.914    prop_panel_inst/cmd_payload[19]_i_2_n_0
    SLICE_X4Y14          LUT2 (Prop_lut2_I0_O)        0.150     8.064 f  prop_panel_inst/cmd_valid_i_2/O
                         net (fo=5, routed)           0.512     8.576    prop_panel_inst/cmd_valid_i_2_n_0
    SLICE_X4Y15          LUT5 (Prop_lut5_I0_O)        0.326     8.902 f  prop_panel_inst/cmd_payload[59]_i_2__0/O
                         net (fo=1, routed)           0.437     9.339    prop_panel_inst/cmd_payload[59]_i_2__0_n_0
    SLICE_X2Y16          LUT6 (Prop_lut6_I1_O)        0.124     9.463 r  prop_panel_inst/cmd_payload[59]_i_1__0/O
                         net (fo=10, routed)          0.541    10.004    prop_panel_inst/cmd_payload[59]_i_1__0_n_0
    SLICE_X2Y16          FDRE                                         r  prop_panel_inst/cmd_payload_reg[34]/R
  -------------------------------------------------------------------    -------------------

                         (clock sys_clk_pin rise edge)
                                                     10.000    10.000 r  
    W5                                                0.000    10.000 r  CLK100MHZ (IN)
                         net (fo=0)                   0.000    10.000    CLK100MHZ
    W5                   IBUF (Prop_ibuf_I_O)         1.388    11.388 r  CLK100MHZ_IBUF_inst/O
                         net (fo=1, routed)           1.862    13.250    CLK100MHZ_IBUF
    BUFGCTRL_X0Y0        BUFG (Prop_bufg_I_O)         0.091    13.341 r  CLK100MHZ_IBUF_BUFG_inst/O
                         net (fo=1064, routed)        1.512    14.853    prop_panel_inst/CLK100MHZ_IBUF_BUFG
    SLICE_X2Y16          FDRE                                         r  prop_panel_inst/cmd_payload_reg[34]/C
                         clock pessimism              0.260    15.113    
                         clock uncertainty           -0.035    15.078    
    SLICE_X2Y16          FDRE (Setup_fdre_C_R)       -0.524    14.554    prop_panel_inst/cmd_payload_reg[34]
  -------------------------------------------------------------------
                         required time                         14.554    
                         arrival time                         -10.004    
  -------------------------------------------------------------------
                         slack                                  4.550    

Slack (MET) :             4.550ns  (required time - arrival time)
  Source:                 selected_comp_data_reg[33]/C
                            (rising edge-triggered cell FDRE clocked by sys_clk_pin  {rise@0.000ns fall@5.000ns period=10.000ns})
  Destination:            prop_panel_inst/cmd_payload_reg[35]/R
                            (rising edge-triggered cell FDRE clocked by sys_clk_pin  {rise@0.000ns fall@5.000ns period=10.000ns})
  Path Group:             sys_clk_pin
  Path Type:              Setup (Max at Slow Process Corner)
  Requirement:            10.000ns  (sys_clk_pin rise@10.000ns - sys_clk_pin rise@0.000ns)
  Data Path Delay:        4.852ns  (logic 1.304ns (26.877%)  route 3.548ns (73.123%))
  Logic Levels:           5  (LUT2=1 LUT4=1 LUT5=1 LUT6=2)
  Clock Path Skew:        -0.039ns (DCD - SCD + CPR)
    Destination Clock Delay (DCD):    4.853ns = ( 14.853 - 10.000 ) 
    Source Clock Delay      (SCD):    5.152ns
    Clock Pessimism Removal (CPR):    0.260ns
  Clock Uncertainty:      0.035ns  ((TSJ^2 + TIJ^2)^1/2 + DJ) / 2 + PE
    Total System Jitter     (TSJ):    0.071ns
    Total Input Jitter      (TIJ):    0.000ns
    Discrete Jitter          (DJ):    0.000ns
    Phase Error              (PE):    0.000ns

    Location             Delay type                Incr(ns)  Path(ns)    Netlist Resource(s)
  -------------------------------------------------------------------    -------------------
                         (clock sys_clk_pin rise edge)
                                                      0.000     0.000 r  
    W5                                                0.000     0.000 r  CLK100MHZ (IN)
                         net (fo=0)                   0.000     0.000    CLK100MHZ
    W5                   IBUF (Prop_ibuf_I_O)         1.458     1.458 r  CLK100MHZ_IBUF_inst/O
                         net (fo=1, routed)           1.967     3.425    CLK100MHZ_IBUF
    BUFGCTRL_X0Y0        BUFG (Prop_bufg_I_O)         0.096     3.521 r  CLK100MHZ_IBUF_BUFG_inst/O
                         net (fo=1064, routed)        1.631     5.152    CLK100MHZ_IBUF_BUFG
    SLICE_X5Y12          FDRE                                         r  selected_comp_data_reg[33]/C
  -------------------------------------------------------------------    -------------------
    SLICE_X5Y12          FDRE (Prop_fdre_C_Q)         0.456     5.608 f  selected_comp_data_reg[33]/Q
                         net (fo=5, routed)           1.186     6.794    prop_panel_inst/selected_comp_data_reg[39][10]
    SLICE_X2Y14          LUT4 (Prop_lut4_I0_O)        0.124     6.918 f  prop_panel_inst/cmd_payload[19]_i_4/O
                         net (fo=1, routed)           0.282     7.200    prop_panel_inst/cmd_payload[19]_i_4_n_0
    SLICE_X2Y14          LUT6 (Prop_lut6_I0_O)        0.124     7.324 f  prop_panel_inst/cmd_payload[19]_i_2/O
                         net (fo=2, routed)           0.590     7.914    prop_panel_inst/cmd_payload[19]_i_2_n_0
    SLICE_X4Y14          LUT2 (Prop_lut2_I0_O)        0.150     8.064 f  prop_panel_inst/cmd_valid_i_2/O
                         net (fo=5, routed)           0.512     8.576    prop_panel_inst/cmd_valid_i_2_n_0
    SLICE_X4Y15          LUT5 (Prop_lut5_I0_O)        0.326     8.902 f  prop_panel_inst/cmd_payload[59]_i_2__0/O
                         net (fo=1, routed)           0.437     9.339    prop_panel_inst/cmd_payload[59]_i_2__0_n_0
    SLICE_X2Y16          LUT6 (Prop_lut6_I1_O)        0.124     9.463 r  prop_panel_inst/cmd_payload[59]_i_1__0/O
                         net (fo=10, routed)          0.541    10.004    prop_panel_inst/cmd_payload[59]_i_1__0_n_0
    SLICE_X2Y16          FDRE                                         r  prop_panel_inst/cmd_payload_reg[35]/R
  -------------------------------------------------------------------    -------------------

                         (clock sys_clk_pin rise edge)
                                                     10.000    10.000 r  
    W5                                                0.000    10.000 r  CLK100MHZ (IN)
                         net (fo=0)                   0.000    10.000    CLK100MHZ
    W5                   IBUF (Prop_ibuf_I_O)         1.388    11.388 r  CLK100MHZ_IBUF_inst/O
                         net (fo=1, routed)           1.862    13.250    CLK100MHZ_IBUF
    BUFGCTRL_X0Y0        BUFG (Prop_bufg_I_O)         0.091    13.341 r  CLK100MHZ_IBUF_BUFG_inst/O
                         net (fo=1064, routed)        1.512    14.853    prop_panel_inst/CLK100MHZ_IBUF_BUFG
    SLICE_X2Y16          FDRE                                         r  prop_panel_inst/cmd_payload_reg[35]/C
                         clock pessimism              0.260    15.113    
                         clock uncertainty           -0.035    15.078    
    SLICE_X2Y16          FDRE (Setup_fdre_C_R)       -0.524    14.554    prop_panel_inst/cmd_payload_reg[35]
  -------------------------------------------------------------------
                         required time                         14.554    
                         arrival time                         -10.004    
  -------------------------------------------------------------------
                         slack                                  4.550    

Slack (MET) :             4.583ns  (required time - arrival time)
  Source:                 mouse_ctrl_inst/ypos_reg[10]/C
                            (rising edge-triggered cell FDRE clocked by sys_clk_pin  {rise@0.000ns fall@5.000ns period=10.000ns})
  Destination:            interaction_ctrl_inst/frame_capture_inst/snapshot_mouse_y_reg[10]/D
                            (rising edge-triggered cell FDRE clocked by sys_clk_pin  {rise@0.000ns fall@5.000ns period=10.000ns})
  Path Group:             sys_clk_pin
  Path Type:              Setup (Max at Slow Process Corner)
  Requirement:            10.000ns  (sys_clk_pin rise@10.000ns - sys_clk_pin rise@0.000ns)
  Data Path Delay:        5.248ns  (logic 0.456ns (8.689%)  route 4.792ns (91.311%))
  Logic Levels:           0  
  Clock Path Skew:        -0.029ns (DCD - SCD + CPR)
    Destination Clock Delay (DCD):    4.780ns = ( 14.780 - 10.000 ) 
    Source Clock Delay      (SCD):    5.083ns
    Clock Pessimism Removal (CPR):    0.274ns
  Clock Uncertainty:      0.035ns  ((TSJ^2 + TIJ^2)^1/2 + DJ) / 2 + PE
    Total System Jitter     (TSJ):    0.071ns
    Total Input Jitter      (TIJ):    0.000ns
    Discrete Jitter          (DJ):    0.000ns
    Phase Error              (PE):    0.000ns

    Location             Delay type                Incr(ns)  Path(ns)    Netlist Resource(s)
  -------------------------------------------------------------------    -------------------
                         (clock sys_clk_pin rise edge)
                                                      0.000     0.000 r  
    W5                                                0.000     0.000 r  CLK100MHZ (IN)
                         net (fo=0)                   0.000     0.000    CLK100MHZ
    W5                   IBUF (Prop_ibuf_I_O)         1.458     1.458 r  CLK100MHZ_IBUF_inst/O
                         net (fo=1, routed)           1.967     3.425    CLK100MHZ_IBUF
    BUFGCTRL_X0Y0        BUFG (Prop_bufg_I_O)         0.096     3.521 r  CLK100MHZ_IBUF_BUFG_inst/O
                         net (fo=1064, routed)        1.562     5.083    mouse_ctrl_inst/CLK100MHZ_IBUF_BUFG
    SLICE_X9Y34          FDRE                                         r  mouse_ctrl_inst/ypos_reg[10]/C
  -------------------------------------------------------------------    -------------------
    SLICE_X9Y34          FDRE (Prop_fdre_C_Q)         0.456     5.539 r  mouse_ctrl_inst/ypos_reg[10]/Q
                         net (fo=2, routed)           4.792    10.331    interaction_ctrl_inst/frame_capture_inst/ypos_reg[11][10]
    SLICE_X9Y29          FDRE                                         r  interaction_ctrl_inst/frame_capture_inst/snapshot_mouse_y_reg[10]/D
  -------------------------------------------------------------------    -------------------

                         (clock sys_clk_pin rise edge)
                                                     10.000    10.000 r  
    W5                                                0.000    10.000 r  CLK100MHZ (IN)
                         net (fo=0)                   0.000    10.000    CLK100MHZ
    W5                   IBUF (Prop_ibuf_I_O)         1.388    11.388 r  CLK100MHZ_IBUF_inst/O
                         net (fo=1, routed)           1.862    13.250    CLK100MHZ_IBUF
    BUFGCTRL_X0Y0        BUFG (Prop_bufg_I_O)         0.091    13.341 r  CLK100MHZ_IBUF_BUFG_inst/O
                         net (fo=1064, routed)        1.439    14.780    interaction_ctrl_inst/frame_capture_inst/CLK100MHZ_IBUF_BUFG
    SLICE_X9Y29          FDRE                                         r  interaction_ctrl_inst/frame_capture_inst/snapshot_mouse_y_reg[10]/C
                         clock pessimism              0.274    15.054    
                         clock uncertainty           -0.035    15.019    
    SLICE_X9Y29          FDRE (Setup_fdre_C_D)       -0.105    14.914    interaction_ctrl_inst/frame_capture_inst/snapshot_mouse_y_reg[10]
  -------------------------------------------------------------------
                         required time                         14.914    
                         arrival time                         -10.331    
  -------------------------------------------------------------------
                         slack                                  4.583    

Slack (MET) :             4.633ns  (required time - arrival time)
  Source:                 cell_ram_a_inst/mem_reg_2/CLKBWRCLK
                            (rising edge-triggered cell RAMB18E1 clocked by sys_clk_pin  {rise@0.000ns fall@5.000ns period=10.000ns})
  Destination:            select_cell_latched_reg[12]/D
                            (rising edge-triggered cell FDRE clocked by sys_clk_pin  {rise@0.000ns fall@5.000ns period=10.000ns})
  Path Group:             sys_clk_pin
  Path Type:              Setup (Max at Slow Process Corner)
  Requirement:            10.000ns  (sys_clk_pin rise@10.000ns - sys_clk_pin rise@0.000ns)
  Data Path Delay:        5.057ns  (logic 2.600ns (51.412%)  route 2.457ns (48.588%))
  Logic Levels:           1  (LUT3=1)
  Clock Path Skew:        -0.012ns (DCD - SCD + CPR)
    Destination Clock Delay (DCD):    4.860ns = ( 14.860 - 10.000 ) 
    Source Clock Delay      (SCD):    5.133ns
    Clock Pessimism Removal (CPR):    0.260ns
  Clock Uncertainty:      0.035ns  ((TSJ^2 + TIJ^2)^1/2 + DJ) / 2 + PE
    Total System Jitter     (TSJ):    0.071ns
    Total Input Jitter      (TIJ):    0.000ns
    Discrete Jitter          (DJ):    0.000ns
    Phase Error              (PE):    0.000ns

    Location             Delay type                Incr(ns)  Path(ns)    Netlist Resource(s)
  -------------------------------------------------------------------    -------------------
                         (clock sys_clk_pin rise edge)
                                                      0.000     0.000 r  
    W5                                                0.000     0.000 r  CLK100MHZ (IN)
                         net (fo=0)                   0.000     0.000    CLK100MHZ
    W5                   IBUF (Prop_ibuf_I_O)         1.458     1.458 r  CLK100MHZ_IBUF_inst/O
                         net (fo=1, routed)           1.967     3.425    CLK100MHZ_IBUF
    BUFGCTRL_X0Y0        BUFG (Prop_bufg_I_O)         0.096     3.521 r  CLK100MHZ_IBUF_BUFG_inst/O
                         net (fo=1064, routed)        1.612     5.133    cell_ram_a_inst/CLK100MHZ_IBUF_BUFG
    RAMB18_X0Y3          RAMB18E1                                     r  cell_ram_a_inst/mem_reg_2/CLKBWRCLK
  -------------------------------------------------------------------    -------------------
    RAMB18_X0Y3          RAMB18E1 (Prop_ramb18e1_CLKBWRCLK_DOBDO[12])
                                                      2.454     7.587 r  cell_ram_a_inst/mem_reg_2/DOBDO[12]
                         net (fo=2, routed)           1.528     9.115    cell_ram_a_inst/sys_d_out[12]
    SLICE_X8Y4           LUT3 (Prop_lut3_I0_O)        0.146     9.261 r  cell_ram_a_inst/select_cell_latched[12]_i_1/O
                         net (fo=3, routed)           0.929    10.190    cell_ram_a_inst_n_3
    SLICE_X3Y6           FDRE                                         r  select_cell_latched_reg[12]/D
  -------------------------------------------------------------------    -------------------

                         (clock sys_clk_pin rise edge)
                                                     10.000    10.000 r  
    W5                                                0.000    10.000 r  CLK100MHZ (IN)
                         net (fo=0)                   0.000    10.000    CLK100MHZ
    W5                   IBUF (Prop_ibuf_I_O)         1.388    11.388 r  CLK100MHZ_IBUF_inst/O
                         net (fo=1, routed)           1.862    13.250    CLK100MHZ_IBUF
    BUFGCTRL_X0Y0        BUFG (Prop_bufg_I_O)         0.091    13.341 r  CLK100MHZ_IBUF_BUFG_inst/O
                         net (fo=1064, routed)        1.519    14.860    CLK100MHZ_IBUF_BUFG
    SLICE_X3Y6           FDRE                                         r  select_cell_latched_reg[12]/C
                         clock pessimism              0.260    15.120    
                         clock uncertainty           -0.035    15.085    
    SLICE_X3Y6           FDRE (Setup_fdre_C_D)       -0.262    14.823    select_cell_latched_reg[12]
  -------------------------------------------------------------------
                         required time                         14.823    
                         arrival time                         -10.190    
  -------------------------------------------------------------------
                         slack                                  4.633    

Slack (MET) :             4.675ns  (required time - arrival time)
  Source:                 mouse_ctrl_inst/x_overflow_reg/C
                            (rising edge-triggered cell FDCE clocked by sys_clk_pin  {rise@0.000ns fall@5.000ns period=10.000ns})
  Destination:            mouse_ctrl_inst/x_pos_reg[5]/D
                            (rising edge-triggered cell FDRE clocked by sys_clk_pin  {rise@0.000ns fall@5.000ns period=10.000ns})
  Path Group:             sys_clk_pin
  Path Type:              Setup (Max at Slow Process Corner)
  Requirement:            10.000ns  (sys_clk_pin rise@10.000ns - sys_clk_pin rise@0.000ns)
  Data Path Delay:        5.292ns  (logic 2.731ns (51.601%)  route 2.561ns (48.399%))
  Logic Levels:           7  (CARRY4=4 LUT2=1 LUT3=1 LUT6=1)
  Clock Path Skew:        -0.028ns (DCD - SCD + CPR)
    Destination Clock Delay (DCD):    4.783ns = ( 14.783 - 10.000 ) 
    Source Clock Delay      (SCD):    5.085ns
    Clock Pessimism Removal (CPR):    0.274ns
  Clock Uncertainty:      0.035ns  ((TSJ^2 + TIJ^2)^1/2 + DJ) / 2 + PE
    Total System Jitter     (TSJ):    0.071ns
    Total Input Jitter      (TIJ):    0.000ns
    Discrete Jitter          (DJ):    0.000ns
    Phase Error              (PE):    0.000ns

    Location             Delay type                Incr(ns)  Path(ns)    Netlist Resource(s)
  -------------------------------------------------------------------    -------------------
                         (clock sys_clk_pin rise edge)
                                                      0.000     0.000 r  
    W5                                                0.000     0.000 r  CLK100MHZ (IN)
                         net (fo=0)                   0.000     0.000    CLK100MHZ
    W5                   IBUF (Prop_ibuf_I_O)         1.458     1.458 r  CLK100MHZ_IBUF_inst/O
                         net (fo=1, routed)           1.967     3.425    CLK100MHZ_IBUF
    BUFGCTRL_X0Y0        BUFG (Prop_bufg_I_O)         0.096     3.521 r  CLK100MHZ_IBUF_BUFG_inst/O
                         net (fo=1064, routed)        1.564     5.085    mouse_ctrl_inst/CLK100MHZ_IBUF_BUFG
    SLICE_X12Y35         FDCE                                         r  mouse_ctrl_inst/x_overflow_reg/C
  -------------------------------------------------------------------    -------------------
    SLICE_X12Y35         FDCE (Prop_fdce_C_Q)         0.518     5.603 r  mouse_ctrl_inst/x_overflow_reg/Q
                         net (fo=19, routed)          1.193     6.796    mouse_ctrl_inst/x_overflow_reg_n_0
    SLICE_X13Y31         LUT3 (Prop_lut3_I1_O)        0.124     6.920 r  mouse_ctrl_inst/x_pos[3]_i_11/O
                         net (fo=1, routed)           0.000     6.920    mouse_ctrl_inst/x_pos[3]_i_11_n_0
    SLICE_X13Y31         CARRY4 (Prop_carry4_S[0]_CO[3])
                                                      0.532     7.452 r  mouse_ctrl_inst/x_pos_reg[3]_i_3/CO[3]
                         net (fo=1, routed)           0.000     7.452    mouse_ctrl_inst/x_pos_reg[3]_i_3_n_0
    SLICE_X13Y32         CARRY4 (Prop_carry4_CI_CO[3])
                                                      0.114     7.566 r  mouse_ctrl_inst/x_pos_reg[7]_i_3/CO[3]
                         net (fo=1, routed)           0.000     7.566    mouse_ctrl_inst/x_pos_reg[7]_i_3_n_0
    SLICE_X13Y33         CARRY4 (Prop_carry4_CI_O[3])
                                                      0.313     7.879 f  mouse_ctrl_inst/x_pos_reg[11]_i_3/O[3]
                         net (fo=3, routed)           0.665     8.544    mouse_ctrl_inst/plusOp6[11]
    SLICE_X14Y33         LUT2 (Prop_lut2_I1_O)        0.306     8.850 r  mouse_ctrl_inst/x_pos[11]_i_7/O
                         net (fo=1, routed)           0.000     8.850    mouse_ctrl_inst/x_pos[11]_i_7_n_0
    SLICE_X14Y33         CARRY4 (Prop_carry4_S[1]_CO[1])
                                                      0.492     9.342 r  mouse_ctrl_inst/x_pos_reg[11]_i_2/CO[1]
                         net (fo=12, routed)          0.703    10.046    mouse_ctrl_inst/gtOp
    SLICE_X15Y32         LUT6 (Prop_lut6_I4_O)        0.332    10.378 r  mouse_ctrl_inst/x_pos[5]_i_1/O
                         net (fo=1, routed)           0.000    10.378    mouse_ctrl_inst/x_pos[5]_i_1_n_0
    SLICE_X15Y32         FDRE                                         r  mouse_ctrl_inst/x_pos_reg[5]/D
  -------------------------------------------------------------------    -------------------

                         (clock sys_clk_pin rise edge)
                                                     10.000    10.000 r  
    W5                                                0.000    10.000 r  CLK100MHZ (IN)
                         net (fo=0)                   0.000    10.000    CLK100MHZ
    W5                   IBUF (Prop_ibuf_I_O)         1.388    11.388 r  CLK100MHZ_IBUF_inst/O
                         net (fo=1, routed)           1.862    13.250    CLK100MHZ_IBUF
    BUFGCTRL_X0Y0        BUFG (Prop_bufg_I_O)         0.091    13.341 r  CLK100MHZ_IBUF_BUFG_inst/O
                         net (fo=1064, routed)        1.442    14.783    mouse_ctrl_inst/CLK100MHZ_IBUF_BUFG
    SLICE_X15Y32         FDRE                                         r  mouse_ctrl_inst/x_pos_reg[5]/C
                         clock pessimism              0.274    15.057    
                         clock uncertainty           -0.035    15.022    
    SLICE_X15Y32         FDRE (Setup_fdre_C_D)        0.031    15.053    mouse_ctrl_inst/x_pos_reg[5]
  -------------------------------------------------------------------
                         required time                         15.053    
                         arrival time                         -10.378    
  -------------------------------------------------------------------
                         slack                                  4.675    

Slack (MET) :             4.678ns  (required time - arrival time)
  Source:                 mouse_ctrl_inst/x_overflow_reg/C
                            (rising edge-triggered cell FDCE clocked by sys_clk_pin  {rise@0.000ns fall@5.000ns period=10.000ns})
  Destination:            mouse_ctrl_inst/x_pos_reg[4]/D
                            (rising edge-triggered cell FDRE clocked by sys_clk_pin  {rise@0.000ns fall@5.000ns period=10.000ns})
  Path Group:             sys_clk_pin
  Path Type:              Setup (Max at Slow Process Corner)
  Requirement:            10.000ns  (sys_clk_pin rise@10.000ns - sys_clk_pin rise@0.000ns)
  Data Path Delay:        5.287ns  (logic 2.731ns (51.650%)  route 2.556ns (48.350%))
  Logic Levels:           7  (CARRY4=4 LUT2=1 LUT3=1 LUT6=1)
  Clock Path Skew:        -0.028ns (DCD - SCD + CPR)
    Destination Clock Delay (DCD):    4.783ns = ( 14.783 - 10.000 ) 
    Source Clock Delay      (SCD):    5.085ns
    Clock Pessimism Removal (CPR):    0.274ns
  Clock Uncertainty:      0.035ns  ((TSJ^2 + TIJ^2)^1/2 + DJ) / 2 + PE
    Total System Jitter     (TSJ):    0.071ns
    Total Input Jitter      (TIJ):    0.000ns
    Discrete Jitter          (DJ):    0.000ns
    Phase Error              (PE):    0.000ns

    Location             Delay type                Incr(ns)  Path(ns)    Netlist Resource(s)
  -------------------------------------------------------------------    -------------------
                         (clock sys_clk_pin rise edge)
                                                      0.000     0.000 r  
    W5                                                0.000     0.000 r  CLK100MHZ (IN)
                         net (fo=0)                   0.000     0.000    CLK100MHZ
    W5                   IBUF (Prop_ibuf_I_O)         1.458     1.458 r  CLK100MHZ_IBUF_inst/O
                         net (fo=1, routed)           1.967     3.425    CLK100MHZ_IBUF
    BUFGCTRL_X0Y0        BUFG (Prop_bufg_I_O)         0.096     3.521 r  CLK100MHZ_IBUF_BUFG_inst/O
                         net (fo=1064, routed)        1.564     5.085    mouse_ctrl_inst/CLK100MHZ_IBUF_BUFG
    SLICE_X12Y35         FDCE                                         r  mouse_ctrl_inst/x_overflow_reg/C
  -------------------------------------------------------------------    -------------------
    SLICE_X12Y35         FDCE (Prop_fdce_C_Q)         0.518     5.603 r  mouse_ctrl_inst/x_overflow_reg/Q
                         net (fo=19, routed)          1.193     6.796    mouse_ctrl_inst/x_overflow_reg_n_0
    SLICE_X13Y31         LUT3 (Prop_lut3_I1_O)        0.124     6.920 r  mouse_ctrl_inst/x_pos[3]_i_11/O
                         net (fo=1, routed)           0.000     6.920    mouse_ctrl_inst/x_pos[3]_i_11_n_0
    SLICE_X13Y31         CARRY4 (Prop_carry4_S[0]_CO[3])
                                                      0.532     7.452 r  mouse_ctrl_inst/x_pos_reg[3]_i_3/CO[3]
                         net (fo=1, routed)           0.000     7.452    mouse_ctrl_inst/x_pos_reg[3]_i_3_n_0
    SLICE_X13Y32         CARRY4 (Prop_carry4_CI_CO[3])
                                                      0.114     7.566 r  mouse_ctrl_inst/x_pos_reg[7]_i_3/CO[3]
                         net (fo=1, routed)           0.000     7.566    mouse_ctrl_inst/x_pos_reg[7]_i_3_n_0
    SLICE_X13Y33         CARRY4 (Prop_carry4_CI_O[3])
                                                      0.313     7.879 f  mouse_ctrl_inst/x_pos_reg[11]_i_3/O[3]
                         net (fo=3, routed)           0.665     8.544    mouse_ctrl_inst/plusOp6[11]
    SLICE_X14Y33         LUT2 (Prop_lut2_I1_O)        0.306     8.850 r  mouse_ctrl_inst/x_pos[11]_i_7/O
                         net (fo=1, routed)           0.000     8.850    mouse_ctrl_inst/x_pos[11]_i_7_n_0
    SLICE_X14Y33         CARRY4 (Prop_carry4_S[1]_CO[1])
                                                      0.492     9.342 r  mouse_ctrl_inst/x_pos_reg[11]_i_2/CO[1]
                         net (fo=12, routed)          0.698    10.041    mouse_ctrl_inst/gtOp
    SLICE_X15Y32         LUT6 (Prop_lut6_I4_O)        0.332    10.373 r  mouse_ctrl_inst/x_pos[4]_i_1/O
                         net (fo=1, routed)           0.000    10.373    mouse_ctrl_inst/x_pos[4]_i_1_n_0
    SLICE_X15Y32         FDRE                                         r  mouse_ctrl_inst/x_pos_reg[4]/D
  -------------------------------------------------------------------    -------------------

                         (clock sys_clk_pin rise edge)
                                                     10.000    10.000 r  
    W5                                                0.000    10.000 r  CLK100MHZ (IN)
                         net (fo=0)                   0.000    10.000    CLK100MHZ
    W5                   IBUF (Prop_ibuf_I_O)         1.388    11.388 r  CLK100MHZ_IBUF_inst/O
                         net (fo=1, routed)           1.862    13.250    CLK100MHZ_IBUF
    BUFGCTRL_X0Y0        BUFG (Prop_bufg_I_O)         0.091    13.341 r  CLK100MHZ_IBUF_BUFG_inst/O
                         net (fo=1064, routed)        1.442    14.783    mouse_ctrl_inst/CLK100MHZ_IBUF_BUFG
    SLICE_X15Y32         FDRE                                         r  mouse_ctrl_inst/x_pos_reg[4]/C
                         clock pessimism              0.274    15.057    
                         clock uncertainty           -0.035    15.022    
    SLICE_X15Y32         FDRE (Setup_fdre_C_D)        0.029    15.051    mouse_ctrl_inst/x_pos_reg[4]
  -------------------------------------------------------------------
                         required time                         15.051    
                         arrival time                         -10.373    
  -------------------------------------------------------------------
                         slack                                  4.678    

Slack (MET) :             4.758ns  (required time - arrival time)
  Source:                 mouse_ctrl_inst/y_overflow_reg/C
                            (rising edge-triggered cell FDCE clocked by sys_clk_pin  {rise@0.000ns fall@5.000ns period=10.000ns})
  Destination:            mouse_ctrl_inst/y_pos_reg[5]/D
                            (rising edge-triggered cell FDRE clocked by sys_clk_pin  {rise@0.000ns fall@5.000ns period=10.000ns})
  Path Group:             sys_clk_pin
  Path Type:              Setup (Max at Slow Process Corner)
  Requirement:            10.000ns  (sys_clk_pin rise@10.000ns - sys_clk_pin rise@0.000ns)
  Data Path Delay:        5.248ns  (logic 2.706ns (51.565%)  route 2.542ns (48.435%))
  Logic Levels:           7  (CARRY4=4 LUT3=1 LUT4=1 LUT6=1)
  Clock Path Skew:        -0.040ns (DCD - SCD + CPR)
    Destination Clock Delay (DCD):    4.785ns = ( 14.785 - 10.000 ) 
    Source Clock Delay      (SCD):    5.085ns
    Clock Pessimism Removal (CPR):    0.260ns
  Clock Uncertainty:      0.035ns  ((TSJ^2 + TIJ^2)^1/2 + DJ) / 2 + PE
    Total System Jitter     (TSJ):    0.071ns
    Total Input Jitter      (TIJ):    0.000ns
    Discrete Jitter          (DJ):    0.000ns
    Phase Error              (PE):    0.000ns

    Location             Delay type                Incr(ns)  Path(ns)    Netlist Resource(s)
  -------------------------------------------------------------------    -------------------
                         (clock sys_clk_pin rise edge)
                                                      0.000     0.000 r  
    W5                                                0.000     0.000 r  CLK100MHZ (IN)
                         net (fo=0)                   0.000     0.000    CLK100MHZ
    W5                   IBUF (Prop_ibuf_I_O)         1.458     1.458 r  CLK100MHZ_IBUF_inst/O
                         net (fo=1, routed)           1.967     3.425    CLK100MHZ_IBUF
    BUFGCTRL_X0Y0        BUFG (Prop_bufg_I_O)         0.096     3.521 r  CLK100MHZ_IBUF_BUFG_inst/O
                         net (fo=1064, routed)        1.564     5.085    mouse_ctrl_inst/CLK100MHZ_IBUF_BUFG
    SLICE_X12Y35         FDCE                                         r  mouse_ctrl_inst/y_overflow_reg/C
  -------------------------------------------------------------------    -------------------
    SLICE_X12Y35         FDCE (Prop_fdce_C_Q)         0.478     5.563 r  mouse_ctrl_inst/y_overflow_reg/Q
                         net (fo=18, routed)          0.875     6.438    mouse_ctrl_inst/y_overflow_reg_n_0
    SLICE_X10Y34         LUT3 (Prop_lut3_I1_O)        0.298     6.736 r  mouse_ctrl_inst/y_pos[3]_i_11/O
                         net (fo=1, routed)           0.000     6.736    mouse_ctrl_inst/y_pos[3]_i_11_n_0
    SLICE_X10Y34         CARRY4 (Prop_carry4_S[0]_CO[3])
                                                      0.513     7.249 r  mouse_ctrl_inst/y_pos_reg[3]_i_3/CO[3]
                         net (fo=1, routed)           0.000     7.249    mouse_ctrl_inst/y_pos_reg[3]_i_3_n_0
    SLICE_X10Y35         CARRY4 (Prop_carry4_CI_CO[3])
                                                      0.117     7.366 r  mouse_ctrl_inst/y_pos_reg[7]_i_3/CO[3]
                         net (fo=1, routed)           0.000     7.366    mouse_ctrl_inst/y_pos_reg[7]_i_3_n_0
    SLICE_X10Y36         CARRY4 (Prop_carry4_CI_O[0])
                                                      0.219     7.585 r  mouse_ctrl_inst/y_pos_reg[11]_i_3/O[0]
                         net (fo=3, routed)           0.843     8.428    mouse_ctrl_inst/plusOp10[8]
    SLICE_X9Y35          LUT4 (Prop_lut4_I0_O)        0.295     8.723 r  mouse_ctrl_inst/y_pos[11]_i_8/O
                         net (fo=1, routed)           0.000     8.723    mouse_ctrl_inst/y_pos[11]_i_8_n_0
    SLICE_X9Y35          CARRY4 (Prop_carry4_S[0]_CO[1])
                                                      0.457     9.180 r  mouse_ctrl_inst/y_pos_reg[11]_i_2/CO[1]
                         net (fo=12, routed)          0.824    10.004    mouse_ctrl_inst/y_pos_reg[11]_i_2_n_2
    SLICE_X10Y33         LUT6 (Prop_lut6_I4_O)        0.329    10.333 r  mouse_ctrl_inst/y_pos[5]_i_1/O
                         net (fo=1, routed)           0.000    10.333    mouse_ctrl_inst/y_pos[5]_i_1_n_0
    SLICE_X10Y33         FDRE                                         r  mouse_ctrl_inst/y_pos_reg[5]/D
  -------------------------------------------------------------------    -------------------

                         (clock sys_clk_pin rise edge)
                                                     10.000    10.000 r  
    W5                                                0.000    10.000 r  CLK100MHZ (IN)
                         net (fo=0)                   0.000    10.000    CLK100MHZ
    W5                   IBUF (Prop_ibuf_I_O)         1.388    11.388 r  CLK100MHZ_IBUF_inst/O
                         net (fo=1, routed)           1.862    13.250    CLK100MHZ_IBUF
    BUFGCTRL_X0Y0        BUFG (Prop_bufg_I_O)         0.091    13.341 r  CLK100MHZ_IBUF_BUFG_inst/O
                         net (fo=1064, routed)        1.444    14.785    mouse_ctrl_inst/CLK100MHZ_IBUF_BUFG
    SLICE_X10Y33         FDRE                                         r  mouse_ctrl_inst/y_pos_reg[5]/C
                         clock pessimism              0.260    15.045    
                         clock uncertainty           -0.035    15.010    
    SLICE_X10Y33         FDRE (Setup_fdre_C_D)        0.081    15.091    mouse_ctrl_inst/y_pos_reg[5]
  -------------------------------------------------------------------
                         required time                         15.091    
                         arrival time                         -10.333    
  -------------------------------------------------------------------
                         slack                                  4.758    

Slack (MET) :             4.781ns  (required time - arrival time)
  Source:                 interaction_ctrl_inst/frame_capture_inst/snapshot_mouse_y_reg[6]/C
                            (rising edge-triggered cell FDRE clocked by sys_clk_pin  {rise@0.000ns fall@5.000ns period=10.000ns})
  Destination:            interaction_ctrl_inst/cmd_payload_reg[48]/D
                            (rising edge-triggered cell FDRE clocked by sys_clk_pin  {rise@0.000ns fall@5.000ns period=10.000ns})
  Path Group:             sys_clk_pin
  Path Type:              Setup (Max at Slow Process Corner)
  Requirement:            10.000ns  (sys_clk_pin rise@10.000ns - sys_clk_pin rise@0.000ns)
  Data Path Delay:        5.174ns  (logic 2.673ns (51.659%)  route 2.501ns (48.341%))
  Logic Levels:           7  (CARRY4=4 LUT1=1 LUT2=1 LUT3=1)
  Clock Path Skew:        -0.038ns (DCD - SCD + CPR)
    Destination Clock Delay (DCD):    4.780ns = ( 14.780 - 10.000 ) 
    Source Clock Delay      (SCD):    5.078ns
    Clock Pessimism Removal (CPR):    0.260ns
  Clock Uncertainty:      0.035ns  ((TSJ^2 + TIJ^2)^1/2 + DJ) / 2 + PE
    Total System Jitter     (TSJ):    0.071ns
    Total Input Jitter      (TIJ):    0.000ns
    Discrete Jitter          (DJ):    0.000ns
    Phase Error              (PE):    0.000ns

    Location             Delay type                Incr(ns)  Path(ns)    Netlist Resource(s)
  -------------------------------------------------------------------    -------------------
                         (clock sys_clk_pin rise edge)
                                                      0.000     0.000 r  
    W5                                                0.000     0.000 r  CLK100MHZ (IN)
                         net (fo=0)                   0.000     0.000    CLK100MHZ
    W5                   IBUF (Prop_ibuf_I_O)         1.458     1.458 r  CLK100MHZ_IBUF_inst/O
                         net (fo=1, routed)           1.967     3.425    CLK100MHZ_IBUF
    BUFGCTRL_X0Y0        BUFG (Prop_bufg_I_O)         0.096     3.521 r  CLK100MHZ_IBUF_BUFG_inst/O
                         net (fo=1064, routed)        1.557     5.078    interaction_ctrl_inst/frame_capture_inst/CLK100MHZ_IBUF_BUFG
    SLICE_X15Y30         FDRE                                         r  interaction_ctrl_inst/frame_capture_inst/snapshot_mouse_y_reg[6]/C
  -------------------------------------------------------------------    -------------------
    SLICE_X15Y30         FDRE (Prop_fdre_C_Q)         0.456     5.534 f  interaction_ctrl_inst/frame_capture_inst/snapshot_mouse_y_reg[6]/Q
                         net (fo=3, routed)           0.738     6.273    interaction_ctrl_inst/frame_capture_inst/snapshot_mouse_y[6]
    SLICE_X15Y27         LUT1 (Prop_lut1_I0_O)        0.124     6.397 r  interaction_ctrl_inst/frame_capture_inst/cmd_payload[48]_i_16/O
                         net (fo=1, routed)           0.000     6.397    interaction_ctrl_inst/frame_capture_inst/cmd_payload[48]_i_16_n_0
    SLICE_X15Y27         CARRY4 (Prop_carry4_S[1]_CO[3])
                                                      0.550     6.947 r  interaction_ctrl_inst/frame_capture_inst/cmd_payload_reg[48]_i_5/CO[3]
                         net (fo=1, routed)           0.000     6.947    interaction_ctrl_inst/frame_capture_inst/cmd_payload_reg[48]_i_5_n_0
    SLICE_X15Y28         CARRY4 (Prop_carry4_CI_O[0])
                                                      0.222     7.169 r  interaction_ctrl_inst/frame_capture_inst/cmd_payload_reg[48]_i_4/O[0]
                         net (fo=2, routed)           0.824     7.992    interaction_ctrl_inst/frame_capture_inst/cmd_payload_reg[48]_i_4_n_7
    SLICE_X14Y27         LUT2 (Prop_lut2_I0_O)        0.299     8.291 r  interaction_ctrl_inst/frame_capture_inst/cmd_payload[48]_i_8/O
                         net (fo=1, routed)           0.000     8.291    interaction_ctrl_inst/frame_capture_inst/cmd_payload[48]_i_8_n_0
    SLICE_X14Y27         CARRY4 (Prop_carry4_S[1]_CO[3])
                                                      0.533     8.824 r  interaction_ctrl_inst/frame_capture_inst/cmd_payload_reg[48]_i_2/CO[3]
                         net (fo=1, routed)           0.000     8.824    interaction_ctrl_inst/frame_capture_inst/cmd_payload_reg[48]_i_2_n_0
    SLICE_X14Y28         CARRY4 (Prop_carry4_CI_CO[1])
                                                      0.157     8.981 r  interaction_ctrl_inst/frame_capture_inst/cmd_payload_reg[48]_i_3/CO[1]
                         net (fo=5, routed)           0.939     9.921    toolbar_ctrl_inst/snapshot_mouse_y_reg[11][0]
    SLICE_X13Y19         LUT3 (Prop_lut3_I2_O)        0.332    10.253 r  toolbar_ctrl_inst/cmd_payload[48]_i_1/O
                         net (fo=1, routed)           0.000    10.253    interaction_ctrl_inst/D[14]
    SLICE_X13Y19         FDRE                                         r  interaction_ctrl_inst/cmd_payload_reg[48]/D
  -------------------------------------------------------------------    -------------------

                         (clock sys_clk_pin rise edge)
                                                     10.000    10.000 r  
    W5                                                0.000    10.000 r  CLK100MHZ (IN)
                         net (fo=0)                   0.000    10.000    CLK100MHZ
    W5                   IBUF (Prop_ibuf_I_O)         1.388    11.388 r  CLK100MHZ_IBUF_inst/O
                         net (fo=1, routed)           1.862    13.250    CLK100MHZ_IBUF
    BUFGCTRL_X0Y0        BUFG (Prop_bufg_I_O)         0.091    13.341 r  CLK100MHZ_IBUF_BUFG_inst/O
                         net (fo=1064, routed)        1.439    14.780    interaction_ctrl_inst/CLK100MHZ_IBUF_BUFG
    SLICE_X13Y19         FDRE                                         r  interaction_ctrl_inst/cmd_payload_reg[48]/C
                         clock pessimism              0.260    15.040    
                         clock uncertainty           -0.035    15.005    
    SLICE_X13Y19         FDRE (Setup_fdre_C_D)        0.029    15.034    interaction_ctrl_inst/cmd_payload_reg[48]
  -------------------------------------------------------------------
                         required time                         15.034    
                         arrival time                         -10.253    
  -------------------------------------------------------------------
                         slack                                  4.781    

Slack (MET) :             4.782ns  (required time - arrival time)
  Source:                 mouse_ctrl_inst/x_overflow_reg/C
                            (rising edge-triggered cell FDCE clocked by sys_clk_pin  {rise@0.000ns fall@5.000ns period=10.000ns})
  Destination:            mouse_ctrl_inst/x_pos_reg[2]/D
                            (rising edge-triggered cell FDRE clocked by sys_clk_pin  {rise@0.000ns fall@5.000ns period=10.000ns})
  Path Group:             sys_clk_pin
  Path Type:              Setup (Max at Slow Process Corner)
  Requirement:            10.000ns  (sys_clk_pin rise@10.000ns - sys_clk_pin rise@0.000ns)
  Data Path Delay:        5.234ns  (logic 2.731ns (52.179%)  route 2.503ns (47.821%))
  Logic Levels:           7  (CARRY4=4 LUT2=1 LUT3=1 LUT6=1)
  Clock Path Skew:        -0.030ns (DCD - SCD + CPR)
    Destination Clock Delay (DCD):    4.781ns = ( 14.781 - 10.000 ) 
    Source Clock Delay      (SCD):    5.085ns
    Clock Pessimism Removal (CPR):    0.274ns
  Clock Uncertainty:      0.035ns  ((TSJ^2 + TIJ^2)^1/2 + DJ) / 2 + PE
    Total System Jitter     (TSJ):    0.071ns
    Total Input Jitter      (TIJ):    0.000ns
    Discrete Jitter          (DJ):    0.000ns
    Phase Error              (PE):    0.000ns

    Location             Delay type                Incr(ns)  Path(ns)    Netlist Resource(s)
  -------------------------------------------------------------------    -------------------
                         (clock sys_clk_pin rise edge)
                                                      0.000     0.000 r  
    W5                                                0.000     0.000 r  CLK100MHZ (IN)
                         net (fo=0)                   0.000     0.000    CLK100MHZ
    W5                   IBUF (Prop_ibuf_I_O)         1.458     1.458 r  CLK100MHZ_IBUF_inst/O
                         net (fo=1, routed)           1.967     3.425    CLK100MHZ_IBUF
    BUFGCTRL_X0Y0        BUFG (Prop_bufg_I_O)         0.096     3.521 r  CLK100MHZ_IBUF_BUFG_inst/O
                         net (fo=1064, routed)        1.564     5.085    mouse_ctrl_inst/CLK100MHZ_IBUF_BUFG
    SLICE_X12Y35         FDCE                                         r  mouse_ctrl_inst/x_overflow_reg/C
  -------------------------------------------------------------------    -------------------
    SLICE_X12Y35         FDCE (Prop_fdce_C_Q)         0.518     5.603 r  mouse_ctrl_inst/x_overflow_reg/Q
                         net (fo=19, routed)          1.193     6.796    mouse_ctrl_inst/x_overflow_reg_n_0
    SLICE_X13Y31         LUT3 (Prop_lut3_I1_O)        0.124     6.920 r  mouse_ctrl_inst/x_pos[3]_i_11/O
                         net (fo=1, routed)           0.000     6.920    mouse_ctrl_inst/x_pos[3]_i_11_n_0
    SLICE_X13Y31         CARRY4 (Prop_carry4_S[0]_CO[3])
                                                      0.532     7.452 r  mouse_ctrl_inst/x_pos_reg[3]_i_3/CO[3]
                         net (fo=1, routed)           0.000     7.452    mouse_ctrl_inst/x_pos_reg[3]_i_3_n_0
    SLICE_X13Y32         CARRY4 (Prop_carry4_CI_CO[3])
                                                      0.114     7.566 r  mouse_ctrl_inst/x_pos_reg[7]_i_3/CO[3]
                         net (fo=1, routed)           0.000     7.566    mouse_ctrl_inst/x_pos_reg[7]_i_3_n_0
    SLICE_X13Y33         CARRY4 (Prop_carry4_CI_O[3])
                                                      0.313     7.879 f  mouse_ctrl_inst/x_pos_reg[11]_i_3/O[3]
                         net (fo=3, routed)           0.665     8.544    mouse_ctrl_inst/plusOp6[11]
    SLICE_X14Y33         LUT2 (Prop_lut2_I1_O)        0.306     8.850 r  mouse_ctrl_inst/x_pos[11]_i_7/O
                         net (fo=1, routed)           0.000     8.850    mouse_ctrl_inst/x_pos[11]_i_7_n_0
    SLICE_X14Y33         CARRY4 (Prop_carry4_S[1]_CO[1])
                                                      0.492     9.342 r  mouse_ctrl_inst/x_pos_reg[11]_i_2/CO[1]
                         net (fo=12, routed)          0.645     9.987    mouse_ctrl_inst/gtOp
    SLICE_X14Y31         LUT6 (Prop_lut6_I4_O)        0.332    10.319 r  mouse_ctrl_inst/x_pos[2]_i_1/O
                         net (fo=1, routed)           0.000    10.319    mouse_ctrl_inst/x_pos[2]_i_1_n_0
    SLICE_X14Y31         FDRE                                         r  mouse_ctrl_inst/x_pos_reg[2]/D
  -------------------------------------------------------------------    -------------------

                         (clock sys_clk_pin rise edge)
                                                     10.000    10.000 r  
    W5                                                0.000    10.000 r  CLK100MHZ (IN)
                         net (fo=0)                   0.000    10.000    CLK100MHZ
    W5                   IBUF (Prop_ibuf_I_O)         1.388    11.388 r  CLK100MHZ_IBUF_inst/O
                         net (fo=1, routed)           1.862    13.250    CLK100MHZ_IBUF
    BUFGCTRL_X0Y0        BUFG (Prop_bufg_I_O)         0.091    13.341 r  CLK100MHZ_IBUF_BUFG_inst/O
                         net (fo=1064, routed)        1.440    14.781    mouse_ctrl_inst/CLK100MHZ_IBUF_BUFG
    SLICE_X14Y31         FDRE                                         r  mouse_ctrl_inst/x_pos_reg[2]/C
                         clock pessimism              0.274    15.055    
                         clock uncertainty           -0.035    15.020    
    SLICE_X14Y31         FDRE (Setup_fdre_C_D)        0.081    15.101    mouse_ctrl_inst/x_pos_reg[2]
  -------------------------------------------------------------------
                         required time                         15.101    
                         arrival time                         -10.319    
  -------------------------------------------------------------------
                         slack                                  4.782    

Slack (MET) :             4.805ns  (required time - arrival time)
  Source:                 interaction_ctrl_inst/frame_capture_inst/snapshot_mouse_y_reg[6]/C
                            (rising edge-triggered cell FDRE clocked by sys_clk_pin  {rise@0.000ns fall@5.000ns period=10.000ns})
  Destination:            interaction_ctrl_inst/cmd_payload_reg[45]/D
                            (rising edge-triggered cell FDRE clocked by sys_clk_pin  {rise@0.000ns fall@5.000ns period=10.000ns})
  Path Group:             sys_clk_pin
  Path Type:              Setup (Max at Slow Process Corner)
  Requirement:            10.000ns  (sys_clk_pin rise@10.000ns - sys_clk_pin rise@0.000ns)
  Data Path Delay:        5.202ns  (logic 2.673ns (51.382%)  route 2.529ns (48.618%))
  Logic Levels:           7  (CARRY4=4 LUT1=1 LUT2=1 LUT3=1)
  Clock Path Skew:        -0.038ns (DCD - SCD + CPR)
    Destination Clock Delay (DCD):    4.780ns = ( 14.780 - 10.000 ) 
    Source Clock Delay      (SCD):    5.078ns
    Clock Pessimism Removal (CPR):    0.260ns
  Clock Uncertainty:      0.035ns  ((TSJ^2 + TIJ^2)^1/2 + DJ) / 2 + PE
    Total System Jitter     (TSJ):    0.071ns
    Total Input Jitter      (TIJ):    0.000ns
    Discrete Jitter          (DJ):    0.000ns
    Phase Error              (PE):    0.000ns

    Location             Delay type                Incr(ns)  Path(ns)    Netlist Resource(s)
  -------------------------------------------------------------------    -------------------
                         (clock sys_clk_pin rise edge)
                                                      0.000     0.000 r  
    W5                                                0.000     0.000 r  CLK100MHZ (IN)
                         net (fo=0)                   0.000     0.000    CLK100MHZ
    W5                   IBUF (Prop_ibuf_I_O)         1.458     1.458 r  CLK100MHZ_IBUF_inst/O
                         net (fo=1, routed)           1.967     3.425    CLK100MHZ_IBUF
    BUFGCTRL_X0Y0        BUFG (Prop_bufg_I_O)         0.096     3.521 r  CLK100MHZ_IBUF_BUFG_inst/O
                         net (fo=1064, routed)        1.557     5.078    interaction_ctrl_inst/frame_capture_inst/CLK100MHZ_IBUF_BUFG
    SLICE_X15Y30         FDRE                                         r  interaction_ctrl_inst/frame_capture_inst/snapshot_mouse_y_reg[6]/C
  -------------------------------------------------------------------    -------------------
    SLICE_X15Y30         FDRE (Prop_fdre_C_Q)         0.456     5.534 f  interaction_ctrl_inst/frame_capture_inst/snapshot_mouse_y_reg[6]/Q
                         net (fo=3, routed)           0.738     6.273    interaction_ctrl_inst/frame_capture_inst/snapshot_mouse_y[6]
    SLICE_X15Y27         LUT1 (Prop_lut1_I0_O)        0.124     6.397 r  interaction_ctrl_inst/frame_capture_inst/cmd_payload[48]_i_16/O
                         net (fo=1, routed)           0.000     6.397    interaction_ctrl_inst/frame_capture_inst/cmd_payload[48]_i_16_n_0
    SLICE_X15Y27         CARRY4 (Prop_carry4_S[1]_CO[3])
                                                      0.550     6.947 r  interaction_ctrl_inst/frame_capture_inst/cmd_payload_reg[48]_i_5/CO[3]
                         net (fo=1, routed)           0.000     6.947    interaction_ctrl_inst/frame_capture_inst/cmd_payload_reg[48]_i_5_n_0
    SLICE_X15Y28         CARRY4 (Prop_carry4_CI_O[0])
                                                      0.222     7.169 r  interaction_ctrl_inst/frame_capture_inst/cmd_payload_reg[48]_i_4/O[0]
                         net (fo=2, routed)           0.824     7.992    interaction_ctrl_inst/frame_capture_inst/cmd_payload_reg[48]_i_4_n_7
    SLICE_X14Y27         LUT2 (Prop_lut2_I0_O)        0.299     8.291 r  interaction_ctrl_inst/frame_capture_inst/cmd_payload[48]_i_8/O
                         net (fo=1, routed)           0.000     8.291    interaction_ctrl_inst/frame_capture_inst/cmd_payload[48]_i_8_n_0
    SLICE_X14Y27         CARRY4 (Prop_carry4_S[1]_CO[3])
                                                      0.533     8.824 r  interaction_ctrl_inst/frame_capture_inst/cmd_payload_reg[48]_i_2/CO[3]
                         net (fo=1, routed)           0.000     8.824    interaction_ctrl_inst/frame_capture_inst/cmd_payload_reg[48]_i_2_n_0
    SLICE_X14Y28         CARRY4 (Prop_carry4_CI_CO[1])
                                                      0.157     8.981 r  interaction_ctrl_inst/frame_capture_inst/cmd_payload_reg[48]_i_3/CO[1]
                         net (fo=5, routed)           0.967     9.948    toolbar_ctrl_inst/snapshot_mouse_y_reg[11][0]
    SLICE_X14Y19         LUT3 (Prop_lut3_I2_O)        0.332    10.280 r  toolbar_ctrl_inst/cmd_payload[45]_i_1/O
                         net (fo=1, routed)           0.000    10.280    interaction_ctrl_inst/D[11]
    SLICE_X14Y19         FDRE                                         r  interaction_ctrl_inst/cmd_payload_reg[45]/D
  -------------------------------------------------------------------    -------------------

                         (clock sys_clk_pin rise edge)
                                                     10.000    10.000 r  
    W5                                                0.000    10.000 r  CLK100MHZ (IN)
                         net (fo=0)                   0.000    10.000    CLK100MHZ
    W5                   IBUF (Prop_ibuf_I_O)         1.388    11.388 r  CLK100MHZ_IBUF_inst/O
                         net (fo=1, routed)           1.862    13.250    CLK100MHZ_IBUF
    BUFGCTRL_X0Y0        BUFG (Prop_bufg_I_O)         0.091    13.341 r  CLK100MHZ_IBUF_BUFG_inst/O
                         net (fo=1064, routed)        1.439    14.780    interaction_ctrl_inst/CLK100MHZ_IBUF_BUFG
    SLICE_X14Y19         FDRE                                         r  interaction_ctrl_inst/cmd_payload_reg[45]/C
                         clock pessimism              0.260    15.040    
                         clock uncertainty           -0.035    15.005    
    SLICE_X14Y19         FDRE (Setup_fdre_C_D)        0.081    15.086    interaction_ctrl_inst/cmd_payload_reg[45]
  -------------------------------------------------------------------
                         required time                         15.086    
                         arrival time                         -10.280    
  -------------------------------------------------------------------
                         slack                                  4.805    

Slack (MET) :             4.811ns  (required time - arrival time)
  Source:                 mouse_ctrl_inst/x_overflow_reg/C
                            (rising edge-triggered cell FDCE clocked by sys_clk_pin  {rise@0.000ns fall@5.000ns period=10.000ns})
  Destination:            mouse_ctrl_inst/x_pos_reg[1]/D
                            (rising edge-triggered cell FDRE clocked by sys_clk_pin  {rise@0.000ns fall@5.000ns period=10.000ns})
  Path Group:             sys_clk_pin
  Path Type:              Setup (Max at Slow Process Corner)
  Requirement:            10.000ns  (sys_clk_pin rise@10.000ns - sys_clk_pin rise@0.000ns)
  Data Path Delay:        5.201ns  (logic 2.731ns (52.511%)  route 2.470ns (47.489%))
  Logic Levels:           7  (CARRY4=4 LUT2=1 LUT3=1 LUT6=1)
  Clock Path Skew:        -0.030ns (DCD - SCD + CPR)
    Destination Clock Delay (DCD):    4.781ns = ( 14.781 - 10.000 ) 
    Source Clock Delay      (SCD):    5.085ns
    Clock Pessimism Removal (CPR):    0.274ns
  Clock Uncertainty:      0.035ns  ((TSJ^2 + TIJ^2)^1/2 + DJ) / 2 + PE
    Total System Jitter     (TSJ):    0.071ns
    Total Input Jitter      (TIJ):    0.000ns
    Discrete Jitter          (DJ):    0.000ns
    Phase Error              (PE):    0.000ns

    Location             Delay type                Incr(ns)  Path(ns)    Netlist Resource(s)
  -------------------------------------------------------------------    -------------------
                         (clock sys_clk_pin rise edge)
                                                      0.000     0.000 r  
    W5                                                0.000     0.000 r  CLK100MHZ (IN)
                         net (fo=0)                   0.000     0.000    CLK100MHZ
    W5                   IBUF (Prop_ibuf_I_O)         1.458     1.458 r  CLK100MHZ_IBUF_inst/O
                         net (fo=1, routed)           1.967     3.425    CLK100MHZ_IBUF
    BUFGCTRL_X0Y0        BUFG (Prop_bufg_I_O)         0.096     3.521 r  CLK100MHZ_IBUF_BUFG_inst/O
                         net (fo=1064, routed)        1.564     5.085    mouse_ctrl_inst/CLK100MHZ_IBUF_BUFG
    SLICE_X12Y35         FDCE                                         r  mouse_ctrl_inst/x_overflow_reg/C
  -------------------------------------------------------------------    -------------------
    SLICE_X12Y35         FDCE (Prop_fdce_C_Q)         0.518     5.603 r  mouse_ctrl_inst/x_overflow_reg/Q
                         net (fo=19, routed)          1.193     6.796    mouse_ctrl_inst/x_overflow_reg_n_0
    SLICE_X13Y31         LUT3 (Prop_lut3_I1_O)        0.124     6.920 r  mouse_ctrl_inst/x_pos[3]_i_11/O
                         net (fo=1, routed)           0.000     6.920    mouse_ctrl_inst/x_pos[3]_i_11_n_0
    SLICE_X13Y31         CARRY4 (Prop_carry4_S[0]_CO[3])
                                                      0.532     7.452 r  mouse_ctrl_inst/x_pos_reg[3]_i_3/CO[3]
                         net (fo=1, routed)           0.000     7.452    mouse_ctrl_inst/x_pos_reg[3]_i_3_n_0
    SLICE_X13Y32         CARRY4 (Prop_carry4_CI_CO[3])
                                                      0.114     7.566 r  mouse_ctrl_inst/x_pos_reg[7]_i_3/CO[3]
                         net (fo=1, routed)           0.000     7.566    mouse_ctrl_inst/x_pos_reg[7]_i_3_n_0
    SLICE_X13Y33         CARRY4 (Prop_carry4_CI_O[3])
                                                      0.313     7.879 f  mouse_ctrl_inst/x_pos_reg[11]_i_3/O[3]
                         net (fo=3, routed)           0.665     8.544    mouse_ctrl_inst/plusOp6[11]
    SLICE_X14Y33         LUT2 (Prop_lut2_I1_O)        0.306     8.850 r  mouse_ctrl_inst/x_pos[11]_i_7/O
                         net (fo=1, routed)           0.000     8.850    mouse_ctrl_inst/x_pos[11]_i_7_n_0
    SLICE_X14Y33         CARRY4 (Prop_carry4_S[1]_CO[1])
                                                      0.492     9.342 r  mouse_ctrl_inst/x_pos_reg[11]_i_2/CO[1]
                         net (fo=12, routed)          0.612     9.954    mouse_ctrl_inst/gtOp
    SLICE_X14Y31         LUT6 (Prop_lut6_I4_O)        0.332    10.286 r  mouse_ctrl_inst/x_pos[1]_i_1/O
                         net (fo=1, routed)           0.000    10.286    mouse_ctrl_inst/x_pos[1]_i_1_n_0
    SLICE_X14Y31         FDRE                                         r  mouse_ctrl_inst/x_pos_reg[1]/D
  -------------------------------------------------------------------    -------------------

                         (clock sys_clk_pin rise edge)
                                                     10.000    10.000 r  
    W5                                                0.000    10.000 r  CLK100MHZ (IN)
                         net (fo=0)                   0.000    10.000    CLK100MHZ
    W5                   IBUF (Prop_ibuf_I_O)         1.388    11.388 r  CLK100MHZ_IBUF_inst/O
                         net (fo=1, routed)           1.862    13.250    CLK100MHZ_IBUF
    BUFGCTRL_X0Y0        BUFG (Prop_bufg_I_O)         0.091    13.341 r  CLK100MHZ_IBUF_BUFG_inst/O
                         net (fo=1064, routed)        1.440    14.781    mouse_ctrl_inst/CLK100MHZ_IBUF_BUFG
    SLICE_X14Y31         FDRE                                         r  mouse_ctrl_inst/x_pos_reg[1]/C
                         clock pessimism              0.274    15.055    
                         clock uncertainty           -0.035    15.020    
    SLICE_X14Y31         FDRE (Setup_fdre_C_D)        0.077    15.097    mouse_ctrl_inst/x_pos_reg[1]
  -------------------------------------------------------------------
                         required time                         15.097    
                         arrival time                         -10.286    
  -------------------------------------------------------------------
                         slack                                  4.811    





Min Delay Paths
--------------------------------------------------------------------------------------
Slack (MET) :             0.032ns  (arrival time - required time)
  Source:                 cell_ram_a_sys_d_in_reg[4]/C
                            (rising edge-triggered cell FDRE clocked by sys_clk_pin  {rise@0.000ns fall@5.000ns period=10.000ns})
  Destination:            cell_ram_a_inst/mem_reg_1/DIADI[4]
                            (rising edge-triggered cell RAMB18E1 clocked by sys_clk_pin  {rise@0.000ns fall@5.000ns period=10.000ns})
  Path Group:             sys_clk_pin
  Path Type:              Hold (Min at Fast Process Corner)
  Requirement:            0.000ns  (sys_clk_pin rise@0.000ns - sys_clk_pin rise@0.000ns)
  Data Path Delay:        0.333ns  (logic 0.148ns (44.390%)  route 0.185ns (55.610%))
  Logic Levels:           0  
  Clock Path Skew:        0.058ns (DCD - SCD - CPR)
    Destination Clock Delay (DCD):    2.005ns
    Source Clock Delay      (SCD):    1.448ns
    Clock Pessimism Removal (CPR):    0.498ns

    Location             Delay type                Incr(ns)  Path(ns)    Netlist Resource(s)
  -------------------------------------------------------------------    -------------------
                         (clock sys_clk_pin rise edge)
                                                      0.000     0.000 r  
    W5                                                0.000     0.000 r  CLK100MHZ (IN)
                         net (fo=0)                   0.000     0.000    CLK100MHZ
    W5                   IBUF (Prop_ibuf_I_O)         0.226     0.226 r  CLK100MHZ_IBUF_inst/O
                         net (fo=1, routed)           0.631     0.858    CLK100MHZ_IBUF
    BUFGCTRL_X0Y0        BUFG (Prop_bufg_I_O)         0.026     0.884 r  CLK100MHZ_IBUF_BUFG_inst/O
                         net (fo=1064, routed)        0.565     1.448    CLK100MHZ_IBUF_BUFG
    SLICE_X8Y7           FDRE                                         r  cell_ram_a_sys_d_in_reg[4]/C
  -------------------------------------------------------------------    -------------------
    SLICE_X8Y7           FDRE (Prop_fdre_C_Q)         0.148     1.596 r  cell_ram_a_sys_d_in_reg[4]/Q
                         net (fo=2, routed)           0.185     1.782    cell_ram_a_inst/cell_ram_a_sys_d_in_reg[15][4]
    RAMB18_X0Y2          RAMB18E1                                     r  cell_ram_a_inst/mem_reg_1/DIADI[4]
  -------------------------------------------------------------------    -------------------

                         (clock sys_clk_pin rise edge)
                                                      0.000     0.000 r  
    W5                                                0.000     0.000 r  CLK100MHZ (IN)
                         net (fo=0)                   0.000     0.000    CLK100MHZ
    W5                   IBUF (Prop_ibuf_I_O)         0.414     0.414 r  CLK100MHZ_IBUF_inst/O
                         net (fo=1, routed)           0.685     1.099    CLK100MHZ_IBUF
    BUFGCTRL_X0Y0        BUFG (Prop_bufg_I_O)         0.029     1.128 r  CLK100MHZ_IBUF_BUFG_inst/O
                         net (fo=1064, routed)        0.877     2.005    cell_ram_a_inst/CLK100MHZ_IBUF_BUFG
    RAMB18_X0Y2          RAMB18E1                                     r  cell_ram_a_inst/mem_reg_1/CLKARDCLK
                         clock pessimism             -0.498     1.507    
    RAMB18_X0Y2          RAMB18E1 (Hold_ramb18e1_CLKARDCLK_DIADI[4])
                                                      0.243     1.750    cell_ram_a_inst/mem_reg_1
  -------------------------------------------------------------------
                         required time                         -1.750    
                         arrival time                           1.782    
  -------------------------------------------------------------------
                         slack                                  0.032    

Slack (MET) :             0.032ns  (arrival time - required time)
  Source:                 comp_store_d_in_reg[21]/C
                            (rising edge-triggered cell FDRE clocked by sys_clk_pin  {rise@0.000ns fall@5.000ns period=10.000ns})
  Destination:            comp_store_inst/mem_reg/DIADI[21]
                            (rising edge-triggered cell RAMB36E1 clocked by sys_clk_pin  {rise@0.000ns fall@5.000ns period=10.000ns})
  Path Group:             sys_clk_pin
  Path Type:              Hold (Min at Fast Process Corner)
  Requirement:            0.000ns  (sys_clk_pin rise@0.000ns - sys_clk_pin rise@0.000ns)
  Data Path Delay:        0.248ns  (logic 0.141ns (56.898%)  route 0.107ns (43.102%))
  Logic Levels:           0  
  Clock Path Skew:        0.060ns (DCD - SCD - CPR)
    Destination Clock Delay (DCD):    2.004ns
    Source Clock Delay      (SCD):    1.445ns
    Clock Pessimism Removal (CPR):    0.498ns

    Location             Delay type                Incr(ns)  Path(ns)    Netlist Resource(s)
  -------------------------------------------------------------------    -------------------
                         (clock sys_clk_pin rise edge)
                                                      0.000     0.000 r  
    W5                                                0.000     0.000 r  CLK100MHZ (IN)
                         net (fo=0)                   0.000     0.000    CLK100MHZ
    W5                   IBUF (Prop_ibuf_I_O)         0.226     0.226 r  CLK100MHZ_IBUF_inst/O
                         net (fo=1, routed)           0.631     0.858    CLK100MHZ_IBUF
    BUFGCTRL_X0Y0        BUFG (Prop_bufg_I_O)         0.026     0.884 r  CLK100MHZ_IBUF_BUFG_inst/O
                         net (fo=1064, routed)        0.562     1.445    CLK100MHZ_IBUF_BUFG
    SLICE_X9Y13          FDRE                                         r  comp_store_d_in_reg[21]/C
  -------------------------------------------------------------------    -------------------
    SLICE_X9Y13          FDRE (Prop_fdre_C_Q)         0.141     1.586 r  comp_store_d_in_reg[21]/Q
                         net (fo=1, routed)           0.107     1.693    comp_store_inst/comp_store_d_in_reg[39][21]
    RAMB36_X0Y2          RAMB36E1                                     r  comp_store_inst/mem_reg/DIADI[21]
  -------------------------------------------------------------------    -------------------

                         (clock sys_clk_pin rise edge)
                                                      0.000     0.000 r  
    W5                                                0.000     0.000 r  CLK100MHZ (IN)
                         net (fo=0)                   0.000     0.000    CLK100MHZ
    W5                   IBUF (Prop_ibuf_I_O)         0.414     0.414 r  CLK100MHZ_IBUF_inst/O
                         net (fo=1, routed)           0.685     1.099    CLK100MHZ_IBUF
    BUFGCTRL_X0Y0        BUFG (Prop_bufg_I_O)         0.029     1.128 r  CLK100MHZ_IBUF_BUFG_inst/O
                         net (fo=1064, routed)        0.876     2.004    comp_store_inst/CLK100MHZ_IBUF_BUFG
    RAMB36_X0Y2          RAMB36E1                                     r  comp_store_inst/mem_reg/CLKBWRCLK
                         clock pessimism             -0.498     1.506    
    RAMB36_X0Y2          RAMB36E1 (Hold_ramb36e1_CLKBWRCLK_DIADI[21])
                                                      0.155     1.661    comp_store_inst/mem_reg
  -------------------------------------------------------------------
                         required time                         -1.661    
                         arrival time                           1.693    
  -------------------------------------------------------------------
                         slack                                  0.032    

Slack (MET) :             0.034ns  (arrival time - required time)
  Source:                 comp_store_d_in_reg[22]/C
                            (rising edge-triggered cell FDRE clocked by sys_clk_pin  {rise@0.000ns fall@5.000ns period=10.000ns})
  Destination:            comp_store_inst/mem_reg/DIADI[22]
                            (rising edge-triggered cell RAMB36E1 clocked by sys_clk_pin  {rise@0.000ns fall@5.000ns period=10.000ns})
  Path Group:             sys_clk_pin
  Path Type:              Hold (Min at Fast Process Corner)
  Requirement:            0.000ns  (sys_clk_pin rise@0.000ns - sys_clk_pin rise@0.000ns)
  Data Path Delay:        0.247ns  (logic 0.141ns (57.072%)  route 0.106ns (42.928%))
  Logic Levels:           0  
  Clock Path Skew:        0.058ns (DCD - SCD - CPR)
    Destination Clock Delay (DCD):    2.004ns
    Source Clock Delay      (SCD):    1.447ns
    Clock Pessimism Removal (CPR):    0.498ns

    Location             Delay type                Incr(ns)  Path(ns)    Netlist Resource(s)
  -------------------------------------------------------------------    -------------------
                         (clock sys_clk_pin rise edge)
                                                      0.000     0.000 r  
    W5                                                0.000     0.000 r  CLK100MHZ (IN)
                         net (fo=0)                   0.000     0.000    CLK100MHZ
    W5                   IBUF (Prop_ibuf_I_O)         0.226     0.226 r  CLK100MHZ_IBUF_inst/O
                         net (fo=1, routed)           0.631     0.858    CLK100MHZ_IBUF
    BUFGCTRL_X0Y0        BUFG (Prop_bufg_I_O)         0.026     0.884 r  CLK100MHZ_IBUF_BUFG_inst/O
                         net (fo=1064, routed)        0.564     1.447    CLK100MHZ_IBUF_BUFG
    SLICE_X9Y11          FDRE                                         r  comp_store_d_in_reg[22]/C
  -------------------------------------------------------------------    -------------------
    SLICE_X9Y11          FDRE (Prop_fdre_C_Q)         0.141     1.588 r  comp_store_d_in_reg[22]/Q
                         net (fo=1, routed)           0.106     1.694    comp_store_inst/comp_store_d_in_reg[39][22]
    RAMB36_X0Y2          RAMB36E1                                     r  comp_store_inst/mem_reg/DIADI[22]
  -------------------------------------------------------------------    -------------------

                         (clock sys_clk_pin rise edge)
                                                      0.000     0.000 r  
    W5                                                0.000     0.000 r  CLK100MHZ (IN)
                         net (fo=0)                   0.000     0.000    CLK100MHZ
    W5                   IBUF (Prop_ibuf_I_O)         0.414     0.414 r  CLK100MHZ_IBUF_inst/O
                         net (fo=1, routed)           0.685     1.099    CLK100MHZ_IBUF
    BUFGCTRL_X0Y0        BUFG (Prop_bufg_I_O)         0.029     1.128 r  CLK100MHZ_IBUF_BUFG_inst/O
                         net (fo=1064, routed)        0.876     2.004    comp_store_inst/CLK100MHZ_IBUF_BUFG
    RAMB36_X0Y2          RAMB36E1                                     r  comp_store_inst/mem_reg/CLKBWRCLK
                         clock pessimism             -0.498     1.506    
    RAMB36_X0Y2          RAMB36E1 (Hold_ramb36e1_CLKBWRCLK_DIADI[22])
                                                      0.155     1.661    comp_store_inst/mem_reg
  -------------------------------------------------------------------
                         required time                         -1.661    
                         arrival time                           1.694    
  -------------------------------------------------------------------
                         slack                                  0.034    

Slack (MET) :             0.034ns  (arrival time - required time)
  Source:                 cell_ram_a_sys_d_in_reg[5]/C
                            (rising edge-triggered cell FDRE clocked by sys_clk_pin  {rise@0.000ns fall@5.000ns period=10.000ns})
  Destination:            cell_ram_a_inst/mem_reg_1/DIADI[5]
                            (rising edge-triggered cell RAMB18E1 clocked by sys_clk_pin  {rise@0.000ns fall@5.000ns period=10.000ns})
  Path Group:             sys_clk_pin
  Path Type:              Hold (Min at Fast Process Corner)
  Requirement:            0.000ns  (sys_clk_pin rise@0.000ns - sys_clk_pin rise@0.000ns)
  Data Path Delay:        0.335ns  (logic 0.148ns (44.231%)  route 0.187ns (55.769%))
  Logic Levels:           0  
  Clock Path Skew:        0.058ns (DCD - SCD - CPR)
    Destination Clock Delay (DCD):    2.005ns
    Source Clock Delay      (SCD):    1.448ns
    Clock Pessimism Removal (CPR):    0.498ns

    Location             Delay type                Incr(ns)  Path(ns)    Netlist Resource(s)
  -------------------------------------------------------------------    -------------------
                         (clock sys_clk_pin rise edge)
                                                      0.000     0.000 r  
    W5                                                0.000     0.000 r  CLK100MHZ (IN)
                         net (fo=0)                   0.000     0.000    CLK100MHZ
    W5                   IBUF (Prop_ibuf_I_O)         0.226     0.226 r  CLK100MHZ_IBUF_inst/O
                         net (fo=1, routed)           0.631     0.858    CLK100MHZ_IBUF
    BUFGCTRL_X0Y0        BUFG (Prop_bufg_I_O)         0.026     0.884 r  CLK100MHZ_IBUF_BUFG_inst/O
                         net (fo=1064, routed)        0.565     1.448    CLK100MHZ_IBUF_BUFG
    SLICE_X8Y7           FDRE                                         r  cell_ram_a_sys_d_in_reg[5]/C
  -------------------------------------------------------------------    -------------------
    SLICE_X8Y7           FDRE (Prop_fdre_C_Q)         0.148     1.596 r  cell_ram_a_sys_d_in_reg[5]/Q
                         net (fo=2, routed)           0.187     1.783    cell_ram_a_inst/cell_ram_a_sys_d_in_reg[15][5]
    RAMB18_X0Y2          RAMB18E1                                     r  cell_ram_a_inst/mem_reg_1/DIADI[5]
  -------------------------------------------------------------------    -------------------

                         (clock sys_clk_pin rise edge)
                                                      0.000     0.000 r  
    W5                                                0.000     0.000 r  CLK100MHZ (IN)
                         net (fo=0)                   0.000     0.000    CLK100MHZ
    W5                   IBUF (Prop_ibuf_I_O)         0.414     0.414 r  CLK100MHZ_IBUF_inst/O
                         net (fo=1, routed)           0.685     1.099    CLK100MHZ_IBUF
    BUFGCTRL_X0Y0        BUFG (Prop_bufg_I_O)         0.029     1.128 r  CLK100MHZ_IBUF_BUFG_inst/O
                         net (fo=1064, routed)        0.877     2.005    cell_ram_a_inst/CLK100MHZ_IBUF_BUFG
    RAMB18_X0Y2          RAMB18E1                                     r  cell_ram_a_inst/mem_reg_1/CLKARDCLK
                         clock pessimism             -0.498     1.507    
    RAMB18_X0Y2          RAMB18E1 (Hold_ramb18e1_CLKARDCLK_DIADI[5])
                                                      0.242     1.749    cell_ram_a_inst/mem_reg_1
  -------------------------------------------------------------------
                         required time                         -1.749    
                         arrival time                           1.783    
  -------------------------------------------------------------------
                         slack                                  0.034    

Slack (MET) :             0.056ns  (arrival time - required time)
  Source:                 comp_store_d_in_reg[13]/C
                            (rising edge-triggered cell FDRE clocked by sys_clk_pin  {rise@0.000ns fall@5.000ns period=10.000ns})
  Destination:            comp_store_inst/mem_reg/DIADI[13]
                            (rising edge-triggered cell RAMB36E1 clocked by sys_clk_pin  {rise@0.000ns fall@5.000ns period=10.000ns})
  Path Group:             sys_clk_pin
  Path Type:              Hold (Min at Fast Process Corner)
  Requirement:            0.000ns  (sys_clk_pin rise@0.000ns - sys_clk_pin rise@0.000ns)
  Data Path Delay:        0.272ns  (logic 0.164ns (60.336%)  route 0.108ns (39.664%))
  Logic Levels:           0  
  Clock Path Skew:        0.060ns (DCD - SCD - CPR)
    Destination Clock Delay (DCD):    2.004ns
    Source Clock Delay      (SCD):    1.445ns
    Clock Pessimism Removal (CPR):    0.498ns

    Location             Delay type                Incr(ns)  Path(ns)    Netlist Resource(s)
  -------------------------------------------------------------------    -------------------
                         (clock sys_clk_pin rise edge)
                                                      0.000     0.000 r  
    W5                                                0.000     0.000 r  CLK100MHZ (IN)
                         net (fo=0)                   0.000     0.000    CLK100MHZ
    W5                   IBUF (Prop_ibuf_I_O)         0.226     0.226 r  CLK100MHZ_IBUF_inst/O
                         net (fo=1, routed)           0.631     0.858    CLK100MHZ_IBUF
    BUFGCTRL_X0Y0        BUFG (Prop_bufg_I_O)         0.026     0.884 r  CLK100MHZ_IBUF_BUFG_inst/O
                         net (fo=1064, routed)        0.562     1.445    CLK100MHZ_IBUF_BUFG
    SLICE_X8Y14          FDRE                                         r  comp_store_d_in_reg[13]/C
  -------------------------------------------------------------------    -------------------
    SLICE_X8Y14          FDRE (Prop_fdre_C_Q)         0.164     1.609 r  comp_store_d_in_reg[13]/Q
                         net (fo=1, routed)           0.108     1.717    comp_store_inst/comp_store_d_in_reg[39][13]
    RAMB36_X0Y2          RAMB36E1                                     r  comp_store_inst/mem_reg/DIADI[13]
  -------------------------------------------------------------------    -------------------

                         (clock sys_clk_pin rise edge)
                                                      0.000     0.000 r  
    W5                                                0.000     0.000 r  CLK100MHZ (IN)
                         net (fo=0)                   0.000     0.000    CLK100MHZ
    W5                   IBUF (Prop_ibuf_I_O)         0.414     0.414 r  CLK100MHZ_IBUF_inst/O
                         net (fo=1, routed)           0.685     1.099    CLK100MHZ_IBUF
    BUFGCTRL_X0Y0        BUFG (Prop_bufg_I_O)         0.029     1.128 r  CLK100MHZ_IBUF_BUFG_inst/O
                         net (fo=1064, routed)        0.876     2.004    comp_store_inst/CLK100MHZ_IBUF_BUFG
    RAMB36_X0Y2          RAMB36E1                                     r  comp_store_inst/mem_reg/CLKBWRCLK
                         clock pessimism             -0.498     1.506    
    RAMB36_X0Y2          RAMB36E1 (Hold_ramb36e1_CLKBWRCLK_DIADI[13])
                                                      0.155     1.661    comp_store_inst/mem_reg
  -------------------------------------------------------------------
                         required time                         -1.661    
                         arrival time                           1.717    
  -------------------------------------------------------------------
                         slack                                  0.056    

Slack (MET) :             0.075ns  (arrival time - required time)
  Source:                 cell_ram_a_sys_d_in_reg[9]/C
                            (rising edge-triggered cell FDRE clocked by sys_clk_pin  {rise@0.000ns fall@5.000ns period=10.000ns})
  Destination:            cell_ram_a_inst/mem_reg_1/DIADI[9]
                            (rising edge-triggered cell RAMB18E1 clocked by sys_clk_pin  {rise@0.000ns fall@5.000ns period=10.000ns})
  Path Group:             sys_clk_pin
  Path Type:              Hold (Min at Fast Process Corner)
  Requirement:            0.000ns  (sys_clk_pin rise@0.000ns - sys_clk_pin rise@0.000ns)
  Data Path Delay:        0.375ns  (logic 0.148ns (39.449%)  route 0.227ns (60.551%))
  Logic Levels:           0  
  Clock Path Skew:        0.057ns (DCD - SCD - CPR)
    Destination Clock Delay (DCD):    2.005ns
    Source Clock Delay      (SCD):    1.449ns
    Clock Pessimism Removal (CPR):    0.498ns

    Location             Delay type                Incr(ns)  Path(ns)    Netlist Resource(s)
  -------------------------------------------------------------------    -------------------
                         (clock sys_clk_pin rise edge)
                                                      0.000     0.000 r  
    W5                                                0.000     0.000 r  CLK100MHZ (IN)
                         net (fo=0)                   0.000     0.000    CLK100MHZ
    W5                   IBUF (Prop_ibuf_I_O)         0.226     0.226 r  CLK100MHZ_IBUF_inst/O
                         net (fo=1, routed)           0.631     0.858    CLK100MHZ_IBUF
    BUFGCTRL_X0Y0        BUFG (Prop_bufg_I_O)         0.026     0.884 r  CLK100MHZ_IBUF_BUFG_inst/O
                         net (fo=1064, routed)        0.566     1.449    CLK100MHZ_IBUF_BUFG
    SLICE_X8Y3           FDRE                                         r  cell_ram_a_sys_d_in_reg[9]/C
  -------------------------------------------------------------------    -------------------
    SLICE_X8Y3           FDRE (Prop_fdre_C_Q)         0.148     1.597 r  cell_ram_a_sys_d_in_reg[9]/Q
                         net (fo=2, routed)           0.227     1.824    cell_ram_a_inst/cell_ram_a_sys_d_in_reg[15][9]
    RAMB18_X0Y2          RAMB18E1                                     r  cell_ram_a_inst/mem_reg_1/DIADI[9]
  -------------------------------------------------------------------    -------------------

                         (clock sys_clk_pin rise edge)
                                                      0.000     0.000 r  
    W5                                                0.000     0.000 r  CLK100MHZ (IN)
                         net (fo=0)                   0.000     0.000    CLK100MHZ
    W5                   IBUF (Prop_ibuf_I_O)         0.414     0.414 r  CLK100MHZ_IBUF_inst/O
                         net (fo=1, routed)           0.685     1.099    CLK100MHZ_IBUF
    BUFGCTRL_X0Y0        BUFG (Prop_bufg_I_O)         0.029     1.128 r  CLK100MHZ_IBUF_BUFG_inst/O
                         net (fo=1064, routed)        0.877     2.005    cell_ram_a_inst/CLK100MHZ_IBUF_BUFG
    RAMB18_X0Y2          RAMB18E1                                     r  cell_ram_a_inst/mem_reg_1/CLKARDCLK
                         clock pessimism             -0.498     1.507    
    RAMB18_X0Y2          RAMB18E1 (Hold_ramb18e1_CLKARDCLK_DIADI[9])
                                                      0.243     1.750    cell_ram_a_inst/mem_reg_1
  -------------------------------------------------------------------
                         required time                         -1.750    
                         arrival time                           1.824    
  -------------------------------------------------------------------
                         slack                                  0.075    

Slack (MET) :             0.075ns  (arrival time - required time)
  Source:                 comp_store_d_in_reg[9]/C
                            (rising edge-triggered cell FDRE clocked by sys_clk_pin  {rise@0.000ns fall@5.000ns period=10.000ns})
  Destination:            comp_store_inst/mem_reg/DIADI[9]
                            (rising edge-triggered cell RAMB36E1 clocked by sys_clk_pin  {rise@0.000ns fall@5.000ns period=10.000ns})
  Path Group:             sys_clk_pin
  Path Type:              Hold (Min at Fast Process Corner)
  Requirement:            0.000ns  (sys_clk_pin rise@0.000ns - sys_clk_pin rise@0.000ns)
  Data Path Delay:        0.237ns  (logic 0.128ns (53.903%)  route 0.109ns (46.097%))
  Logic Levels:           0  
  Clock Path Skew:        0.060ns (DCD - SCD - CPR)
    Destination Clock Delay (DCD):    2.004ns
    Source Clock Delay      (SCD):    1.445ns
    Clock Pessimism Removal (CPR):    0.498ns

    Location             Delay type                Incr(ns)  Path(ns)    Netlist Resource(s)
  -------------------------------------------------------------------    -------------------
                         (clock sys_clk_pin rise edge)
                                                      0.000     0.000 r  
    W5                                                0.000     0.000 r  CLK100MHZ (IN)
                         net (fo=0)                   0.000     0.000    CLK100MHZ
    W5                   IBUF (Prop_ibuf_I_O)         0.226     0.226 r  CLK100MHZ_IBUF_inst/O
                         net (fo=1, routed)           0.631     0.858    CLK100MHZ_IBUF
    BUFGCTRL_X0Y0        BUFG (Prop_bufg_I_O)         0.026     0.884 r  CLK100MHZ_IBUF_BUFG_inst/O
                         net (fo=1064, routed)        0.562     1.445    CLK100MHZ_IBUF_BUFG
    SLICE_X9Y13          FDRE                                         r  comp_store_d_in_reg[9]/C
  -------------------------------------------------------------------    -------------------
    SLICE_X9Y13          FDRE (Prop_fdre_C_Q)         0.128     1.573 r  comp_store_d_in_reg[9]/Q
                         net (fo=1, routed)           0.109     1.683    comp_store_inst/comp_store_d_in_reg[39][9]
    RAMB36_X0Y2          RAMB36E1                                     r  comp_store_inst/mem_reg/DIADI[9]
  -------------------------------------------------------------------    -------------------

                         (clock sys_clk_pin rise edge)
                                                      0.000     0.000 r  
    W5                                                0.000     0.000 r  CLK100MHZ (IN)
                         net (fo=0)                   0.000     0.000    CLK100MHZ
    W5                   IBUF (Prop_ibuf_I_O)         0.414     0.414 r  CLK100MHZ_IBUF_inst/O
                         net (fo=1, routed)           0.685     1.099    CLK100MHZ_IBUF
    BUFGCTRL_X0Y0        BUFG (Prop_bufg_I_O)         0.029     1.128 r  CLK100MHZ_IBUF_BUFG_inst/O
                         net (fo=1064, routed)        0.876     2.004    comp_store_inst/CLK100MHZ_IBUF_BUFG
    RAMB36_X0Y2          RAMB36E1                                     r  comp_store_inst/mem_reg/CLKBWRCLK
                         clock pessimism             -0.498     1.506    
    RAMB36_X0Y2          RAMB36E1 (Hold_ramb36e1_CLKBWRCLK_DIADI[9])
                                                      0.102     1.608    comp_store_inst/mem_reg
  -------------------------------------------------------------------
                         required time                         -1.608    
                         arrival time                           1.683    
  -------------------------------------------------------------------
                         slack                                  0.075    

Slack (MET) :             0.076ns  (arrival time - required time)
  Source:                 comp_store_d_in_reg[23]/C
                            (rising edge-triggered cell FDRE clocked by sys_clk_pin  {rise@0.000ns fall@5.000ns period=10.000ns})
  Destination:            comp_store_inst/mem_reg/DIADI[23]
                            (rising edge-triggered cell RAMB36E1 clocked by sys_clk_pin  {rise@0.000ns fall@5.000ns period=10.000ns})
  Path Group:             sys_clk_pin
  Path Type:              Hold (Min at Fast Process Corner)
  Requirement:            0.000ns  (sys_clk_pin rise@0.000ns - sys_clk_pin rise@0.000ns)
  Data Path Delay:        0.239ns  (logic 0.128ns (53.654%)  route 0.111ns (46.346%))
  Logic Levels:           0  
  Clock Path Skew:        0.060ns (DCD - SCD - CPR)
    Destination Clock Delay (DCD):    2.004ns
    Source Clock Delay      (SCD):    1.445ns
    Clock Pessimism Removal (CPR):    0.498ns

    Location             Delay type                Incr(ns)  Path(ns)    Netlist Resource(s)
  -------------------------------------------------------------------    -------------------
                         (clock sys_clk_pin rise edge)
                                                      0.000     0.000 r  
    W5                                                0.000     0.000 r  CLK100MHZ (IN)
                         net (fo=0)                   0.000     0.000    CLK100MHZ
    W5                   IBUF (Prop_ibuf_I_O)         0.226     0.226 r  CLK100MHZ_IBUF_inst/O
                         net (fo=1, routed)           0.631     0.858    CLK100MHZ_IBUF
    BUFGCTRL_X0Y0        BUFG (Prop_bufg_I_O)         0.026     0.884 r  CLK100MHZ_IBUF_BUFG_inst/O
                         net (fo=1064, routed)        0.562     1.445    CLK100MHZ_IBUF_BUFG
    SLICE_X9Y13          FDRE                                         r  comp_store_d_in_reg[23]/C
  -------------------------------------------------------------------    -------------------
    SLICE_X9Y13          FDRE (Prop_fdre_C_Q)         0.128     1.573 r  comp_store_d_in_reg[23]/Q
                         net (fo=1, routed)           0.111     1.684    comp_store_inst/comp_store_d_in_reg[39][23]
    RAMB36_X0Y2          RAMB36E1                                     r  comp_store_inst/mem_reg/DIADI[23]
  -------------------------------------------------------------------    -------------------

                         (clock sys_clk_pin rise edge)
                                                      0.000     0.000 r  
    W5                                                0.000     0.000 r  CLK100MHZ (IN)
                         net (fo=0)                   0.000     0.000    CLK100MHZ
    W5                   IBUF (Prop_ibuf_I_O)         0.414     0.414 r  CLK100MHZ_IBUF_inst/O
                         net (fo=1, routed)           0.685     1.099    CLK100MHZ_IBUF
    BUFGCTRL_X0Y0        BUFG (Prop_bufg_I_O)         0.029     1.128 r  CLK100MHZ_IBUF_BUFG_inst/O
                         net (fo=1064, routed)        0.876     2.004    comp_store_inst/CLK100MHZ_IBUF_BUFG
    RAMB36_X0Y2          RAMB36E1                                     r  comp_store_inst/mem_reg/CLKBWRCLK
                         clock pessimism             -0.498     1.506    
    RAMB36_X0Y2          RAMB36E1 (Hold_ramb36e1_CLKBWRCLK_DIADI[23])
                                                      0.102     1.608    comp_store_inst/mem_reg
  -------------------------------------------------------------------
                         required time                         -1.608    
                         arrival time                           1.684    
  -------------------------------------------------------------------
                         slack                                  0.076    

Slack (MET) :             0.077ns  (arrival time - required time)
  Source:                 comp_store_d_in_reg[7]/C
                            (rising edge-triggered cell FDRE clocked by sys_clk_pin  {rise@0.000ns fall@5.000ns period=10.000ns})
  Destination:            comp_store_inst/mem_reg/DIADI[7]
                            (rising edge-triggered cell RAMB36E1 clocked by sys_clk_pin  {rise@0.000ns fall@5.000ns period=10.000ns})
  Path Group:             sys_clk_pin
  Path Type:              Hold (Min at Fast Process Corner)
  Requirement:            0.000ns  (sys_clk_pin rise@0.000ns - sys_clk_pin rise@0.000ns)
  Data Path Delay:        0.239ns  (logic 0.128ns (53.511%)  route 0.111ns (46.489%))
  Logic Levels:           0  
  Clock Path Skew:        0.060ns (DCD - SCD - CPR)
    Destination Clock Delay (DCD):    2.004ns
    Source Clock Delay      (SCD):    1.445ns
    Clock Pessimism Removal (CPR):    0.498ns

    Location             Delay type                Incr(ns)  Path(ns)    Netlist Resource(s)
  -------------------------------------------------------------------    -------------------
                         (clock sys_clk_pin rise edge)
                                                      0.000     0.000 r  
    W5                                                0.000     0.000 r  CLK100MHZ (IN)
                         net (fo=0)                   0.000     0.000    CLK100MHZ
    W5                   IBUF (Prop_ibuf_I_O)         0.226     0.226 r  CLK100MHZ_IBUF_inst/O
                         net (fo=1, routed)           0.631     0.858    CLK100MHZ_IBUF
    BUFGCTRL_X0Y0        BUFG (Prop_bufg_I_O)         0.026     0.884 r  CLK100MHZ_IBUF_BUFG_inst/O
                         net (fo=1064, routed)        0.562     1.445    CLK100MHZ_IBUF_BUFG
    SLICE_X9Y13          FDRE                                         r  comp_store_d_in_reg[7]/C
  -------------------------------------------------------------------    -------------------
    SLICE_X9Y13          FDRE (Prop_fdre_C_Q)         0.128     1.573 r  comp_store_d_in_reg[7]/Q
                         net (fo=1, routed)           0.111     1.684    comp_store_inst/comp_store_d_in_reg[39][7]
    RAMB36_X0Y2          RAMB36E1                                     r  comp_store_inst/mem_reg/DIADI[7]
  -------------------------------------------------------------------    -------------------

                         (clock sys_clk_pin rise edge)
                                                      0.000     0.000 r  
    W5                                                0.000     0.000 r  CLK100MHZ (IN)
                         net (fo=0)                   0.000     0.000    CLK100MHZ
    W5                   IBUF (Prop_ibuf_I_O)         0.414     0.414 r  CLK100MHZ_IBUF_inst/O
                         net (fo=1, routed)           0.685     1.099    CLK100MHZ_IBUF
    BUFGCTRL_X0Y0        BUFG (Prop_bufg_I_O)         0.029     1.128 r  CLK100MHZ_IBUF_BUFG_inst/O
                         net (fo=1064, routed)        0.876     2.004    comp_store_inst/CLK100MHZ_IBUF_BUFG
    RAMB36_X0Y2          RAMB36E1                                     r  comp_store_inst/mem_reg/CLKBWRCLK
                         clock pessimism             -0.498     1.506    
    RAMB36_X0Y2          RAMB36E1 (Hold_ramb36e1_CLKBWRCLK_DIADI[7])
                                                      0.102     1.608    comp_store_inst/mem_reg
  -------------------------------------------------------------------
                         required time                         -1.608    
                         arrival time                           1.684    
  -------------------------------------------------------------------
                         slack                                  0.077    

Slack (MET) :             0.078ns  (arrival time - required time)
  Source:                 comp_store_d_in_reg[26]/C
                            (rising edge-triggered cell FDRE clocked by sys_clk_pin  {rise@0.000ns fall@5.000ns period=10.000ns})
  Destination:            comp_store_inst/mem_reg/DIADI[26]
                            (rising edge-triggered cell RAMB36E1 clocked by sys_clk_pin  {rise@0.000ns fall@5.000ns period=10.000ns})
  Path Group:             sys_clk_pin
  Path Type:              Hold (Min at Fast Process Corner)
  Requirement:            0.000ns  (sys_clk_pin rise@0.000ns - sys_clk_pin rise@0.000ns)
  Data Path Delay:        0.239ns  (logic 0.128ns (53.654%)  route 0.111ns (46.346%))
  Logic Levels:           0  
  Clock Path Skew:        0.058ns (DCD - SCD - CPR)
    Destination Clock Delay (DCD):    2.004ns
    Source Clock Delay      (SCD):    1.447ns
    Clock Pessimism Removal (CPR):    0.498ns

    Location             Delay type                Incr(ns)  Path(ns)    Netlist Resource(s)
  -------------------------------------------------------------------    -------------------
                         (clock sys_clk_pin rise edge)
                                                      0.000     0.000 r  
    W5                                                0.000     0.000 r  CLK100MHZ (IN)
                         net (fo=0)                   0.000     0.000    CLK100MHZ
    W5                   IBUF (Prop_ibuf_I_O)         0.226     0.226 r  CLK100MHZ_IBUF_inst/O
                         net (fo=1, routed)           0.631     0.858    CLK100MHZ_IBUF
    BUFGCTRL_X0Y0        BUFG (Prop_bufg_I_O)         0.026     0.884 r  CLK100MHZ_IBUF_BUFG_inst/O
                         net (fo=1064, routed)        0.564     1.447    CLK100MHZ_IBUF_BUFG
    SLICE_X9Y11          FDRE                                         r  comp_store_d_in_reg[26]/C
  -------------------------------------------------------------------    -------------------
    SLICE_X9Y11          FDRE (Prop_fdre_C_Q)         0.128     1.575 r  comp_store_d_in_reg[26]/Q
                         net (fo=1, routed)           0.111     1.686    comp_store_inst/comp_store_d_in_reg[39][26]
    RAMB36_X0Y2          RAMB36E1                                     r  comp_store_inst/mem_reg/DIADI[26]
  -------------------------------------------------------------------    -------------------

                         (clock sys_clk_pin rise edge)
                                                      0.000     0.000 r  
    W5                                                0.000     0.000 r  CLK100MHZ (IN)
                         net (fo=0)                   0.000     0.000    CLK100MHZ
    W5                   IBUF (Prop_ibuf_I_O)         0.414     0.414 r  CLK100MHZ_IBUF_inst/O
                         net (fo=1, routed)           0.685     1.099    CLK100MHZ_IBUF
    BUFGCTRL_X0Y0        BUFG (Prop_bufg_I_O)         0.029     1.128 r  CLK100MHZ_IBUF_BUFG_inst/O
                         net (fo=1064, routed)        0.876     2.004    comp_store_inst/CLK100MHZ_IBUF_BUFG
    RAMB36_X0Y2          RAMB36E1                                     r  comp_store_inst/mem_reg/CLKBWRCLK
                         clock pessimism             -0.498     1.506    
    RAMB36_X0Y2          RAMB36E1 (Hold_ramb36e1_CLKBWRCLK_DIADI[26])
                                                      0.102     1.608    comp_store_inst/mem_reg
  -------------------------------------------------------------------
                         required time                         -1.608    
                         arrival time                           1.686    
  -------------------------------------------------------------------
                         slack                                  0.078    

Slack (MET) :             0.078ns  (arrival time - required time)
  Source:                 comp_store_d_in_reg[20]/C
                            (rising edge-triggered cell FDRE clocked by sys_clk_pin  {rise@0.000ns fall@5.000ns period=10.000ns})
  Destination:            comp_store_inst/mem_reg/DIADI[20]
                            (rising edge-triggered cell RAMB36E1 clocked by sys_clk_pin  {rise@0.000ns fall@5.000ns period=10.000ns})
  Path Group:             sys_clk_pin
  Path Type:              Hold (Min at Fast Process Corner)
  Requirement:            0.000ns  (sys_clk_pin rise@0.000ns - sys_clk_pin rise@0.000ns)
  Data Path Delay:        0.238ns  (logic 0.128ns (53.853%)  route 0.110ns (46.147%))
  Logic Levels:           0  
  Clock Path Skew:        0.058ns (DCD - SCD - CPR)
    Destination Clock Delay (DCD):    2.004ns
    Source Clock Delay      (SCD):    1.447ns
    Clock Pessimism Removal (CPR):    0.498ns

    Location             Delay type                Incr(ns)  Path(ns)    Netlist Resource(s)
  -------------------------------------------------------------------    -------------------
                         (clock sys_clk_pin rise edge)
                                                      0.000     0.000 r  
    W5                                                0.000     0.000 r  CLK100MHZ (IN)
                         net (fo=0)                   0.000     0.000    CLK100MHZ
    W5                   IBUF (Prop_ibuf_I_O)         0.226     0.226 r  CLK100MHZ_IBUF_inst/O
                         net (fo=1, routed)           0.631     0.858    CLK100MHZ_IBUF
    BUFGCTRL_X0Y0        BUFG (Prop_bufg_I_O)         0.026     0.884 r  CLK100MHZ_IBUF_BUFG_inst/O
                         net (fo=1064, routed)        0.564     1.447    CLK100MHZ_IBUF_BUFG
    SLICE_X9Y11          FDRE                                         r  comp_store_d_in_reg[20]/C
  -------------------------------------------------------------------    -------------------
    SLICE_X9Y11          FDRE (Prop_fdre_C_Q)         0.128     1.575 r  comp_store_d_in_reg[20]/Q
                         net (fo=1, routed)           0.110     1.685    comp_store_inst/comp_store_d_in_reg[39][20]
    RAMB36_X0Y2          RAMB36E1                                     r  comp_store_inst/mem_reg/DIADI[20]
  -------------------------------------------------------------------    -------------------

                         (clock sys_clk_pin rise edge)
                                                      0.000     0.000 r  
    W5                                                0.000     0.000 r  CLK100MHZ (IN)
                         net (fo=0)                   0.000     0.000    CLK100MHZ
    W5                   IBUF (Prop_ibuf_I_O)         0.414     0.414 r  CLK100MHZ_IBUF_inst/O
                         net (fo=1, routed)           0.685     1.099    CLK100MHZ_IBUF
    BUFGCTRL_X0Y0        BUFG (Prop_bufg_I_O)         0.029     1.128 r  CLK100MHZ_IBUF_BUFG_inst/O
                         net (fo=1064, routed)        0.876     2.004    comp_store_inst/CLK100MHZ_IBUF_BUFG
    RAMB36_X0Y2          RAMB36E1                                     r  comp_store_inst/mem_reg/CLKBWRCLK
                         clock pessimism             -0.498     1.506    
    RAMB36_X0Y2          RAMB36E1 (Hold_ramb36e1_CLKBWRCLK_DIADI[20])
                                                      0.101     1.607    comp_store_inst/mem_reg
  -------------------------------------------------------------------
                         required time                         -1.607    
                         arrival time                           1.685    
  -------------------------------------------------------------------
                         slack                                  0.078    

Slack (MET) :             0.085ns  (arrival time - required time)
  Source:                 cell_ram_b_sys_d_in_reg[7]/C
                            (rising edge-triggered cell FDRE clocked by sys_clk_pin  {rise@0.000ns fall@5.000ns period=10.000ns})
  Destination:            cell_ram_b_inst/mem_reg_2/DIADI[7]
                            (rising edge-triggered cell RAMB18E1 clocked by sys_clk_pin  {rise@0.000ns fall@5.000ns period=10.000ns})
  Path Group:             sys_clk_pin
  Path Type:              Hold (Min at Fast Process Corner)
  Requirement:            0.000ns  (sys_clk_pin rise@0.000ns - sys_clk_pin rise@0.000ns)
  Data Path Delay:        0.318ns  (logic 0.141ns (44.314%)  route 0.177ns (55.686%))
  Logic Levels:           0  
  Clock Path Skew:        0.078ns (DCD - SCD - CPR)
    Destination Clock Delay (DCD):    2.006ns
    Source Clock Delay      (SCD):    1.449ns
    Clock Pessimism Removal (CPR):    0.478ns

    Location             Delay type                Incr(ns)  Path(ns)    Netlist Resource(s)
  -------------------------------------------------------------------    -------------------
                         (clock sys_clk_pin rise edge)
                                                      0.000     0.000 r  
    W5                                                0.000     0.000 r  CLK100MHZ (IN)
                         net (fo=0)                   0.000     0.000    CLK100MHZ
    W5                   IBUF (Prop_ibuf_I_O)         0.226     0.226 r  CLK100MHZ_IBUF_inst/O
                         net (fo=1, routed)           0.631     0.858    CLK100MHZ_IBUF
    BUFGCTRL_X0Y0        BUFG (Prop_bufg_I_O)         0.026     0.884 r  CLK100MHZ_IBUF_BUFG_inst/O
                         net (fo=1064, routed)        0.566     1.449    CLK100MHZ_IBUF_BUFG
    SLICE_X11Y4          FDRE                                         r  cell_ram_b_sys_d_in_reg[7]/C
  -------------------------------------------------------------------    -------------------
    SLICE_X11Y4          FDRE (Prop_fdre_C_Q)         0.141     1.590 r  cell_ram_b_sys_d_in_reg[7]/Q
                         net (fo=2, routed)           0.177     1.767    cell_ram_b_inst/cell_ram_b_sys_d_in_reg[15][7]
    RAMB18_X0Y1          RAMB18E1                                     r  cell_ram_b_inst/mem_reg_2/DIADI[7]
  -------------------------------------------------------------------    -------------------

                         (clock sys_clk_pin rise edge)
                                                      0.000     0.000 r  
    W5                                                0.000     0.000 r  CLK100MHZ (IN)
                         net (fo=0)                   0.000     0.000    CLK100MHZ
    W5                   IBUF (Prop_ibuf_I_O)         0.414     0.414 r  CLK100MHZ_IBUF_inst/O
                         net (fo=1, routed)           0.685     1.099    CLK100MHZ_IBUF
    BUFGCTRL_X0Y0        BUFG (Prop_bufg_I_O)         0.029     1.128 r  CLK100MHZ_IBUF_BUFG_inst/O
                         net (fo=1064, routed)        0.878     2.006    cell_ram_b_inst/CLK100MHZ_IBUF_BUFG
    RAMB18_X0Y1          RAMB18E1                                     r  cell_ram_b_inst/mem_reg_2/CLKARDCLK
                         clock pessimism             -0.478     1.528    
    RAMB18_X0Y1          RAMB18E1 (Hold_ramb18e1_CLKARDCLK_DIADI[7])
                                                      0.155     1.683    cell_ram_b_inst/mem_reg_2
  -------------------------------------------------------------------
                         required time                         -1.683    
                         arrival time                           1.767    
  -------------------------------------------------------------------
                         slack                                  0.085    

Slack (MET) :             0.085ns  (arrival time - required time)
  Source:                 cell_ram_b_sys_d_in_reg[15]/C
                            (rising edge-triggered cell FDRE clocked by sys_clk_pin  {rise@0.000ns fall@5.000ns period=10.000ns})
  Destination:            cell_ram_b_inst/mem_reg_2/DIADI[15]
                            (rising edge-triggered cell RAMB18E1 clocked by sys_clk_pin  {rise@0.000ns fall@5.000ns period=10.000ns})
  Path Group:             sys_clk_pin
  Path Type:              Hold (Min at Fast Process Corner)
  Requirement:            0.000ns  (sys_clk_pin rise@0.000ns - sys_clk_pin rise@0.000ns)
  Data Path Delay:        0.318ns  (logic 0.141ns (44.279%)  route 0.177ns (55.721%))
  Logic Levels:           0  
  Clock Path Skew:        0.078ns (DCD - SCD - CPR)
    Destination Clock Delay (DCD):    2.006ns
    Source Clock Delay      (SCD):    1.449ns
    Clock Pessimism Removal (CPR):    0.478ns

    Location             Delay type                Incr(ns)  Path(ns)    Netlist Resource(s)
  -------------------------------------------------------------------    -------------------
                         (clock sys_clk_pin rise edge)
                                                      0.000     0.000 r  
    W5                                                0.000     0.000 r  CLK100MHZ (IN)
                         net (fo=0)                   0.000     0.000    CLK100MHZ
    W5                   IBUF (Prop_ibuf_I_O)         0.226     0.226 r  CLK100MHZ_IBUF_inst/O
                         net (fo=1, routed)           0.631     0.858    CLK100MHZ_IBUF
    BUFGCTRL_X0Y0        BUFG (Prop_bufg_I_O)         0.026     0.884 r  CLK100MHZ_IBUF_BUFG_inst/O
                         net (fo=1064, routed)        0.566     1.449    CLK100MHZ_IBUF_BUFG
    SLICE_X11Y4          FDRE                                         r  cell_ram_b_sys_d_in_reg[15]/C
  -------------------------------------------------------------------    -------------------
    SLICE_X11Y4          FDRE (Prop_fdre_C_Q)         0.141     1.590 r  cell_ram_b_sys_d_in_reg[15]/Q
                         net (fo=2, routed)           0.177     1.768    cell_ram_b_inst/cell_ram_b_sys_d_in_reg[15][15]
    RAMB18_X0Y1          RAMB18E1                                     r  cell_ram_b_inst/mem_reg_2/DIADI[15]
  -------------------------------------------------------------------    -------------------

                         (clock sys_clk_pin rise edge)
                                                      0.000     0.000 r  
    W5                                                0.000     0.000 r  CLK100MHZ (IN)
                         net (fo=0)                   0.000     0.000    CLK100MHZ
    W5                   IBUF (Prop_ibuf_I_O)         0.414     0.414 r  CLK100MHZ_IBUF_inst/O
                         net (fo=1, routed)           0.685     1.099    CLK100MHZ_IBUF
    BUFGCTRL_X0Y0        BUFG (Prop_bufg_I_O)         0.029     1.128 r  CLK100MHZ_IBUF_BUFG_inst/O
                         net (fo=1064, routed)        0.878     2.006    cell_ram_b_inst/CLK100MHZ_IBUF_BUFG
    RAMB18_X0Y1          RAMB18E1                                     r  cell_ram_b_inst/mem_reg_2/CLKARDCLK
                         clock pessimism             -0.478     1.528    
    RAMB18_X0Y1          RAMB18E1 (Hold_ramb18e1_CLKARDCLK_DIADI[15])
                                                      0.155     1.683    cell_ram_b_inst/mem_reg_2
  -------------------------------------------------------------------
                         required time                         -1.683    
                         arrival time                           1.768    
  -------------------------------------------------------------------
                         slack                                  0.085    

Slack (MET) :             0.087ns  (arrival time - required time)
  Source:                 comp_store_d_in_reg[19]/C
                            (rising edge-triggered cell FDRE clocked by sys_clk_pin  {rise@0.000ns fall@5.000ns period=10.000ns})
  Destination:            comp_store_inst/mem_reg/DIADI[19]
                            (rising edge-triggered cell RAMB36E1 clocked by sys_clk_pin  {rise@0.000ns fall@5.000ns period=10.000ns})
  Path Group:             sys_clk_pin
  Path Type:              Hold (Min at Fast Process Corner)
  Requirement:            0.000ns  (sys_clk_pin rise@0.000ns - sys_clk_pin rise@0.000ns)
  Data Path Delay:        0.301ns  (logic 0.141ns (46.856%)  route 0.160ns (53.144%))
  Logic Levels:           0  
  Clock Path Skew:        0.058ns (DCD - SCD - CPR)
    Destination Clock Delay (DCD):    2.004ns
    Source Clock Delay      (SCD):    1.447ns
    Clock Pessimism Removal (CPR):    0.498ns

    Location             Delay type                Incr(ns)  Path(ns)    Netlist Resource(s)
  -------------------------------------------------------------------    -------------------
                         (clock sys_clk_pin rise edge)
                                                      0.000     0.000 r  
    W5                                                0.000     0.000 r  CLK100MHZ (IN)
                         net (fo=0)                   0.000     0.000    CLK100MHZ
    W5                   IBUF (Prop_ibuf_I_O)         0.226     0.226 r  CLK100MHZ_IBUF_inst/O
                         net (fo=1, routed)           0.631     0.858    CLK100MHZ_IBUF
    BUFGCTRL_X0Y0        BUFG (Prop_bufg_I_O)         0.026     0.884 r  CLK100MHZ_IBUF_BUFG_inst/O
                         net (fo=1064, routed)        0.564     1.447    CLK100MHZ_IBUF_BUFG
    SLICE_X9Y11          FDRE                                         r  comp_store_d_in_reg[19]/C
  -------------------------------------------------------------------    -------------------
    SLICE_X9Y11          FDRE (Prop_fdre_C_Q)         0.141     1.588 r  comp_store_d_in_reg[19]/Q
                         net (fo=1, routed)           0.160     1.748    comp_store_inst/comp_store_d_in_reg[39][19]
    RAMB36_X0Y2          RAMB36E1                                     r  comp_store_inst/mem_reg/DIADI[19]
  -------------------------------------------------------------------    -------------------

                         (clock sys_clk_pin rise edge)
                                                      0.000     0.000 r  
    W5                                                0.000     0.000 r  CLK100MHZ (IN)
                         net (fo=0)                   0.000     0.000    CLK100MHZ
    W5                   IBUF (Prop_ibuf_I_O)         0.414     0.414 r  CLK100MHZ_IBUF_inst/O
                         net (fo=1, routed)           0.685     1.099    CLK100MHZ_IBUF
    BUFGCTRL_X0Y0        BUFG (Prop_bufg_I_O)         0.029     1.128 r  CLK100MHZ_IBUF_BUFG_inst/O
                         net (fo=1064, routed)        0.876     2.004    comp_store_inst/CLK100MHZ_IBUF_BUFG
    RAMB36_X0Y2          RAMB36E1                                     r  comp_store_inst/mem_reg/CLKBWRCLK
                         clock pessimism             -0.498     1.506    
    RAMB36_X0Y2          RAMB36E1 (Hold_ramb36e1_CLKBWRCLK_DIADI[19])
                                                      0.155     1.661    comp_store_inst/mem_reg
  -------------------------------------------------------------------
                         required time                         -1.661    
                         arrival time                           1.748    
  -------------------------------------------------------------------
                         slack                                  0.087    

Slack (MET) :             0.088ns  (arrival time - required time)
  Source:                 cell_ram_a_sys_d_in_reg[8]/C
                            (rising edge-triggered cell FDRE clocked by sys_clk_pin  {rise@0.000ns fall@5.000ns period=10.000ns})
  Destination:            cell_ram_a_inst/mem_reg_1/DIADI[8]
                            (rising edge-triggered cell RAMB18E1 clocked by sys_clk_pin  {rise@0.000ns fall@5.000ns period=10.000ns})
  Path Group:             sys_clk_pin
  Path Type:              Hold (Min at Fast Process Corner)
  Requirement:            0.000ns  (sys_clk_pin rise@0.000ns - sys_clk_pin rise@0.000ns)
  Data Path Delay:        0.388ns  (logic 0.148ns (38.167%)  route 0.240ns (61.833%))
  Logic Levels:           0  
  Clock Path Skew:        0.057ns (DCD - SCD - CPR)
    Destination Clock Delay (DCD):    2.005ns
    Source Clock Delay      (SCD):    1.449ns
    Clock Pessimism Removal (CPR):    0.498ns

    Location             Delay type                Incr(ns)  Path(ns)    Netlist Resource(s)
  -------------------------------------------------------------------    -------------------
                         (clock sys_clk_pin rise edge)
                                                      0.000     0.000 r  
    W5                                                0.000     0.000 r  CLK100MHZ (IN)
                         net (fo=0)                   0.000     0.000    CLK100MHZ
    W5                   IBUF (Prop_ibuf_I_O)         0.226     0.226 r  CLK100MHZ_IBUF_inst/O
                         net (fo=1, routed)           0.631     0.858    CLK100MHZ_IBUF
    BUFGCTRL_X0Y0        BUFG (Prop_bufg_I_O)         0.026     0.884 r  CLK100MHZ_IBUF_BUFG_inst/O
                         net (fo=1064, routed)        0.566     1.449    CLK100MHZ_IBUF_BUFG
    SLICE_X8Y3           FDRE                                         r  cell_ram_a_sys_d_in_reg[8]/C
  -------------------------------------------------------------------    -------------------
    SLICE_X8Y3           FDRE (Prop_fdre_C_Q)         0.148     1.597 r  cell_ram_a_sys_d_in_reg[8]/Q
                         net (fo=2, routed)           0.240     1.837    cell_ram_a_inst/cell_ram_a_sys_d_in_reg[15][8]
    RAMB18_X0Y2          RAMB18E1                                     r  cell_ram_a_inst/mem_reg_1/DIADI[8]
  -------------------------------------------------------------------    -------------------

                         (clock sys_clk_pin rise edge)
                                                      0.000     0.000 r  
    W5                                                0.000     0.000 r  CLK100MHZ (IN)
                         net (fo=0)                   0.000     0.000    CLK100MHZ
    W5                   IBUF (Prop_ibuf_I_O)         0.414     0.414 r  CLK100MHZ_IBUF_inst/O
                         net (fo=1, routed)           0.685     1.099    CLK100MHZ_IBUF
    BUFGCTRL_X0Y0        BUFG (Prop_bufg_I_O)         0.029     1.128 r  CLK100MHZ_IBUF_BUFG_inst/O
                         net (fo=1064, routed)        0.877     2.005    cell_ram_a_inst/CLK100MHZ_IBUF_BUFG
    RAMB18_X0Y2          RAMB18E1                                     r  cell_ram_a_inst/mem_reg_1/CLKARDCLK
                         clock pessimism             -0.498     1.507    
    RAMB18_X0Y2          RAMB18E1 (Hold_ramb18e1_CLKARDCLK_DIADI[8])
                                                      0.242     1.749    cell_ram_a_inst/mem_reg_1
  -------------------------------------------------------------------
                         required time                         -1.749    
                         arrival time                           1.837    
  -------------------------------------------------------------------
                         slack                                  0.088    

Slack (MET) :             0.088ns  (arrival time - required time)
  Source:                 comp_store_d_in_reg[12]/C
                            (rising edge-triggered cell FDRE clocked by sys_clk_pin  {rise@0.000ns fall@5.000ns period=10.000ns})
  Destination:            comp_store_inst/mem_reg/DIADI[12]
                            (rising edge-triggered cell RAMB36E1 clocked by sys_clk_pin  {rise@0.000ns fall@5.000ns period=10.000ns})
  Path Group:             sys_clk_pin
  Path Type:              Hold (Min at Fast Process Corner)
  Requirement:            0.000ns  (sys_clk_pin rise@0.000ns - sys_clk_pin rise@0.000ns)
  Data Path Delay:        0.304ns  (logic 0.141ns (46.394%)  route 0.163ns (53.606%))
  Logic Levels:           0  
  Clock Path Skew:        0.060ns (DCD - SCD - CPR)
    Destination Clock Delay (DCD):    2.004ns
    Source Clock Delay      (SCD):    1.445ns
    Clock Pessimism Removal (CPR):    0.498ns

    Location             Delay type                Incr(ns)  Path(ns)    Netlist Resource(s)
  -------------------------------------------------------------------    -------------------
                         (clock sys_clk_pin rise edge)
                                                      0.000     0.000 r  
    W5                                                0.000     0.000 r  CLK100MHZ (IN)
                         net (fo=0)                   0.000     0.000    CLK100MHZ
    W5                   IBUF (Prop_ibuf_I_O)         0.226     0.226 r  CLK100MHZ_IBUF_inst/O
                         net (fo=1, routed)           0.631     0.858    CLK100MHZ_IBUF
    BUFGCTRL_X0Y0        BUFG (Prop_bufg_I_O)         0.026     0.884 r  CLK100MHZ_IBUF_BUFG_inst/O
                         net (fo=1064, routed)        0.562     1.445    CLK100MHZ_IBUF_BUFG
    SLICE_X9Y13          FDRE                                         r  comp_store_d_in_reg[12]/C
  -------------------------------------------------------------------    -------------------
    SLICE_X9Y13          FDRE (Prop_fdre_C_Q)         0.141     1.586 r  comp_store_d_in_reg[12]/Q
                         net (fo=1, routed)           0.163     1.749    comp_store_inst/comp_store_d_in_reg[39][12]
    RAMB36_X0Y2          RAMB36E1                                     r  comp_store_inst/mem_reg/DIADI[12]
  -------------------------------------------------------------------    -------------------

                         (clock sys_clk_pin rise edge)
                                                      0.000     0.000 r  
    W5                                                0.000     0.000 r  CLK100MHZ (IN)
                         net (fo=0)                   0.000     0.000    CLK100MHZ
    W5                   IBUF (Prop_ibuf_I_O)         0.414     0.414 r  CLK100MHZ_IBUF_inst/O
                         net (fo=1, routed)           0.685     1.099    CLK100MHZ_IBUF
    BUFGCTRL_X0Y0        BUFG (Prop_bufg_I_O)         0.029     1.128 r  CLK100MHZ_IBUF_BUFG_inst/O
                         net (fo=1064, routed)        0.876     2.004    comp_store_inst/CLK100MHZ_IBUF_BUFG
    RAMB36_X0Y2          RAMB36E1                                     r  comp_store_inst/mem_reg/CLKBWRCLK
                         clock pessimism             -0.498     1.506    
    RAMB36_X0Y2          RAMB36E1 (Hold_ramb36e1_CLKBWRCLK_DIADI[12])
                                                      0.155     1.661    comp_store_inst/mem_reg
  -------------------------------------------------------------------
                         required time                         -1.661    
                         arrival time                           1.749    
  -------------------------------------------------------------------
                         slack                                  0.088    

Slack (MET) :             0.094ns  (arrival time - required time)
  Source:                 comp_store_d_in_reg[10]/C
                            (rising edge-triggered cell FDRE clocked by sys_clk_pin  {rise@0.000ns fall@5.000ns period=10.000ns})
  Destination:            comp_store_inst/mem_reg/DIADI[10]
                            (rising edge-triggered cell RAMB36E1 clocked by sys_clk_pin  {rise@0.000ns fall@5.000ns period=10.000ns})
  Path Group:             sys_clk_pin
  Path Type:              Hold (Min at Fast Process Corner)
  Requirement:            0.000ns  (sys_clk_pin rise@0.000ns - sys_clk_pin rise@0.000ns)
  Data Path Delay:        0.307ns  (logic 0.141ns (45.874%)  route 0.166ns (54.126%))
  Logic Levels:           0  
  Clock Path Skew:        0.058ns (DCD - SCD - CPR)
    Destination Clock Delay (DCD):    2.004ns
    Source Clock Delay      (SCD):    1.447ns
    Clock Pessimism Removal (CPR):    0.498ns

    Location             Delay type                Incr(ns)  Path(ns)    Netlist Resource(s)
  -------------------------------------------------------------------    -------------------
                         (clock sys_clk_pin rise edge)
                                                      0.000     0.000 r  
    W5                                                0.000     0.000 r  CLK100MHZ (IN)
                         net (fo=0)                   0.000     0.000    CLK100MHZ
    W5                   IBUF (Prop_ibuf_I_O)         0.226     0.226 r  CLK100MHZ_IBUF_inst/O
                         net (fo=1, routed)           0.631     0.858    CLK100MHZ_IBUF
    BUFGCTRL_X0Y0        BUFG (Prop_bufg_I_O)         0.026     0.884 r  CLK100MHZ_IBUF_BUFG_inst/O
                         net (fo=1064, routed)        0.564     1.447    CLK100MHZ_IBUF_BUFG
    SLICE_X9Y11          FDRE                                         r  comp_store_d_in_reg[10]/C
  -------------------------------------------------------------------    -------------------
    SLICE_X9Y11          FDRE (Prop_fdre_C_Q)         0.141     1.588 r  comp_store_d_in_reg[10]/Q
                         net (fo=1, routed)           0.166     1.754    comp_store_inst/comp_store_d_in_reg[39][10]
    RAMB36_X0Y2          RAMB36E1                                     r  comp_store_inst/mem_reg/DIADI[10]
  -------------------------------------------------------------------    -------------------

                         (clock sys_clk_pin rise edge)
                                                      0.000     0.000 r  
    W5                                                0.000     0.000 r  CLK100MHZ (IN)
                         net (fo=0)                   0.000     0.000    CLK100MHZ
    W5                   IBUF (Prop_ibuf_I_O)         0.414     0.414 r  CLK100MHZ_IBUF_inst/O
                         net (fo=1, routed)           0.685     1.099    CLK100MHZ_IBUF
    BUFGCTRL_X0Y0        BUFG (Prop_bufg_I_O)         0.029     1.128 r  CLK100MHZ_IBUF_BUFG_inst/O
                         net (fo=1064, routed)        0.876     2.004    comp_store_inst/CLK100MHZ_IBUF_BUFG
    RAMB36_X0Y2          RAMB36E1                                     r  comp_store_inst/mem_reg/CLKBWRCLK
                         clock pessimism             -0.498     1.506    
    RAMB36_X0Y2          RAMB36E1 (Hold_ramb36e1_CLKBWRCLK_DIADI[10])
                                                      0.155     1.661    comp_store_inst/mem_reg
  -------------------------------------------------------------------
                         required time                         -1.661    
                         arrival time                           1.754    
  -------------------------------------------------------------------
                         slack                                  0.094    

Slack (MET) :             0.094ns  (arrival time - required time)
  Source:                 comp_store_d_in_reg[14]/C
                            (rising edge-triggered cell FDRE clocked by sys_clk_pin  {rise@0.000ns fall@5.000ns period=10.000ns})
  Destination:            comp_store_inst/mem_reg/DIADI[14]
                            (rising edge-triggered cell RAMB36E1 clocked by sys_clk_pin  {rise@0.000ns fall@5.000ns period=10.000ns})
  Path Group:             sys_clk_pin
  Path Type:              Hold (Min at Fast Process Corner)
  Requirement:            0.000ns  (sys_clk_pin rise@0.000ns - sys_clk_pin rise@0.000ns)
  Data Path Delay:        0.307ns  (logic 0.141ns (45.874%)  route 0.166ns (54.126%))
  Logic Levels:           0  
  Clock Path Skew:        0.058ns (DCD - SCD - CPR)
    Destination Clock Delay (DCD):    2.004ns
    Source Clock Delay      (SCD):    1.447ns
    Clock Pessimism Removal (CPR):    0.498ns

    Location             Delay type                Incr(ns)  Path(ns)    Netlist Resource(s)
  -------------------------------------------------------------------    -------------------
                         (clock sys_clk_pin rise edge)
                                                      0.000     0.000 r  
    W5                                                0.000     0.000 r  CLK100MHZ (IN)
                         net (fo=0)                   0.000     0.000    CLK100MHZ
    W5                   IBUF (Prop_ibuf_I_O)         0.226     0.226 r  CLK100MHZ_IBUF_inst/O
                         net (fo=1, routed)           0.631     0.858    CLK100MHZ_IBUF
    BUFGCTRL_X0Y0        BUFG (Prop_bufg_I_O)         0.026     0.884 r  CLK100MHZ_IBUF_BUFG_inst/O
                         net (fo=1064, routed)        0.564     1.447    CLK100MHZ_IBUF_BUFG
    SLICE_X9Y11          FDRE                                         r  comp_store_d_in_reg[14]/C
  -------------------------------------------------------------------    -------------------
    SLICE_X9Y11          FDRE (Prop_fdre_C_Q)         0.141     1.588 r  comp_store_d_in_reg[14]/Q
                         net (fo=1, routed)           0.166     1.754    comp_store_inst/comp_store_d_in_reg[39][14]
    RAMB36_X0Y2          RAMB36E1                                     r  comp_store_inst/mem_reg/DIADI[14]
  -------------------------------------------------------------------    -------------------

                         (clock sys_clk_pin rise edge)
                                                      0.000     0.000 r  
    W5                                                0.000     0.000 r  CLK100MHZ (IN)
                         net (fo=0)                   0.000     0.000    CLK100MHZ
    W5                   IBUF (Prop_ibuf_I_O)         0.414     0.414 r  CLK100MHZ_IBUF_inst/O
                         net (fo=1, routed)           0.685     1.099    CLK100MHZ_IBUF
    BUFGCTRL_X0Y0        BUFG (Prop_bufg_I_O)         0.029     1.128 r  CLK100MHZ_IBUF_BUFG_inst/O
                         net (fo=1064, routed)        0.876     2.004    comp_store_inst/CLK100MHZ_IBUF_BUFG
    RAMB36_X0Y2          RAMB36E1                                     r  comp_store_inst/mem_reg/CLKBWRCLK
                         clock pessimism             -0.498     1.506    
    RAMB36_X0Y2          RAMB36E1 (Hold_ramb36e1_CLKBWRCLK_DIADI[14])
                                                      0.155     1.661    comp_store_inst/mem_reg
  -------------------------------------------------------------------
                         required time                         -1.661    
                         arrival time                           1.754    
  -------------------------------------------------------------------
                         slack                                  0.094    

Slack (MET) :             0.095ns  (arrival time - required time)
  Source:                 mouse_ctrl_inst/Inst_Ps2Interface/delay_20us_count_reg[9]/C
                            (rising edge-triggered cell FDRE clocked by sys_clk_pin  {rise@0.000ns fall@5.000ns period=10.000ns})
  Destination:            mouse_ctrl_inst/Inst_Ps2Interface/delay_20us_done_reg/D
                            (rising edge-triggered cell FDRE clocked by sys_clk_pin  {rise@0.000ns fall@5.000ns period=10.000ns})
  Path Group:             sys_clk_pin
  Path Type:              Hold (Min at Fast Process Corner)
  Requirement:            0.000ns  (sys_clk_pin rise@0.000ns - sys_clk_pin rise@0.000ns)
  Data Path Delay:        0.487ns  (logic 0.254ns (52.206%)  route 0.233ns (47.794%))
  Logic Levels:           2  (LUT4=1 LUT6=1)
  Clock Path Skew:        0.272ns (DCD - SCD - CPR)
    Destination Clock Delay (DCD):    1.964ns
    Source Clock Delay      (SCD):    1.448ns
    Clock Pessimism Removal (CPR):    0.244ns

    Location             Delay type                Incr(ns)  Path(ns)    Netlist Resource(s)
  -------------------------------------------------------------------    -------------------
                         (clock sys_clk_pin rise edge)
                                                      0.000     0.000 r  
    W5                                                0.000     0.000 r  CLK100MHZ (IN)
                         net (fo=0)                   0.000     0.000    CLK100MHZ
    W5                   IBUF (Prop_ibuf_I_O)         0.226     0.226 r  CLK100MHZ_IBUF_inst/O
                         net (fo=1, routed)           0.631     0.858    CLK100MHZ_IBUF
    BUFGCTRL_X0Y0        BUFG (Prop_bufg_I_O)         0.026     0.884 r  CLK100MHZ_IBUF_BUFG_inst/O
                         net (fo=1064, routed)        0.565     1.448    mouse_ctrl_inst/Inst_Ps2Interface/CLK100MHZ_IBUF_BUFG
    SLICE_X12Y50         FDRE                                         r  mouse_ctrl_inst/Inst_Ps2Interface/delay_20us_count_reg[9]/C
  -------------------------------------------------------------------    -------------------
    SLICE_X12Y50         FDRE (Prop_fdre_C_Q)         0.164     1.612 r  mouse_ctrl_inst/Inst_Ps2Interface/delay_20us_count_reg[9]/Q
                         net (fo=3, routed)           0.166     1.778    mouse_ctrl_inst/Inst_Ps2Interface/delay_20us_count_reg__0[9]
    SLICE_X12Y49         LUT4 (Prop_lut4_I1_O)        0.045     1.823 f  mouse_ctrl_inst/Inst_Ps2Interface/delay_20us_count[10]_i_5/O
                         net (fo=2, routed)           0.067     1.890    mouse_ctrl_inst/Inst_Ps2Interface/delay_20us_count[10]_i_5_n_0
    SLICE_X12Y49         LUT6 (Prop_lut6_I4_O)        0.045     1.935 r  mouse_ctrl_inst/Inst_Ps2Interface/delay_20us_done_i_1/O
                         net (fo=1, routed)           0.000     1.935    mouse_ctrl_inst/Inst_Ps2Interface/delay_20us_done_i_1_n_0
    SLICE_X12Y49         FDRE                                         r  mouse_ctrl_inst/Inst_Ps2Interface/delay_20us_done_reg/D
  -------------------------------------------------------------------    -------------------

                         (clock sys_clk_pin rise edge)
                                                      0.000     0.000 r  
    W5                                                0.000     0.000 r  CLK100MHZ (IN)
                         net (fo=0)                   0.000     0.000    CLK100MHZ
    W5                   IBUF (Prop_ibuf_I_O)         0.414     0.414 r  CLK100MHZ_IBUF_inst/O
                         net (fo=1, routed)           0.685     1.099    CLK100MHZ_IBUF
    BUFGCTRL_X0Y0        BUFG (Prop_bufg_I_O)         0.029     1.128 r  CLK100MHZ_IBUF_BUFG_inst/O
                         net (fo=1064, routed)        0.837     1.964    mouse_ctrl_inst/Inst_Ps2Interface/CLK100MHZ_IBUF_BUFG
    SLICE_X12Y49         FDRE                                         r  mouse_ctrl_inst/Inst_Ps2Interface/delay_20us_done_reg/C
                         clock pessimism             -0.244     1.720    
    SLICE_X12Y49         FDRE (Hold_fdre_C_D)         0.120     1.840    mouse_ctrl_inst/Inst_Ps2Interface/delay_20us_done_reg
  -------------------------------------------------------------------
                         required time                         -1.840    
                         arrival time                           1.935    
  -------------------------------------------------------------------
                         slack                                  0.095    

Slack (MET) :             0.101ns  (arrival time - required time)
  Source:                 cell_ram_b_sys_w_addr_reg[6]/C
                            (rising edge-triggered cell FDRE clocked by sys_clk_pin  {rise@0.000ns fall@5.000ns period=10.000ns})
  Destination:            cell_ram_b_inst/mem_reg_1/ADDRARDADDR[10]
                            (rising edge-triggered cell RAMB18E1 clocked by sys_clk_pin  {rise@0.000ns fall@5.000ns period=10.000ns})
  Path Group:             sys_clk_pin
  Path Type:              Hold (Min at Fast Process Corner)
  Requirement:            0.000ns  (sys_clk_pin rise@0.000ns - sys_clk_pin rise@0.000ns)
  Data Path Delay:        0.288ns  (logic 0.128ns (44.373%)  route 0.160ns (55.627%))
  Logic Levels:           0  
  Clock Path Skew:        0.057ns (DCD - SCD - CPR)
    Destination Clock Delay (DCD):    2.006ns
    Source Clock Delay      (SCD):    1.450ns
    Clock Pessimism Removal (CPR):    0.498ns

    Location             Delay type                Incr(ns)  Path(ns)    Netlist Resource(s)
  -------------------------------------------------------------------    -------------------
                         (clock sys_clk_pin rise edge)
                                                      0.000     0.000 r  
    W5                                                0.000     0.000 r  CLK100MHZ (IN)
                         net (fo=0)                   0.000     0.000    CLK100MHZ
    W5                   IBUF (Prop_ibuf_I_O)         0.226     0.226 r  CLK100MHZ_IBUF_inst/O
                         net (fo=1, routed)           0.631     0.858    CLK100MHZ_IBUF
    BUFGCTRL_X0Y0        BUFG (Prop_bufg_I_O)         0.026     0.884 r  CLK100MHZ_IBUF_BUFG_inst/O
                         net (fo=1064, routed)        0.567     1.450    CLK100MHZ_IBUF_BUFG
    SLICE_X9Y1           FDRE                                         r  cell_ram_b_sys_w_addr_reg[6]/C
  -------------------------------------------------------------------    -------------------
    SLICE_X9Y1           FDRE (Prop_fdre_C_Q)         0.128     1.578 r  cell_ram_b_sys_w_addr_reg[6]/Q
                         net (fo=2, routed)           0.160     1.739    cell_ram_b_inst/Q[6]
    RAMB18_X0Y0          RAMB18E1                                     r  cell_ram_b_inst/mem_reg_1/ADDRARDADDR[10]
  -------------------------------------------------------------------    -------------------

                         (clock sys_clk_pin rise edge)
                                                      0.000     0.000 r  
    W5                                                0.000     0.000 r  CLK100MHZ (IN)
                         net (fo=0)                   0.000     0.000    CLK100MHZ
    W5                   IBUF (Prop_ibuf_I_O)         0.414     0.414 r  CLK100MHZ_IBUF_inst/O
                         net (fo=1, routed)           0.685     1.099    CLK100MHZ_IBUF
    BUFGCTRL_X0Y0        BUFG (Prop_bufg_I_O)         0.029     1.128 r  CLK100MHZ_IBUF_BUFG_inst/O
                         net (fo=1064, routed)        0.878     2.006    cell_ram_b_inst/CLK100MHZ_IBUF_BUFG
    RAMB18_X0Y0          RAMB18E1                                     r  cell_ram_b_inst/mem_reg_1/CLKARDCLK
                         clock pessimism             -0.498     1.508    
    RAMB18_X0Y0          RAMB18E1 (Hold_ramb18e1_CLKARDCLK_ADDRARDADDR[10])
                                                      0.130     1.638    cell_ram_b_inst/mem_reg_1
  -------------------------------------------------------------------
                         required time                         -1.638    
                         arrival time                           1.739    
  -------------------------------------------------------------------
                         slack                                  0.101    





Pulse Width Checks
--------------------------------------------------------------------------------------
Clock Name:         sys_clk_pin
Waveform(ns):       { 0.000 5.000 }
Period(ns):         10.000
Sources:            { CLK100MHZ }

Check Type        Corner  Lib Pin             Reference Pin  Required(ns)  Actual(ns)  Slack(ns)  Location       Pin
Min Period        n/a     RAMB18E1/CLKARDCLK  n/a            2.944         10.000      7.056      RAMB18_X0Y3    cell_ram_a_inst/mem_reg_2/CLKARDCLK
Min Period        n/a     RAMB18E1/CLKARDCLK  n/a            2.944         10.000      7.056      RAMB18_X0Y1    cell_ram_b_inst/mem_reg_2/CLKARDCLK
Min Period        n/a     RAMB36E1/CLKARDCLK  n/a            2.944         10.000      7.056      RAMB36_X0Y2    comp_store_inst/mem_reg/CLKARDCLK
Min Period        n/a     RAMB36E1/CLKBWRCLK  n/a            2.944         10.000      7.056      RAMB36_X0Y2    comp_store_inst/mem_reg/CLKBWRCLK
Min Period        n/a     RAMB18E1/CLKBWRCLK  n/a            2.576         10.000      7.424      RAMB18_X0Y3    cell_ram_a_inst/mem_reg_2/CLKBWRCLK
Min Period        n/a     RAMB18E1/CLKARDCLK  n/a            2.576         10.000      7.424      RAMB18_X0Y0    cell_ram_b_inst/mem_reg_1/CLKARDCLK
Min Period        n/a     RAMB18E1/CLKBWRCLK  n/a            2.576         10.000      7.424      RAMB18_X0Y1    cell_ram_b_inst/mem_reg_2/CLKBWRCLK
Min Period        n/a     RAMB18E1/CLKARDCLK  n/a            2.576         10.000      7.424      RAMB18_X0Y2    cell_ram_a_inst/mem_reg_1/CLKARDCLK
Min Period        n/a     BUFG/I              n/a            2.155         10.000      7.845      BUFGCTRL_X0Y0  CLK100MHZ_IBUF_BUFG_inst/I
Min Period        n/a     FDRE/C              n/a            1.000         10.000      9.000      SLICE_X12Y16   B[0]/C
Min Period        n/a     FDRE/C              n/a            1.000         10.000      9.000      SLICE_X12Y16   B[1]/C
Min Period        n/a     FDRE/C              n/a            1.000         10.000      9.000      SLICE_X13Y16   B[2]/C
Min Period        n/a     FDRE/C              n/a            1.000         10.000      9.000      SLICE_X12Y16   B[3]/C
Min Period        n/a     FDRE/C              n/a            1.000         10.000      9.000      SLICE_X12Y16   B[4]/C
Min Period        n/a     FDRE/C              n/a            1.000         10.000      9.000      SLICE_X11Y16   C[0]/C
Min Period        n/a     FDRE/C              n/a            1.000         10.000      9.000      SLICE_X11Y16   C[1]/C
Min Period        n/a     FDRE/C              n/a            1.000         10.000      9.000      SLICE_X11Y16   C[2]/C
Min Period        n/a     FDRE/C              n/a            1.000         10.000      9.000      SLICE_X11Y16   C[3]/C
Min Period        n/a     FDRE/C              n/a            1.000         10.000      9.000      SLICE_X10Y16   C[4]/C
Min Period        n/a     FDRE/C              n/a            1.000         10.000      9.000      SLICE_X8Y1     cell_ram_b_sys_d_in_reg[0]/C
Low Pulse Width   Slow    FDRE/C              n/a            0.500         5.000       4.500      SLICE_X10Y11   executor_inst/comp_req_wdata_reg[10]/C
Low Pulse Width   Slow    FDRE/C              n/a            0.500         5.000       4.500      SLICE_X10Y14   executor_inst/comp_req_wdata_reg[11]/C
Low Pulse Width   Slow    FDRE/C              n/a            0.500         5.000       4.500      SLICE_X10Y11   executor_inst/comp_req_wdata_reg[12]/C
Low Pulse Width   Slow    FDRE/C              n/a            0.500         5.000       4.500      SLICE_X10Y11   executor_inst/comp_req_wdata_reg[14]/C
Low Pulse Width   Slow    FDRE/C              n/a            0.500         5.000       4.500      SLICE_X10Y13   executor_inst/comp_req_wdata_reg[15]/C
Low Pulse Width   Slow    FDCE/C              n/a            0.500         5.000       4.500      SLICE_X14Y38   mouse_ctrl_inst/FSM_onehot_state_reg[24]/C
Low Pulse Width   Slow    FDCE/C              n/a            0.500         5.000       4.500      SLICE_X14Y38   mouse_ctrl_inst/FSM_onehot_state_reg[25]/C
Low Pulse Width   Slow    FDCE/C              n/a            0.500         5.000       4.500      SLICE_X15Y38   mouse_ctrl_inst/FSM_onehot_state_reg[28]/C
Low Pulse Width   Slow    FDCE/C              n/a            0.500         5.000       4.500      SLICE_X14Y37   mouse_ctrl_inst/FSM_onehot_state_reg[29]/C
Low Pulse Width   Slow    FDCE/C              n/a            0.500         5.000       4.500      SLICE_X14Y38   mouse_ctrl_inst/FSM_onehot_state_reg[2]/C
Low Pulse Width   Slow    FDCE/C              n/a            0.500         5.000       4.500      SLICE_X14Y36   mouse_ctrl_inst/FSM_onehot_state_reg[30]/C
Low Pulse Width   Slow    FDCE/C              n/a            0.500         5.000       4.500      SLICE_X14Y36   mouse_ctrl_inst/FSM_onehot_state_reg[31]/C
Low Pulse Width   Slow    FDCE/C              n/a            0.500         5.000       4.500      SLICE_X13Y36   mouse_ctrl_inst/FSM_onehot_state_reg[32]/C
Low Pulse Width   Slow    FDCE/C              n/a            0.500         5.000       4.500      SLICE_X13Y37   mouse_ctrl_inst/FSM_onehot_state_reg[33]/C
Low Pulse Width   Slow    FDCE/C              n/a            0.500         5.000       4.500      SLICE_X14Y36   mouse_ctrl_inst/FSM_onehot_state_reg[34]/C
Low Pulse Width   Slow    FDCE/C              n/a            0.500         5.000       4.500      SLICE_X15Y38   mouse_ctrl_inst/FSM_onehot_state_reg[35]/C
Low Pulse Width   Slow    FDCE/C              n/a            0.500         5.000       4.500      SLICE_X15Y38   mouse_ctrl_inst/FSM_onehot_state_reg[36]/C
Low Pulse Width   Slow    FDCE/C              n/a            0.500         5.000       4.500      SLICE_X13Y36   mouse_ctrl_inst/FSM_onehot_state_reg[3]/C
Low Pulse Width   Slow    FDCE/C              n/a            0.500         5.000       4.500      SLICE_X12Y36   mouse_ctrl_inst/FSM_onehot_state_reg[4]/C
Low Pulse Width   Slow    FDCE/C              n/a            0.500         5.000       4.500      SLICE_X12Y38   mouse_ctrl_inst/FSM_onehot_state_reg[5]/C
High Pulse Width  Fast    FDRE/C              n/a            0.500         5.000       4.500      SLICE_X12Y16   B[0]/C
High Pulse Width  Fast    FDRE/C              n/a            0.500         5.000       4.500      SLICE_X12Y16   B[1]/C
High Pulse Width  Fast    FDRE/C              n/a            0.500         5.000       4.500      SLICE_X13Y16   B[2]/C
High Pulse Width  Fast    FDRE/C              n/a            0.500         5.000       4.500      SLICE_X12Y16   B[3]/C
High Pulse Width  Fast    FDRE/C              n/a            0.500         5.000       4.500      SLICE_X12Y16   B[4]/C
High Pulse Width  Fast    FDRE/C              n/a            0.500         5.000       4.500      SLICE_X11Y16   C[0]/C
High Pulse Width  Fast    FDRE/C              n/a            0.500         5.000       4.500      SLICE_X11Y16   C[1]/C
High Pulse Width  Fast    FDRE/C              n/a            0.500         5.000       4.500      SLICE_X11Y16   C[2]/C
High Pulse Width  Fast    FDRE/C              n/a            0.500         5.000       4.500      SLICE_X11Y16   C[3]/C
High Pulse Width  Fast    FDRE/C              n/a            0.500         5.000       4.500      SLICE_X10Y16   C[4]/C
High Pulse Width  Slow    FDRE/C              n/a            0.500         5.000       4.500      SLICE_X11Y4    cell_ram_b_sys_d_in_reg[15]/C
High Pulse Width  Slow    FDRE/C              n/a            0.500         5.000       4.500      SLICE_X32Y36   mouse_ctrl_inst/periodic_check_cnt_reg[13]/C
High Pulse Width  Slow    FDRE/C              n/a            0.500         5.000       4.500      SLICE_X32Y36   mouse_ctrl_inst/periodic_check_cnt_reg[14]/C
High Pulse Width  Slow    FDRE/C              n/a            0.500         5.000       4.500      SLICE_X32Y35   mouse_ctrl_inst/periodic_check_cnt_reg[15]/C
High Pulse Width  Slow    FDRE/C              n/a            0.500         5.000       4.500      SLICE_X32Y36   mouse_ctrl_inst/periodic_check_cnt_reg[18]/C
High Pulse Width  Slow    FDRE/C              n/a            0.500         5.000       4.500      SLICE_X32Y33   mouse_ctrl_inst/periodic_check_cnt_reg[1]/C
High Pulse Width  Slow    FDRE/C              n/a            0.500         5.000       4.500      SLICE_X32Y35   mouse_ctrl_inst/periodic_check_cnt_reg[21]/C
High Pulse Width  Slow    FDRE/C              n/a            0.500         5.000       4.500      SLICE_X32Y36   mouse_ctrl_inst/periodic_check_cnt_reg[22]/C
High Pulse Width  Slow    FDRE/C              n/a            0.500         5.000       4.500      SLICE_X32Y36   mouse_ctrl_inst/periodic_check_cnt_reg[23]/C
High Pulse Width  Fast    FDRE/C              n/a            0.500         5.000       4.500      SLICE_X15Y33   mouse_ctrl_inst/x_pos_reg[8]/C



---------------------------------------------------------------------------------------------------
From Clock:  clk_pixel
  To Clock:  clk_pixel

Setup :            0  Failing Endpoints,  Worst Slack       23.254ns,  Total Violation        0.000ns
Hold  :            0  Failing Endpoints,  Worst Slack        0.104ns,  Total Violation        0.000ns
PW    :            0  Failing Endpoints,  Worst Slack       19.500ns,  Total Violation        0.000ns
---------------------------------------------------------------------------------------------------


Max Delay Paths
--------------------------------------------------------------------------------------
Slack (MET) :             23.254ns  (required time - arrival time)
  Source:                 canvas_inst/grid_pos_x_reg[0]/C
                            (rising edge-triggered cell FDRE clocked by clk_pixel  {rise@0.000ns fall@20.000ns period=40.000ns})
  Destination:            rgb_reg[3]/D
                            (rising edge-triggered cell FDRE clocked by clk_pixel  {rise@0.000ns fall@20.000ns period=40.000ns})
  Path Group:             clk_pixel
  Path Type:              Setup (Max at Slow Process Corner)
  Requirement:            40.000ns  (clk_pixel rise@40.000ns - clk_pixel rise@0.000ns)
  Data Path Delay:        16.760ns  (logic 2.975ns (17.751%)  route 13.785ns (82.249%))
  Logic Levels:           11  (CARRY4=1 LUT2=2 LUT4=2 LUT5=1 LUT6=5)
  Clock Path Skew:        -0.028ns (DCD - SCD + CPR)
    Destination Clock Delay (DCD):    7.283ns = ( 47.283 - 40.000 ) 
    Source Clock Delay      (SCD):    7.841ns
    Clock Pessimism Removal (CPR):    0.530ns
  Clock Uncertainty:      0.035ns  ((TSJ^2 + TIJ^2)^1/2 + DJ) / 2 + PE
    Total System Jitter     (TSJ):    0.071ns
    Total Input Jitter      (TIJ):    0.000ns
    Discrete Jitter          (DJ):    0.000ns
    Phase Error              (PE):    0.000ns

    Location             Delay type                Incr(ns)  Path(ns)    Netlist Resource(s)
  -------------------------------------------------------------------    -------------------
                         (clock clk_pixel rise edge)
                                                      0.000     0.000 r  
    W5                                                0.000     0.000 r  CLK100MHZ (IN)
                         net (fo=0)                   0.000     0.000    CLK100MHZ
    W5                   IBUF (Prop_ibuf_I_O)         1.458     1.458 r  CLK100MHZ_IBUF_inst/O
                         net (fo=1, routed)           1.967     3.425    CLK100MHZ_IBUF
    BUFGCTRL_X0Y0        BUFG (Prop_bufg_I_O)         0.096     3.521 r  CLK100MHZ_IBUF_BUFG_inst/O
                         net (fo=1064, routed)        1.565     5.086    clkdiv_pixel_inst/CLK100MHZ_IBUF_BUFG
    SLICE_X36Y46         FDRE (Prop_fdre_C_Q)         0.456     5.542 r  clkdiv_pixel_inst/clk_out_reg/Q
                         net (fo=2, routed)           0.582     6.124    clk_pixel
    BUFGCTRL_X0Y1        BUFG (Prop_bufg_I_O)         0.096     6.220 r  clk_pixel_BUFG_inst/O
                         net (fo=300, routed)         1.621     7.841    canvas_inst/render_clk
    SLICE_X7Y21          FDRE                                         r  canvas_inst/grid_pos_x_reg[0]/C
  -------------------------------------------------------------------    -------------------
    SLICE_X7Y21          FDRE (Prop_fdre_C_Q)         0.456     8.297 r  canvas_inst/grid_pos_x_reg[0]/Q
                         net (fo=7, routed)           0.975     9.272    vga_ctrl_inst/grid_pos_x_reg[11][0]
    SLICE_X3Y26          LUT2 (Prop_lut2_I1_O)        0.124     9.396 r  vga_ctrl_inst/g0_b13_i_23/O
                         net (fo=1, routed)           0.000     9.396    vga_ctrl_inst/g0_b13_i_23_n_0
    SLICE_X3Y26          CARRY4 (Prop_carry4_S[0]_O[1])
                                                      0.424     9.820 r  vga_ctrl_inst/g0_b13_i_8/O[1]
                         net (fo=14, routed)          2.391    12.211    canvas_inst/cell_offset_x[1]
    SLICE_X9Y38          LUT4 (Prop_lut4_I2_O)        0.303    12.514 r  canvas_inst/g0_b13_i_2/O
                         net (fo=113, routed)         3.059    15.573    canvas_inst/g0_b13_i_2_n_0
    SLICE_X2Y40          LUT5 (Prop_lut5_I1_O)        0.150    15.723 r  canvas_inst/g0_b31__1/O
                         net (fo=26, routed)          1.086    16.810    canvas_inst/g0_b31__1_n_0
    SLICE_X3Y44          LUT4 (Prop_lut4_I0_O)        0.342    17.152 r  canvas_inst/rgb[11]_i_79/O
                         net (fo=7, routed)           1.788    18.940    canvas_inst/rgb[11]_i_79_n_0
    SLICE_X5Y40          LUT6 (Prop_lut6_I1_O)        0.326    19.266 r  canvas_inst/rgb[11]_i_67/O
                         net (fo=1, routed)           0.808    20.074    canvas_inst/rgb[11]_i_67_n_0
    SLICE_X4Y41          LUT6 (Prop_lut6_I2_O)        0.124    20.198 f  canvas_inst/rgb[11]_i_32/O
                         net (fo=1, routed)           1.021    21.219    canvas_inst/rgb[11]_i_32_n_0
    SLICE_X6Y42          LUT6 (Prop_lut6_I1_O)        0.124    21.343 r  canvas_inst/rgb[11]_i_19/O
                         net (fo=1, routed)           0.961    22.304    canvas_inst/rgb[11]_i_19_n_0
    SLICE_X6Y39          LUT6 (Prop_lut6_I1_O)        0.124    22.428 r  canvas_inst/rgb[11]_i_10/O
                         net (fo=7, routed)           1.039    23.467    canvas_inst/rgb_reg[3]_0
    SLICE_X3Y34          LUT2 (Prop_lut2_I0_O)        0.152    23.619 r  canvas_inst/rgb[3]_i_2/O
                         net (fo=2, routed)           0.656    24.275    mouse_disp_inst/cell_data_reg[0]
    SLICE_X2Y34          LUT6 (Prop_lut6_I5_O)        0.326    24.601 r  mouse_disp_inst/rgb[3]_i_1/O
                         net (fo=1, routed)           0.000    24.601    mouse_disp_inst_n_9
    SLICE_X2Y34          FDRE                                         r  rgb_reg[3]/D
  -------------------------------------------------------------------    -------------------

                         (clock clk_pixel rise edge)
                                                     40.000    40.000 r  
    W5                                                0.000    40.000 r  CLK100MHZ (IN)
                         net (fo=0)                   0.000    40.000    CLK100MHZ
    W5                   IBUF (Prop_ibuf_I_O)         1.388    41.388 r  CLK100MHZ_IBUF_inst/O
                         net (fo=1, routed)           1.862    43.250    CLK100MHZ_IBUF
    BUFGCTRL_X0Y0        BUFG (Prop_bufg_I_O)         0.091    43.341 r  CLK100MHZ_IBUF_BUFG_inst/O
                         net (fo=1064, routed)        1.445    44.786    clkdiv_pixel_inst/CLK100MHZ_IBUF_BUFG
    SLICE_X36Y46         FDRE (Prop_fdre_C_Q)         0.367    45.153 r  clkdiv_pixel_inst/clk_out_reg/Q
                         net (fo=2, routed)           0.526    45.679    clk_pixel
    BUFGCTRL_X0Y1        BUFG (Prop_bufg_I_O)         0.091    45.770 r  clk_pixel_BUFG_inst/O
                         net (fo=300, routed)         1.513    47.283    clk_pixel_BUFG
    SLICE_X2Y34          FDRE                                         r  rgb_reg[3]/C
                         clock pessimism              0.530    47.813    
                         clock uncertainty           -0.035    47.778    
    SLICE_X2Y34          FDRE (Setup_fdre_C_D)        0.077    47.855    rgb_reg[3]
  -------------------------------------------------------------------
                         required time                         47.855    
                         arrival time                         -24.601    
  -------------------------------------------------------------------
                         slack                                 23.254    

Slack (MET) :             23.491ns  (required time - arrival time)
  Source:                 canvas_inst/grid_pos_x_reg[0]/C
                            (rising edge-triggered cell FDRE clocked by clk_pixel  {rise@0.000ns fall@20.000ns period=40.000ns})
  Destination:            rgb_reg[6]/D
                            (rising edge-triggered cell FDRE clocked by clk_pixel  {rise@0.000ns fall@20.000ns period=40.000ns})
  Path Group:             clk_pixel
  Path Type:              Setup (Max at Slow Process Corner)
  Requirement:            40.000ns  (clk_pixel rise@40.000ns - clk_pixel rise@0.000ns)
  Data Path Delay:        16.476ns  (logic 2.973ns (18.044%)  route 13.503ns (81.956%))
  Logic Levels:           11  (CARRY4=1 LUT2=1 LUT4=3 LUT5=1 LUT6=5)
  Clock Path Skew:        -0.029ns (DCD - SCD + CPR)
    Destination Clock Delay (DCD):    7.282ns = ( 47.282 - 40.000 ) 
    Source Clock Delay      (SCD):    7.841ns
    Clock Pessimism Removal (CPR):    0.530ns
  Clock Uncertainty:      0.035ns  ((TSJ^2 + TIJ^2)^1/2 + DJ) / 2 + PE
    Total System Jitter     (TSJ):    0.071ns
    Total Input Jitter      (TIJ):    0.000ns
    Discrete Jitter          (DJ):    0.000ns
    Phase Error              (PE):    0.000ns

    Location             Delay type                Incr(ns)  Path(ns)    Netlist Resource(s)
  -------------------------------------------------------------------    -------------------
                         (clock clk_pixel rise edge)
                                                      0.000     0.000 r  
    W5                                                0.000     0.000 r  CLK100MHZ (IN)
                         net (fo=0)                   0.000     0.000    CLK100MHZ
    W5                   IBUF (Prop_ibuf_I_O)         1.458     1.458 r  CLK100MHZ_IBUF_inst/O
                         net (fo=1, routed)           1.967     3.425    CLK100MHZ_IBUF
    BUFGCTRL_X0Y0        BUFG (Prop_bufg_I_O)         0.096     3.521 r  CLK100MHZ_IBUF_BUFG_inst/O
                         net (fo=1064, routed)        1.565     5.086    clkdiv_pixel_inst/CLK100MHZ_IBUF_BUFG
    SLICE_X36Y46         FDRE (Prop_fdre_C_Q)         0.456     5.542 r  clkdiv_pixel_inst/clk_out_reg/Q
                         net (fo=2, routed)           0.582     6.124    clk_pixel
    BUFGCTRL_X0Y1        BUFG (Prop_bufg_I_O)         0.096     6.220 r  clk_pixel_BUFG_inst/O
                         net (fo=300, routed)         1.621     7.841    canvas_inst/render_clk
    SLICE_X7Y21          FDRE                                         r  canvas_inst/grid_pos_x_reg[0]/C
  -------------------------------------------------------------------    -------------------
    SLICE_X7Y21          FDRE (Prop_fdre_C_Q)         0.456     8.297 r  canvas_inst/grid_pos_x_reg[0]/Q
                         net (fo=7, routed)           0.975     9.272    vga_ctrl_inst/grid_pos_x_reg[11][0]
    SLICE_X3Y26          LUT2 (Prop_lut2_I1_O)        0.124     9.396 r  vga_ctrl_inst/g0_b13_i_23/O
                         net (fo=1, routed)           0.000     9.396    vga_ctrl_inst/g0_b13_i_23_n_0
    SLICE_X3Y26          CARRY4 (Prop_carry4_S[0]_O[1])
                                                      0.424     9.820 r  vga_ctrl_inst/g0_b13_i_8/O[1]
                         net (fo=14, routed)          2.391    12.211    canvas_inst/cell_offset_x[1]
    SLICE_X9Y38          LUT4 (Prop_lut4_I2_O)        0.303    12.514 r  canvas_inst/g0_b13_i_2/O
                         net (fo=113, routed)         3.059    15.573    canvas_inst/g0_b13_i_2_n_0
    SLICE_X2Y40          LUT5 (Prop_lut5_I1_O)        0.150    15.723 r  canvas_inst/g0_b31__1/O
                         net (fo=26, routed)          1.086    16.810    canvas_inst/g0_b31__1_n_0
    SLICE_X3Y44          LUT4 (Prop_lut4_I0_O)        0.342    17.152 r  canvas_inst/rgb[11]_i_79/O
                         net (fo=7, routed)           1.788    18.940    canvas_inst/rgb[11]_i_79_n_0
    SLICE_X5Y40          LUT6 (Prop_lut6_I1_O)        0.326    19.266 r  canvas_inst/rgb[11]_i_67/O
                         net (fo=1, routed)           0.808    20.074    canvas_inst/rgb[11]_i_67_n_0
    SLICE_X4Y41          LUT6 (Prop_lut6_I2_O)        0.124    20.198 f  canvas_inst/rgb[11]_i_32/O
                         net (fo=1, routed)           1.021    21.219    canvas_inst/rgb[11]_i_32_n_0
    SLICE_X6Y42          LUT6 (Prop_lut6_I1_O)        0.124    21.343 r  canvas_inst/rgb[11]_i_19/O
                         net (fo=1, routed)           0.961    22.304    canvas_inst/rgb[11]_i_19_n_0
    SLICE_X6Y39          LUT6 (Prop_lut6_I1_O)        0.124    22.428 r  canvas_inst/rgb[11]_i_10/O
                         net (fo=7, routed)           0.822    23.250    vga_ctrl_inst/cell_data_reg[0]_1
    SLICE_X4Y34          LUT4 (Prop_lut4_I3_O)        0.150    23.400 r  vga_ctrl_inst/rgb[10]_i_2/O
                         net (fo=2, routed)           0.591    23.991    mouse_disp_inst/cell_data_reg[7]_0
    SLICE_X4Y35          LUT6 (Prop_lut6_I5_O)        0.326    24.317 r  mouse_disp_inst/rgb[6]_i_1/O
                         net (fo=1, routed)           0.000    24.317    mouse_disp_inst_n_6
    SLICE_X4Y35          FDRE                                         r  rgb_reg[6]/D
  -------------------------------------------------------------------    -------------------

                         (clock clk_pixel rise edge)
                                                     40.000    40.000 r  
    W5                                                0.000    40.000 r  CLK100MHZ (IN)
                         net (fo=0)                   0.000    40.000    CLK100MHZ
    W5                   IBUF (Prop_ibuf_I_O)         1.388    41.388 r  CLK100MHZ_IBUF_inst/O
                         net (fo=1, routed)           1.862    43.250    CLK100MHZ_IBUF
    BUFGCTRL_X0Y0        BUFG (Prop_bufg_I_O)         0.091    43.341 r  CLK100MHZ_IBUF_BUFG_inst/O
                         net (fo=1064, routed)        1.445    44.786    clkdiv_pixel_inst/CLK100MHZ_IBUF_BUFG
    SLICE_X36Y46         FDRE (Prop_fdre_C_Q)         0.367    45.153 r  clkdiv_pixel_inst/clk_out_reg/Q
                         net (fo=2, routed)           0.526    45.679    clk_pixel
    BUFGCTRL_X0Y1        BUFG (Prop_bufg_I_O)         0.091    45.770 r  clk_pixel_BUFG_inst/O
                         net (fo=300, routed)         1.512    47.282    clk_pixel_BUFG
    SLICE_X4Y35          FDRE                                         r  rgb_reg[6]/C
                         clock pessimism              0.530    47.812    
                         clock uncertainty           -0.035    47.777    
    SLICE_X4Y35          FDRE (Setup_fdre_C_D)        0.031    47.808    rgb_reg[6]
  -------------------------------------------------------------------
                         required time                         47.808    
                         arrival time                         -24.317    
  -------------------------------------------------------------------
                         slack                                 23.491    

Slack (MET) :             23.547ns  (required time - arrival time)
  Source:                 canvas_inst/grid_pos_x_reg[0]/C
                            (rising edge-triggered cell FDRE clocked by clk_pixel  {rise@0.000ns fall@20.000ns period=40.000ns})
  Destination:            rgb_reg[0]/D
                            (rising edge-triggered cell FDRE clocked by clk_pixel  {rise@0.000ns fall@20.000ns period=40.000ns})
  Path Group:             clk_pixel
  Path Type:              Setup (Max at Slow Process Corner)
  Requirement:            40.000ns  (clk_pixel rise@40.000ns - clk_pixel rise@0.000ns)
  Data Path Delay:        16.469ns  (logic 2.975ns (18.064%)  route 13.494ns (81.936%))
  Logic Levels:           11  (CARRY4=1 LUT2=2 LUT4=2 LUT5=1 LUT6=5)
  Clock Path Skew:        -0.028ns (DCD - SCD + CPR)
    Destination Clock Delay (DCD):    7.283ns = ( 47.283 - 40.000 ) 
    Source Clock Delay      (SCD):    7.841ns
    Clock Pessimism Removal (CPR):    0.530ns
  Clock Uncertainty:      0.035ns  ((TSJ^2 + TIJ^2)^1/2 + DJ) / 2 + PE
    Total System Jitter     (TSJ):    0.071ns
    Total Input Jitter      (TIJ):    0.000ns
    Discrete Jitter          (DJ):    0.000ns
    Phase Error              (PE):    0.000ns

    Location             Delay type                Incr(ns)  Path(ns)    Netlist Resource(s)
  -------------------------------------------------------------------    -------------------
                         (clock clk_pixel rise edge)
                                                      0.000     0.000 r  
    W5                                                0.000     0.000 r  CLK100MHZ (IN)
                         net (fo=0)                   0.000     0.000    CLK100MHZ
    W5                   IBUF (Prop_ibuf_I_O)         1.458     1.458 r  CLK100MHZ_IBUF_inst/O
                         net (fo=1, routed)           1.967     3.425    CLK100MHZ_IBUF
    BUFGCTRL_X0Y0        BUFG (Prop_bufg_I_O)         0.096     3.521 r  CLK100MHZ_IBUF_BUFG_inst/O
                         net (fo=1064, routed)        1.565     5.086    clkdiv_pixel_inst/CLK100MHZ_IBUF_BUFG
    SLICE_X36Y46         FDRE (Prop_fdre_C_Q)         0.456     5.542 r  clkdiv_pixel_inst/clk_out_reg/Q
                         net (fo=2, routed)           0.582     6.124    clk_pixel
    BUFGCTRL_X0Y1        BUFG (Prop_bufg_I_O)         0.096     6.220 r  clk_pixel_BUFG_inst/O
                         net (fo=300, routed)         1.621     7.841    canvas_inst/render_clk
    SLICE_X7Y21          FDRE                                         r  canvas_inst/grid_pos_x_reg[0]/C
  -------------------------------------------------------------------    -------------------
    SLICE_X7Y21          FDRE (Prop_fdre_C_Q)         0.456     8.297 r  canvas_inst/grid_pos_x_reg[0]/Q
                         net (fo=7, routed)           0.975     9.272    vga_ctrl_inst/grid_pos_x_reg[11][0]
    SLICE_X3Y26          LUT2 (Prop_lut2_I1_O)        0.124     9.396 r  vga_ctrl_inst/g0_b13_i_23/O
                         net (fo=1, routed)           0.000     9.396    vga_ctrl_inst/g0_b13_i_23_n_0
    SLICE_X3Y26          CARRY4 (Prop_carry4_S[0]_O[1])
                                                      0.424     9.820 r  vga_ctrl_inst/g0_b13_i_8/O[1]
                         net (fo=14, routed)          2.391    12.211    canvas_inst/cell_offset_x[1]
    SLICE_X9Y38          LUT4 (Prop_lut4_I2_O)        0.303    12.514 r  canvas_inst/g0_b13_i_2/O
                         net (fo=113, routed)         3.059    15.573    canvas_inst/g0_b13_i_2_n_0
    SLICE_X2Y40          LUT5 (Prop_lut5_I1_O)        0.150    15.723 r  canvas_inst/g0_b31__1/O
                         net (fo=26, routed)          1.086    16.810    canvas_inst/g0_b31__1_n_0
    SLICE_X3Y44          LUT4 (Prop_lut4_I0_O)        0.342    17.152 r  canvas_inst/rgb[11]_i_79/O
                         net (fo=7, routed)           1.788    18.940    canvas_inst/rgb[11]_i_79_n_0
    SLICE_X5Y40          LUT6 (Prop_lut6_I1_O)        0.326    19.266 r  canvas_inst/rgb[11]_i_67/O
                         net (fo=1, routed)           0.808    20.074    canvas_inst/rgb[11]_i_67_n_0
    SLICE_X4Y41          LUT6 (Prop_lut6_I2_O)        0.124    20.198 f  canvas_inst/rgb[11]_i_32/O
                         net (fo=1, routed)           1.021    21.219    canvas_inst/rgb[11]_i_32_n_0
    SLICE_X6Y42          LUT6 (Prop_lut6_I1_O)        0.124    21.343 r  canvas_inst/rgb[11]_i_19/O
                         net (fo=1, routed)           0.961    22.304    canvas_inst/rgb[11]_i_19_n_0
    SLICE_X6Y39          LUT6 (Prop_lut6_I1_O)        0.124    22.428 r  canvas_inst/rgb[11]_i_10/O
                         net (fo=7, routed)           1.039    23.467    canvas_inst/rgb_reg[3]_0
    SLICE_X3Y34          LUT2 (Prop_lut2_I0_O)        0.152    23.619 r  canvas_inst/rgb[3]_i_2/O
                         net (fo=2, routed)           0.365    23.984    mouse_disp_inst/cell_data_reg[0]
    SLICE_X2Y34          LUT6 (Prop_lut6_I4_O)        0.326    24.310 r  mouse_disp_inst/rgb[0]_i_1/O
                         net (fo=1, routed)           0.000    24.310    mouse_disp_inst_n_12
    SLICE_X2Y34          FDRE                                         r  rgb_reg[0]/D
  -------------------------------------------------------------------    -------------------

                         (clock clk_pixel rise edge)
                                                     40.000    40.000 r  
    W5                                                0.000    40.000 r  CLK100MHZ (IN)
                         net (fo=0)                   0.000    40.000    CLK100MHZ
    W5                   IBUF (Prop_ibuf_I_O)         1.388    41.388 r  CLK100MHZ_IBUF_inst/O
                         net (fo=1, routed)           1.862    43.250    CLK100MHZ_IBUF
    BUFGCTRL_X0Y0        BUFG (Prop_bufg_I_O)         0.091    43.341 r  CLK100MHZ_IBUF_BUFG_inst/O
                         net (fo=1064, routed)        1.445    44.786    clkdiv_pixel_inst/CLK100MHZ_IBUF_BUFG
    SLICE_X36Y46         FDRE (Prop_fdre_C_Q)         0.367    45.153 r  clkdiv_pixel_inst/clk_out_reg/Q
                         net (fo=2, routed)           0.526    45.679    clk_pixel
    BUFGCTRL_X0Y1        BUFG (Prop_bufg_I_O)         0.091    45.770 r  clk_pixel_BUFG_inst/O
                         net (fo=300, routed)         1.513    47.283    clk_pixel_BUFG
    SLICE_X2Y34          FDRE                                         r  rgb_reg[0]/C
                         clock pessimism              0.530    47.813    
                         clock uncertainty           -0.035    47.778    
    SLICE_X2Y34          FDRE (Setup_fdre_C_D)        0.079    47.857    rgb_reg[0]
  -------------------------------------------------------------------
                         required time                         47.857    
                         arrival time                         -24.310    
  -------------------------------------------------------------------
                         slack                                 23.547    

Slack (MET) :             23.718ns  (required time - arrival time)
  Source:                 canvas_inst/grid_pos_x_reg[0]/C
                            (rising edge-triggered cell FDRE clocked by clk_pixel  {rise@0.000ns fall@20.000ns period=40.000ns})
  Destination:            rgb_reg[7]/D
                            (rising edge-triggered cell FDRE clocked by clk_pixel  {rise@0.000ns fall@20.000ns period=40.000ns})
  Path Group:             clk_pixel
  Path Type:              Setup (Max at Slow Process Corner)
  Requirement:            40.000ns  (clk_pixel rise@40.000ns - clk_pixel rise@0.000ns)
  Data Path Delay:        16.301ns  (logic 2.745ns (16.839%)  route 13.556ns (83.161%))
  Logic Levels:           11  (CARRY4=1 LUT2=1 LUT4=2 LUT5=2 LUT6=5)
  Clock Path Skew:        -0.027ns (DCD - SCD + CPR)
    Destination Clock Delay (DCD):    7.284ns = ( 47.284 - 40.000 ) 
    Source Clock Delay      (SCD):    7.841ns
    Clock Pessimism Removal (CPR):    0.530ns
  Clock Uncertainty:      0.035ns  ((TSJ^2 + TIJ^2)^1/2 + DJ) / 2 + PE
    Total System Jitter     (TSJ):    0.071ns
    Total Input Jitter      (TIJ):    0.000ns
    Discrete Jitter          (DJ):    0.000ns
    Phase Error              (PE):    0.000ns

    Location             Delay type                Incr(ns)  Path(ns)    Netlist Resource(s)
  -------------------------------------------------------------------    -------------------
                         (clock clk_pixel rise edge)
                                                      0.000     0.000 r  
    W5                                                0.000     0.000 r  CLK100MHZ (IN)
                         net (fo=0)                   0.000     0.000    CLK100MHZ
    W5                   IBUF (Prop_ibuf_I_O)         1.458     1.458 r  CLK100MHZ_IBUF_inst/O
                         net (fo=1, routed)           1.967     3.425    CLK100MHZ_IBUF
    BUFGCTRL_X0Y0        BUFG (Prop_bufg_I_O)         0.096     3.521 r  CLK100MHZ_IBUF_BUFG_inst/O
                         net (fo=1064, routed)        1.565     5.086    clkdiv_pixel_inst/CLK100MHZ_IBUF_BUFG
    SLICE_X36Y46         FDRE (Prop_fdre_C_Q)         0.456     5.542 r  clkdiv_pixel_inst/clk_out_reg/Q
                         net (fo=2, routed)           0.582     6.124    clk_pixel
    BUFGCTRL_X0Y1        BUFG (Prop_bufg_I_O)         0.096     6.220 r  clk_pixel_BUFG_inst/O
                         net (fo=300, routed)         1.621     7.841    canvas_inst/render_clk
    SLICE_X7Y21          FDRE                                         r  canvas_inst/grid_pos_x_reg[0]/C
  -------------------------------------------------------------------    -------------------
    SLICE_X7Y21          FDRE (Prop_fdre_C_Q)         0.456     8.297 r  canvas_inst/grid_pos_x_reg[0]/Q
                         net (fo=7, routed)           0.975     9.272    vga_ctrl_inst/grid_pos_x_reg[11][0]
    SLICE_X3Y26          LUT2 (Prop_lut2_I1_O)        0.124     9.396 r  vga_ctrl_inst/g0_b13_i_23/O
                         net (fo=1, routed)           0.000     9.396    vga_ctrl_inst/g0_b13_i_23_n_0
    SLICE_X3Y26          CARRY4 (Prop_carry4_S[0]_O[1])
                                                      0.424     9.820 r  vga_ctrl_inst/g0_b13_i_8/O[1]
                         net (fo=14, routed)          2.391    12.211    canvas_inst/cell_offset_x[1]
    SLICE_X9Y38          LUT4 (Prop_lut4_I2_O)        0.303    12.514 r  canvas_inst/g0_b13_i_2/O
                         net (fo=113, routed)         3.059    15.573    canvas_inst/g0_b13_i_2_n_0
    SLICE_X2Y40          LUT5 (Prop_lut5_I1_O)        0.150    15.723 r  canvas_inst/g0_b31__1/O
                         net (fo=26, routed)          1.086    16.810    canvas_inst/g0_b31__1_n_0
    SLICE_X3Y44          LUT4 (Prop_lut4_I0_O)        0.342    17.152 r  canvas_inst/rgb[11]_i_79/O
                         net (fo=7, routed)           1.788    18.940    canvas_inst/rgb[11]_i_79_n_0
    SLICE_X5Y40          LUT6 (Prop_lut6_I1_O)        0.326    19.266 r  canvas_inst/rgb[11]_i_67/O
                         net (fo=1, routed)           0.808    20.074    canvas_inst/rgb[11]_i_67_n_0
    SLICE_X4Y41          LUT6 (Prop_lut6_I2_O)        0.124    20.198 f  canvas_inst/rgb[11]_i_32/O
                         net (fo=1, routed)           1.021    21.219    canvas_inst/rgb[11]_i_32_n_0
    SLICE_X6Y42          LUT6 (Prop_lut6_I1_O)        0.124    21.343 r  canvas_inst/rgb[11]_i_19/O
                         net (fo=1, routed)           0.961    22.304    canvas_inst/rgb[11]_i_19_n_0
    SLICE_X6Y39          LUT6 (Prop_lut6_I1_O)        0.124    22.428 r  canvas_inst/rgb[11]_i_10/O
                         net (fo=7, routed)           1.039    23.467    canvas_inst/rgb_reg[3]_0
    SLICE_X3Y34          LUT5 (Prop_lut5_I1_O)        0.124    23.591 r  canvas_inst/rgb[7]_i_2/O
                         net (fo=1, routed)           0.427    24.018    mouse_disp_inst/cell_data_reg[5]
    SLICE_X2Y35          LUT6 (Prop_lut6_I5_O)        0.124    24.142 r  mouse_disp_inst/rgb[7]_i_1/O
                         net (fo=1, routed)           0.000    24.142    mouse_disp_inst_n_5
    SLICE_X2Y35          FDRE                                         r  rgb_reg[7]/D
  -------------------------------------------------------------------    -------------------

                         (clock clk_pixel rise edge)
                                                     40.000    40.000 r  
    W5                                                0.000    40.000 r  CLK100MHZ (IN)
                         net (fo=0)                   0.000    40.000    CLK100MHZ
    W5                   IBUF (Prop_ibuf_I_O)         1.388    41.388 r  CLK100MHZ_IBUF_inst/O
                         net (fo=1, routed)           1.862    43.250    CLK100MHZ_IBUF
    BUFGCTRL_X0Y0        BUFG (Prop_bufg_I_O)         0.091    43.341 r  CLK100MHZ_IBUF_BUFG_inst/O
                         net (fo=1064, routed)        1.445    44.786    clkdiv_pixel_inst/CLK100MHZ_IBUF_BUFG
    SLICE_X36Y46         FDRE (Prop_fdre_C_Q)         0.367    45.153 r  clkdiv_pixel_inst/clk_out_reg/Q
                         net (fo=2, routed)           0.526    45.679    clk_pixel
    BUFGCTRL_X0Y1        BUFG (Prop_bufg_I_O)         0.091    45.770 r  clk_pixel_BUFG_inst/O
                         net (fo=300, routed)         1.514    47.284    clk_pixel_BUFG
    SLICE_X2Y35          FDRE                                         r  rgb_reg[7]/C
                         clock pessimism              0.530    47.814    
                         clock uncertainty           -0.035    47.779    
    SLICE_X2Y35          FDRE (Setup_fdre_C_D)        0.081    47.860    rgb_reg[7]
  -------------------------------------------------------------------
                         required time                         47.860    
                         arrival time                         -24.142    
  -------------------------------------------------------------------
                         slack                                 23.718    

Slack (MET) :             23.765ns  (required time - arrival time)
  Source:                 canvas_inst/grid_pos_x_reg[0]/C
                            (rising edge-triggered cell FDRE clocked by clk_pixel  {rise@0.000ns fall@20.000ns period=40.000ns})
  Destination:            rgb_reg[10]/D
                            (rising edge-triggered cell FDRE clocked by clk_pixel  {rise@0.000ns fall@20.000ns period=40.000ns})
  Path Group:             clk_pixel
  Path Type:              Setup (Max at Slow Process Corner)
  Requirement:            40.000ns  (clk_pixel rise@40.000ns - clk_pixel rise@0.000ns)
  Data Path Delay:        16.200ns  (logic 2.973ns (18.352%)  route 13.227ns (81.648%))
  Logic Levels:           11  (CARRY4=1 LUT2=1 LUT4=3 LUT5=1 LUT6=5)
  Clock Path Skew:        -0.029ns (DCD - SCD + CPR)
    Destination Clock Delay (DCD):    7.282ns = ( 47.282 - 40.000 ) 
    Source Clock Delay      (SCD):    7.841ns
    Clock Pessimism Removal (CPR):    0.530ns
  Clock Uncertainty:      0.035ns  ((TSJ^2 + TIJ^2)^1/2 + DJ) / 2 + PE
    Total System Jitter     (TSJ):    0.071ns
    Total Input Jitter      (TIJ):    0.000ns
    Discrete Jitter          (DJ):    0.000ns
    Phase Error              (PE):    0.000ns

    Location             Delay type                Incr(ns)  Path(ns)    Netlist Resource(s)
  -------------------------------------------------------------------    -------------------
                         (clock clk_pixel rise edge)
                                                      0.000     0.000 r  
    W5                                                0.000     0.000 r  CLK100MHZ (IN)
                         net (fo=0)                   0.000     0.000    CLK100MHZ
    W5                   IBUF (Prop_ibuf_I_O)         1.458     1.458 r  CLK100MHZ_IBUF_inst/O
                         net (fo=1, routed)           1.967     3.425    CLK100MHZ_IBUF
    BUFGCTRL_X0Y0        BUFG (Prop_bufg_I_O)         0.096     3.521 r  CLK100MHZ_IBUF_BUFG_inst/O
                         net (fo=1064, routed)        1.565     5.086    clkdiv_pixel_inst/CLK100MHZ_IBUF_BUFG
    SLICE_X36Y46         FDRE (Prop_fdre_C_Q)         0.456     5.542 r  clkdiv_pixel_inst/clk_out_reg/Q
                         net (fo=2, routed)           0.582     6.124    clk_pixel
    BUFGCTRL_X0Y1        BUFG (Prop_bufg_I_O)         0.096     6.220 r  clk_pixel_BUFG_inst/O
                         net (fo=300, routed)         1.621     7.841    canvas_inst/render_clk
    SLICE_X7Y21          FDRE                                         r  canvas_inst/grid_pos_x_reg[0]/C
  -------------------------------------------------------------------    -------------------
    SLICE_X7Y21          FDRE (Prop_fdre_C_Q)         0.456     8.297 r  canvas_inst/grid_pos_x_reg[0]/Q
                         net (fo=7, routed)           0.975     9.272    vga_ctrl_inst/grid_pos_x_reg[11][0]
    SLICE_X3Y26          LUT2 (Prop_lut2_I1_O)        0.124     9.396 r  vga_ctrl_inst/g0_b13_i_23/O
                         net (fo=1, routed)           0.000     9.396    vga_ctrl_inst/g0_b13_i_23_n_0
    SLICE_X3Y26          CARRY4 (Prop_carry4_S[0]_O[1])
                                                      0.424     9.820 r  vga_ctrl_inst/g0_b13_i_8/O[1]
                         net (fo=14, routed)          2.391    12.211    canvas_inst/cell_offset_x[1]
    SLICE_X9Y38          LUT4 (Prop_lut4_I2_O)        0.303    12.514 r  canvas_inst/g0_b13_i_2/O
                         net (fo=113, routed)         3.059    15.573    canvas_inst/g0_b13_i_2_n_0
    SLICE_X2Y40          LUT5 (Prop_lut5_I1_O)        0.150    15.723 r  canvas_inst/g0_b31__1/O
                         net (fo=26, routed)          1.086    16.810    canvas_inst/g0_b31__1_n_0
    SLICE_X3Y44          LUT4 (Prop_lut4_I0_O)        0.342    17.152 r  canvas_inst/rgb[11]_i_79/O
                         net (fo=7, routed)           1.788    18.940    canvas_inst/rgb[11]_i_79_n_0
    SLICE_X5Y40          LUT6 (Prop_lut6_I1_O)        0.326    19.266 r  canvas_inst/rgb[11]_i_67/O
                         net (fo=1, routed)           0.808    20.074    canvas_inst/rgb[11]_i_67_n_0
    SLICE_X4Y41          LUT6 (Prop_lut6_I2_O)        0.124    20.198 f  canvas_inst/rgb[11]_i_32/O
                         net (fo=1, routed)           1.021    21.219    canvas_inst/rgb[11]_i_32_n_0
    SLICE_X6Y42          LUT6 (Prop_lut6_I1_O)        0.124    21.343 r  canvas_inst/rgb[11]_i_19/O
                         net (fo=1, routed)           0.961    22.304    canvas_inst/rgb[11]_i_19_n_0
    SLICE_X6Y39          LUT6 (Prop_lut6_I1_O)        0.124    22.428 r  canvas_inst/rgb[11]_i_10/O
                         net (fo=7, routed)           0.822    23.250    vga_ctrl_inst/cell_data_reg[0]_1
    SLICE_X4Y34          LUT4 (Prop_lut4_I3_O)        0.150    23.400 r  vga_ctrl_inst/rgb[10]_i_2/O
                         net (fo=2, routed)           0.315    23.715    mouse_disp_inst/cell_data_reg[7]_0
    SLICE_X4Y35          LUT6 (Prop_lut6_I5_O)        0.326    24.041 r  mouse_disp_inst/rgb[10]_i_1/O
                         net (fo=1, routed)           0.000    24.041    mouse_disp_inst_n_2
    SLICE_X4Y35          FDRE                                         r  rgb_reg[10]/D
  -------------------------------------------------------------------    -------------------

                         (clock clk_pixel rise edge)
                                                     40.000    40.000 r  
    W5                                                0.000    40.000 r  CLK100MHZ (IN)
                         net (fo=0)                   0.000    40.000    CLK100MHZ
    W5                   IBUF (Prop_ibuf_I_O)         1.388    41.388 r  CLK100MHZ_IBUF_inst/O
                         net (fo=1, routed)           1.862    43.250    CLK100MHZ_IBUF
    BUFGCTRL_X0Y0        BUFG (Prop_bufg_I_O)         0.091    43.341 r  CLK100MHZ_IBUF_BUFG_inst/O
                         net (fo=1064, routed)        1.445    44.786    clkdiv_pixel_inst/CLK100MHZ_IBUF_BUFG
    SLICE_X36Y46         FDRE (Prop_fdre_C_Q)         0.367    45.153 r  clkdiv_pixel_inst/clk_out_reg/Q
                         net (fo=2, routed)           0.526    45.679    clk_pixel
    BUFGCTRL_X0Y1        BUFG (Prop_bufg_I_O)         0.091    45.770 r  clk_pixel_BUFG_inst/O
                         net (fo=300, routed)         1.512    47.282    clk_pixel_BUFG
    SLICE_X4Y35          FDRE                                         r  rgb_reg[10]/C
                         clock pessimism              0.530    47.812    
                         clock uncertainty           -0.035    47.777    
    SLICE_X4Y35          FDRE (Setup_fdre_C_D)        0.029    47.806    rgb_reg[10]
  -------------------------------------------------------------------
                         required time                         47.806    
                         arrival time                         -24.041    
  -------------------------------------------------------------------
                         slack                                 23.765    

Slack (MET) :             23.897ns  (required time - arrival time)
  Source:                 canvas_inst/grid_pos_x_reg[0]/C
                            (rising edge-triggered cell FDRE clocked by clk_pixel  {rise@0.000ns fall@20.000ns period=40.000ns})
  Destination:            rgb_reg[2]/D
                            (rising edge-triggered cell FDRE clocked by clk_pixel  {rise@0.000ns fall@20.000ns period=40.000ns})
  Path Group:             clk_pixel
  Path Type:              Setup (Max at Slow Process Corner)
  Requirement:            40.000ns  (clk_pixel rise@40.000ns - clk_pixel rise@0.000ns)
  Data Path Delay:        16.070ns  (logic 2.745ns (17.081%)  route 13.325ns (82.919%))
  Logic Levels:           11  (CARRY4=1 LUT2=1 LUT4=3 LUT5=1 LUT6=5)
  Clock Path Skew:        -0.028ns (DCD - SCD + CPR)
    Destination Clock Delay (DCD):    7.283ns = ( 47.283 - 40.000 ) 
    Source Clock Delay      (SCD):    7.841ns
    Clock Pessimism Removal (CPR):    0.530ns
  Clock Uncertainty:      0.035ns  ((TSJ^2 + TIJ^2)^1/2 + DJ) / 2 + PE
    Total System Jitter     (TSJ):    0.071ns
    Total Input Jitter      (TIJ):    0.000ns
    Discrete Jitter          (DJ):    0.000ns
    Phase Error              (PE):    0.000ns

    Location             Delay type                Incr(ns)  Path(ns)    Netlist Resource(s)
  -------------------------------------------------------------------    -------------------
                         (clock clk_pixel rise edge)
                                                      0.000     0.000 r  
    W5                                                0.000     0.000 r  CLK100MHZ (IN)
                         net (fo=0)                   0.000     0.000    CLK100MHZ
    W5                   IBUF (Prop_ibuf_I_O)         1.458     1.458 r  CLK100MHZ_IBUF_inst/O
                         net (fo=1, routed)           1.967     3.425    CLK100MHZ_IBUF
    BUFGCTRL_X0Y0        BUFG (Prop_bufg_I_O)         0.096     3.521 r  CLK100MHZ_IBUF_BUFG_inst/O
                         net (fo=1064, routed)        1.565     5.086    clkdiv_pixel_inst/CLK100MHZ_IBUF_BUFG
    SLICE_X36Y46         FDRE (Prop_fdre_C_Q)         0.456     5.542 r  clkdiv_pixel_inst/clk_out_reg/Q
                         net (fo=2, routed)           0.582     6.124    clk_pixel
    BUFGCTRL_X0Y1        BUFG (Prop_bufg_I_O)         0.096     6.220 r  clk_pixel_BUFG_inst/O
                         net (fo=300, routed)         1.621     7.841    canvas_inst/render_clk
    SLICE_X7Y21          FDRE                                         r  canvas_inst/grid_pos_x_reg[0]/C
  -------------------------------------------------------------------    -------------------
    SLICE_X7Y21          FDRE (Prop_fdre_C_Q)         0.456     8.297 r  canvas_inst/grid_pos_x_reg[0]/Q
                         net (fo=7, routed)           0.975     9.272    vga_ctrl_inst/grid_pos_x_reg[11][0]
    SLICE_X3Y26          LUT2 (Prop_lut2_I1_O)        0.124     9.396 r  vga_ctrl_inst/g0_b13_i_23/O
                         net (fo=1, routed)           0.000     9.396    vga_ctrl_inst/g0_b13_i_23_n_0
    SLICE_X3Y26          CARRY4 (Prop_carry4_S[0]_O[1])
                                                      0.424     9.820 r  vga_ctrl_inst/g0_b13_i_8/O[1]
                         net (fo=14, routed)          2.391    12.211    canvas_inst/cell_offset_x[1]
    SLICE_X9Y38          LUT4 (Prop_lut4_I2_O)        0.303    12.514 r  canvas_inst/g0_b13_i_2/O
                         net (fo=113, routed)         3.059    15.573    canvas_inst/g0_b13_i_2_n_0
    SLICE_X2Y40          LUT5 (Prop_lut5_I1_O)        0.150    15.723 r  canvas_inst/g0_b31__1/O
                         net (fo=26, routed)          1.086    16.810    canvas_inst/g0_b31__1_n_0
    SLICE_X3Y44          LUT4 (Prop_lut4_I0_O)        0.342    17.152 r  canvas_inst/rgb[11]_i_79/O
                         net (fo=7, routed)           1.788    18.940    canvas_inst/rgb[11]_i_79_n_0
    SLICE_X5Y40          LUT6 (Prop_lut6_I1_O)        0.326    19.266 r  canvas_inst/rgb[11]_i_67/O
                         net (fo=1, routed)           0.808    20.074    canvas_inst/rgb[11]_i_67_n_0
    SLICE_X4Y41          LUT6 (Prop_lut6_I2_O)        0.124    20.198 f  canvas_inst/rgb[11]_i_32/O
                         net (fo=1, routed)           1.021    21.219    canvas_inst/rgb[11]_i_32_n_0
    SLICE_X6Y42          LUT6 (Prop_lut6_I1_O)        0.124    21.343 r  canvas_inst/rgb[11]_i_19/O
                         net (fo=1, routed)           0.961    22.304    canvas_inst/rgb[11]_i_19_n_0
    SLICE_X6Y39          LUT6 (Prop_lut6_I1_O)        0.124    22.428 r  canvas_inst/rgb[11]_i_10/O
                         net (fo=7, routed)           0.822    23.250    vga_ctrl_inst/cell_data_reg[0]_1
    SLICE_X4Y34          LUT4 (Prop_lut4_I3_O)        0.124    23.374 r  vga_ctrl_inst/rgb[2]_i_2/O
                         net (fo=1, routed)           0.414    23.788    mouse_disp_inst/cell_data_reg[7]
    SLICE_X3Y34          LUT6 (Prop_lut6_I5_O)        0.124    23.912 r  mouse_disp_inst/rgb[2]_i_1/O
                         net (fo=1, routed)           0.000    23.912    mouse_disp_inst_n_10
    SLICE_X3Y34          FDRE                                         r  rgb_reg[2]/D
  -------------------------------------------------------------------    -------------------

                         (clock clk_pixel rise edge)
                                                     40.000    40.000 r  
    W5                                                0.000    40.000 r  CLK100MHZ (IN)
                         net (fo=0)                   0.000    40.000    CLK100MHZ
    W5                   IBUF (Prop_ibuf_I_O)         1.388    41.388 r  CLK100MHZ_IBUF_inst/O
                         net (fo=1, routed)           1.862    43.250    CLK100MHZ_IBUF
    BUFGCTRL_X0Y0        BUFG (Prop_bufg_I_O)         0.091    43.341 r  CLK100MHZ_IBUF_BUFG_inst/O
                         net (fo=1064, routed)        1.445    44.786    clkdiv_pixel_inst/CLK100MHZ_IBUF_BUFG
    SLICE_X36Y46         FDRE (Prop_fdre_C_Q)         0.367    45.153 r  clkdiv_pixel_inst/clk_out_reg/Q
                         net (fo=2, routed)           0.526    45.679    clk_pixel
    BUFGCTRL_X0Y1        BUFG (Prop_bufg_I_O)         0.091    45.770 r  clk_pixel_BUFG_inst/O
                         net (fo=300, routed)         1.513    47.283    clk_pixel_BUFG
    SLICE_X3Y34          FDRE                                         r  rgb_reg[2]/C
                         clock pessimism              0.530    47.813    
                         clock uncertainty           -0.035    47.778    
    SLICE_X3Y34          FDRE (Setup_fdre_C_D)        0.031    47.809    rgb_reg[2]
  -------------------------------------------------------------------
                         required time                         47.809    
                         arrival time                         -23.912    
  -------------------------------------------------------------------
                         slack                                 23.897    

Slack (MET) :             23.901ns  (required time - arrival time)
  Source:                 canvas_inst/grid_pos_x_reg[0]/C
                            (rising edge-triggered cell FDRE clocked by clk_pixel  {rise@0.000ns fall@20.000ns period=40.000ns})
  Destination:            rgb_reg[5]/D
                            (rising edge-triggered cell FDRE clocked by clk_pixel  {rise@0.000ns fall@20.000ns period=40.000ns})
  Path Group:             clk_pixel
  Path Type:              Setup (Max at Slow Process Corner)
  Requirement:            40.000ns  (clk_pixel rise@40.000ns - clk_pixel rise@0.000ns)
  Data Path Delay:        16.065ns  (logic 2.745ns (17.087%)  route 13.320ns (82.913%))
  Logic Levels:           11  (CARRY4=1 LUT2=1 LUT4=2 LUT5=2 LUT6=5)
  Clock Path Skew:        -0.029ns (DCD - SCD + CPR)
    Destination Clock Delay (DCD):    7.282ns = ( 47.282 - 40.000 ) 
    Source Clock Delay      (SCD):    7.841ns
    Clock Pessimism Removal (CPR):    0.530ns
  Clock Uncertainty:      0.035ns  ((TSJ^2 + TIJ^2)^1/2 + DJ) / 2 + PE
    Total System Jitter     (TSJ):    0.071ns
    Total Input Jitter      (TIJ):    0.000ns
    Discrete Jitter          (DJ):    0.000ns
    Phase Error              (PE):    0.000ns

    Location             Delay type                Incr(ns)  Path(ns)    Netlist Resource(s)
  -------------------------------------------------------------------    -------------------
                         (clock clk_pixel rise edge)
                                                      0.000     0.000 r  
    W5                                                0.000     0.000 r  CLK100MHZ (IN)
                         net (fo=0)                   0.000     0.000    CLK100MHZ
    W5                   IBUF (Prop_ibuf_I_O)         1.458     1.458 r  CLK100MHZ_IBUF_inst/O
                         net (fo=1, routed)           1.967     3.425    CLK100MHZ_IBUF
    BUFGCTRL_X0Y0        BUFG (Prop_bufg_I_O)         0.096     3.521 r  CLK100MHZ_IBUF_BUFG_inst/O
                         net (fo=1064, routed)        1.565     5.086    clkdiv_pixel_inst/CLK100MHZ_IBUF_BUFG
    SLICE_X36Y46         FDRE (Prop_fdre_C_Q)         0.456     5.542 r  clkdiv_pixel_inst/clk_out_reg/Q
                         net (fo=2, routed)           0.582     6.124    clk_pixel
    BUFGCTRL_X0Y1        BUFG (Prop_bufg_I_O)         0.096     6.220 r  clk_pixel_BUFG_inst/O
                         net (fo=300, routed)         1.621     7.841    canvas_inst/render_clk
    SLICE_X7Y21          FDRE                                         r  canvas_inst/grid_pos_x_reg[0]/C
  -------------------------------------------------------------------    -------------------
    SLICE_X7Y21          FDRE (Prop_fdre_C_Q)         0.456     8.297 r  canvas_inst/grid_pos_x_reg[0]/Q
                         net (fo=7, routed)           0.975     9.272    vga_ctrl_inst/grid_pos_x_reg[11][0]
    SLICE_X3Y26          LUT2 (Prop_lut2_I1_O)        0.124     9.396 r  vga_ctrl_inst/g0_b13_i_23/O
                         net (fo=1, routed)           0.000     9.396    vga_ctrl_inst/g0_b13_i_23_n_0
    SLICE_X3Y26          CARRY4 (Prop_carry4_S[0]_O[1])
                                                      0.424     9.820 r  vga_ctrl_inst/g0_b13_i_8/O[1]
                         net (fo=14, routed)          2.391    12.211    canvas_inst/cell_offset_x[1]
    SLICE_X9Y38          LUT4 (Prop_lut4_I2_O)        0.303    12.514 r  canvas_inst/g0_b13_i_2/O
                         net (fo=113, routed)         3.059    15.573    canvas_inst/g0_b13_i_2_n_0
    SLICE_X2Y40          LUT5 (Prop_lut5_I1_O)        0.150    15.723 r  canvas_inst/g0_b31__1/O
                         net (fo=26, routed)          1.086    16.810    canvas_inst/g0_b31__1_n_0
    SLICE_X3Y44          LUT4 (Prop_lut4_I0_O)        0.342    17.152 r  canvas_inst/rgb[11]_i_79/O
                         net (fo=7, routed)           1.788    18.940    canvas_inst/rgb[11]_i_79_n_0
    SLICE_X5Y40          LUT6 (Prop_lut6_I1_O)        0.326    19.266 r  canvas_inst/rgb[11]_i_67/O
                         net (fo=1, routed)           0.808    20.074    canvas_inst/rgb[11]_i_67_n_0
    SLICE_X4Y41          LUT6 (Prop_lut6_I2_O)        0.124    20.198 f  canvas_inst/rgb[11]_i_32/O
                         net (fo=1, routed)           1.021    21.219    canvas_inst/rgb[11]_i_32_n_0
    SLICE_X6Y42          LUT6 (Prop_lut6_I1_O)        0.124    21.343 r  canvas_inst/rgb[11]_i_19/O
                         net (fo=1, routed)           0.961    22.304    canvas_inst/rgb[11]_i_19_n_0
    SLICE_X6Y39          LUT6 (Prop_lut6_I1_O)        0.124    22.428 r  canvas_inst/rgb[11]_i_10/O
                         net (fo=7, routed)           0.811    23.239    vga_ctrl_inst/cell_data_reg[0]_1
    SLICE_X4Y34          LUT6 (Prop_lut6_I2_O)        0.124    23.363 r  vga_ctrl_inst/rgb[5]_i_2/O
                         net (fo=1, routed)           0.420    23.782    mouse_disp_inst/cell_data_reg[0]_1
    SLICE_X4Y35          LUT5 (Prop_lut5_I4_O)        0.124    23.906 r  mouse_disp_inst/rgb[5]_i_1/O
                         net (fo=1, routed)           0.000    23.906    mouse_disp_inst_n_7
    SLICE_X4Y35          FDRE                                         r  rgb_reg[5]/D
  -------------------------------------------------------------------    -------------------

                         (clock clk_pixel rise edge)
                                                     40.000    40.000 r  
    W5                                                0.000    40.000 r  CLK100MHZ (IN)
                         net (fo=0)                   0.000    40.000    CLK100MHZ
    W5                   IBUF (Prop_ibuf_I_O)         1.388    41.388 r  CLK100MHZ_IBUF_inst/O
                         net (fo=1, routed)           1.862    43.250    CLK100MHZ_IBUF
    BUFGCTRL_X0Y0        BUFG (Prop_bufg_I_O)         0.091    43.341 r  CLK100MHZ_IBUF_BUFG_inst/O
                         net (fo=1064, routed)        1.445    44.786    clkdiv_pixel_inst/CLK100MHZ_IBUF_BUFG
    SLICE_X36Y46         FDRE (Prop_fdre_C_Q)         0.367    45.153 r  clkdiv_pixel_inst/clk_out_reg/Q
                         net (fo=2, routed)           0.526    45.679    clk_pixel
    BUFGCTRL_X0Y1        BUFG (Prop_bufg_I_O)         0.091    45.770 r  clk_pixel_BUFG_inst/O
                         net (fo=300, routed)         1.512    47.282    clk_pixel_BUFG
    SLICE_X4Y35          FDRE                                         r  rgb_reg[5]/C
                         clock pessimism              0.530    47.812    
                         clock uncertainty           -0.035    47.777    
    SLICE_X4Y35          FDRE (Setup_fdre_C_D)        0.031    47.808    rgb_reg[5]
  -------------------------------------------------------------------
                         required time                         47.808    
                         arrival time                         -23.906    
  -------------------------------------------------------------------
                         slack                                 23.901    

Slack (MET) :             23.933ns  (required time - arrival time)
  Source:                 canvas_inst/grid_pos_x_reg[0]/C
                            (rising edge-triggered cell FDRE clocked by clk_pixel  {rise@0.000ns fall@20.000ns period=40.000ns})
  Destination:            rgb_reg[8]/D
                            (rising edge-triggered cell FDRE clocked by clk_pixel  {rise@0.000ns fall@20.000ns period=40.000ns})
  Path Group:             clk_pixel
  Path Type:              Setup (Max at Slow Process Corner)
  Requirement:            40.000ns  (clk_pixel rise@40.000ns - clk_pixel rise@0.000ns)
  Data Path Delay:        16.083ns  (logic 2.745ns (17.067%)  route 13.338ns (82.933%))
  Logic Levels:           11  (CARRY4=1 LUT2=1 LUT4=2 LUT5=1 LUT6=6)
  Clock Path Skew:        -0.027ns (DCD - SCD + CPR)
    Destination Clock Delay (DCD):    7.284ns = ( 47.284 - 40.000 ) 
    Source Clock Delay      (SCD):    7.841ns
    Clock Pessimism Removal (CPR):    0.530ns
  Clock Uncertainty:      0.035ns  ((TSJ^2 + TIJ^2)^1/2 + DJ) / 2 + PE
    Total System Jitter     (TSJ):    0.071ns
    Total Input Jitter      (TIJ):    0.000ns
    Discrete Jitter          (DJ):    0.000ns
    Phase Error              (PE):    0.000ns

    Location             Delay type                Incr(ns)  Path(ns)    Netlist Resource(s)
  -------------------------------------------------------------------    -------------------
                         (clock clk_pixel rise edge)
                                                      0.000     0.000 r  
    W5                                                0.000     0.000 r  CLK100MHZ (IN)
                         net (fo=0)                   0.000     0.000    CLK100MHZ
    W5                   IBUF (Prop_ibuf_I_O)         1.458     1.458 r  CLK100MHZ_IBUF_inst/O
                         net (fo=1, routed)           1.967     3.425    CLK100MHZ_IBUF
    BUFGCTRL_X0Y0        BUFG (Prop_bufg_I_O)         0.096     3.521 r  CLK100MHZ_IBUF_BUFG_inst/O
                         net (fo=1064, routed)        1.565     5.086    clkdiv_pixel_inst/CLK100MHZ_IBUF_BUFG
    SLICE_X36Y46         FDRE (Prop_fdre_C_Q)         0.456     5.542 r  clkdiv_pixel_inst/clk_out_reg/Q
                         net (fo=2, routed)           0.582     6.124    clk_pixel
    BUFGCTRL_X0Y1        BUFG (Prop_bufg_I_O)         0.096     6.220 r  clk_pixel_BUFG_inst/O
                         net (fo=300, routed)         1.621     7.841    canvas_inst/render_clk
    SLICE_X7Y21          FDRE                                         r  canvas_inst/grid_pos_x_reg[0]/C
  -------------------------------------------------------------------    -------------------
    SLICE_X7Y21          FDRE (Prop_fdre_C_Q)         0.456     8.297 r  canvas_inst/grid_pos_x_reg[0]/Q
                         net (fo=7, routed)           0.975     9.272    vga_ctrl_inst/grid_pos_x_reg[11][0]
    SLICE_X3Y26          LUT2 (Prop_lut2_I1_O)        0.124     9.396 r  vga_ctrl_inst/g0_b13_i_23/O
                         net (fo=1, routed)           0.000     9.396    vga_ctrl_inst/g0_b13_i_23_n_0
    SLICE_X3Y26          CARRY4 (Prop_carry4_S[0]_O[1])
                                                      0.424     9.820 r  vga_ctrl_inst/g0_b13_i_8/O[1]
                         net (fo=14, routed)          2.391    12.211    canvas_inst/cell_offset_x[1]
    SLICE_X9Y38          LUT4 (Prop_lut4_I2_O)        0.303    12.514 r  canvas_inst/g0_b13_i_2/O
                         net (fo=113, routed)         3.059    15.573    canvas_inst/g0_b13_i_2_n_0
    SLICE_X2Y40          LUT5 (Prop_lut5_I1_O)        0.150    15.723 r  canvas_inst/g0_b31__1/O
                         net (fo=26, routed)          1.086    16.810    canvas_inst/g0_b31__1_n_0
    SLICE_X3Y44          LUT4 (Prop_lut4_I0_O)        0.342    17.152 r  canvas_inst/rgb[11]_i_79/O
                         net (fo=7, routed)           1.788    18.940    canvas_inst/rgb[11]_i_79_n_0
    SLICE_X5Y40          LUT6 (Prop_lut6_I1_O)        0.326    19.266 r  canvas_inst/rgb[11]_i_67/O
                         net (fo=1, routed)           0.808    20.074    canvas_inst/rgb[11]_i_67_n_0
    SLICE_X4Y41          LUT6 (Prop_lut6_I2_O)        0.124    20.198 f  canvas_inst/rgb[11]_i_32/O
                         net (fo=1, routed)           1.021    21.219    canvas_inst/rgb[11]_i_32_n_0
    SLICE_X6Y42          LUT6 (Prop_lut6_I1_O)        0.124    21.343 r  canvas_inst/rgb[11]_i_19/O
                         net (fo=1, routed)           0.961    22.304    canvas_inst/rgb[11]_i_19_n_0
    SLICE_X6Y39          LUT6 (Prop_lut6_I1_O)        0.124    22.428 r  canvas_inst/rgb[11]_i_10/O
                         net (fo=7, routed)           0.637    23.065    canvas_inst/rgb_reg[3]_0
    SLICE_X3Y34          LUT6 (Prop_lut6_I1_O)        0.124    23.189 r  canvas_inst/rgb[11]_i_4/O
                         net (fo=3, routed)           0.612    23.801    mouse_disp_inst/cell_data_reg[3]
    SLICE_X2Y35          LUT6 (Prop_lut6_I4_O)        0.124    23.925 r  mouse_disp_inst/rgb[8]_i_1/O
                         net (fo=1, routed)           0.000    23.925    mouse_disp_inst_n_4
    SLICE_X2Y35          FDRE                                         r  rgb_reg[8]/D
  -------------------------------------------------------------------    -------------------

                         (clock clk_pixel rise edge)
                                                     40.000    40.000 r  
    W5                                                0.000    40.000 r  CLK100MHZ (IN)
                         net (fo=0)                   0.000    40.000    CLK100MHZ
    W5                   IBUF (Prop_ibuf_I_O)         1.388    41.388 r  CLK100MHZ_IBUF_inst/O
                         net (fo=1, routed)           1.862    43.250    CLK100MHZ_IBUF
    BUFGCTRL_X0Y0        BUFG (Prop_bufg_I_O)         0.091    43.341 r  CLK100MHZ_IBUF_BUFG_inst/O
                         net (fo=1064, routed)        1.445    44.786    clkdiv_pixel_inst/CLK100MHZ_IBUF_BUFG
    SLICE_X36Y46         FDRE (Prop_fdre_C_Q)         0.367    45.153 r  clkdiv_pixel_inst/clk_out_reg/Q
                         net (fo=2, routed)           0.526    45.679    clk_pixel
    BUFGCTRL_X0Y1        BUFG (Prop_bufg_I_O)         0.091    45.770 r  clk_pixel_BUFG_inst/O
                         net (fo=300, routed)         1.514    47.284    clk_pixel_BUFG
    SLICE_X2Y35          FDRE                                         r  rgb_reg[8]/C
                         clock pessimism              0.530    47.814    
                         clock uncertainty           -0.035    47.779    
    SLICE_X2Y35          FDRE (Setup_fdre_C_D)        0.079    47.858    rgb_reg[8]
  -------------------------------------------------------------------
                         required time                         47.858    
                         arrival time                         -23.925    
  -------------------------------------------------------------------
                         slack                                 23.933    

Slack (MET) :             24.019ns  (required time - arrival time)
  Source:                 canvas_inst/grid_pos_x_reg[0]/C
                            (rising edge-triggered cell FDRE clocked by clk_pixel  {rise@0.000ns fall@20.000ns period=40.000ns})
  Destination:            rgb_reg[1]/D
                            (rising edge-triggered cell FDRE clocked by clk_pixel  {rise@0.000ns fall@20.000ns period=40.000ns})
  Path Group:             clk_pixel
  Path Type:              Setup (Max at Slow Process Corner)
  Requirement:            40.000ns  (clk_pixel rise@40.000ns - clk_pixel rise@0.000ns)
  Data Path Delay:        15.997ns  (logic 2.745ns (17.160%)  route 13.252ns (82.840%))
  Logic Levels:           11  (CARRY4=1 LUT2=1 LUT4=2 LUT5=2 LUT6=5)
  Clock Path Skew:        -0.028ns (DCD - SCD + CPR)
    Destination Clock Delay (DCD):    7.283ns = ( 47.283 - 40.000 ) 
    Source Clock Delay      (SCD):    7.841ns
    Clock Pessimism Removal (CPR):    0.530ns
  Clock Uncertainty:      0.035ns  ((TSJ^2 + TIJ^2)^1/2 + DJ) / 2 + PE
    Total System Jitter     (TSJ):    0.071ns
    Total Input Jitter      (TIJ):    0.000ns
    Discrete Jitter          (DJ):    0.000ns
    Phase Error              (PE):    0.000ns

    Location             Delay type                Incr(ns)  Path(ns)    Netlist Resource(s)
  -------------------------------------------------------------------    -------------------
                         (clock clk_pixel rise edge)
                                                      0.000     0.000 r  
    W5                                                0.000     0.000 r  CLK100MHZ (IN)
                         net (fo=0)                   0.000     0.000    CLK100MHZ
    W5                   IBUF (Prop_ibuf_I_O)         1.458     1.458 r  CLK100MHZ_IBUF_inst/O
                         net (fo=1, routed)           1.967     3.425    CLK100MHZ_IBUF
    BUFGCTRL_X0Y0        BUFG (Prop_bufg_I_O)         0.096     3.521 r  CLK100MHZ_IBUF_BUFG_inst/O
                         net (fo=1064, routed)        1.565     5.086    clkdiv_pixel_inst/CLK100MHZ_IBUF_BUFG
    SLICE_X36Y46         FDRE (Prop_fdre_C_Q)         0.456     5.542 r  clkdiv_pixel_inst/clk_out_reg/Q
                         net (fo=2, routed)           0.582     6.124    clk_pixel
    BUFGCTRL_X0Y1        BUFG (Prop_bufg_I_O)         0.096     6.220 r  clk_pixel_BUFG_inst/O
                         net (fo=300, routed)         1.621     7.841    canvas_inst/render_clk
    SLICE_X7Y21          FDRE                                         r  canvas_inst/grid_pos_x_reg[0]/C
  -------------------------------------------------------------------    -------------------
    SLICE_X7Y21          FDRE (Prop_fdre_C_Q)         0.456     8.297 r  canvas_inst/grid_pos_x_reg[0]/Q
                         net (fo=7, routed)           0.975     9.272    vga_ctrl_inst/grid_pos_x_reg[11][0]
    SLICE_X3Y26          LUT2 (Prop_lut2_I1_O)        0.124     9.396 r  vga_ctrl_inst/g0_b13_i_23/O
                         net (fo=1, routed)           0.000     9.396    vga_ctrl_inst/g0_b13_i_23_n_0
    SLICE_X3Y26          CARRY4 (Prop_carry4_S[0]_O[1])
                                                      0.424     9.820 r  vga_ctrl_inst/g0_b13_i_8/O[1]
                         net (fo=14, routed)          2.391    12.211    canvas_inst/cell_offset_x[1]
    SLICE_X9Y38          LUT4 (Prop_lut4_I2_O)        0.303    12.514 r  canvas_inst/g0_b13_i_2/O
                         net (fo=113, routed)         3.059    15.573    canvas_inst/g0_b13_i_2_n_0
    SLICE_X2Y40          LUT5 (Prop_lut5_I1_O)        0.150    15.723 r  canvas_inst/g0_b31__1/O
                         net (fo=26, routed)          1.086    16.810    canvas_inst/g0_b31__1_n_0
    SLICE_X3Y44          LUT4 (Prop_lut4_I0_O)        0.342    17.152 r  canvas_inst/rgb[11]_i_79/O
                         net (fo=7, routed)           1.788    18.940    canvas_inst/rgb[11]_i_79_n_0
    SLICE_X5Y40          LUT6 (Prop_lut6_I1_O)        0.326    19.266 r  canvas_inst/rgb[11]_i_67/O
                         net (fo=1, routed)           0.808    20.074    canvas_inst/rgb[11]_i_67_n_0
    SLICE_X4Y41          LUT6 (Prop_lut6_I2_O)        0.124    20.198 f  canvas_inst/rgb[11]_i_32/O
                         net (fo=1, routed)           1.021    21.219    canvas_inst/rgb[11]_i_32_n_0
    SLICE_X6Y42          LUT6 (Prop_lut6_I1_O)        0.124    21.343 r  canvas_inst/rgb[11]_i_19/O
                         net (fo=1, routed)           0.961    22.304    canvas_inst/rgb[11]_i_19_n_0
    SLICE_X6Y39          LUT6 (Prop_lut6_I1_O)        0.124    22.428 r  canvas_inst/rgb[11]_i_10/O
                         net (fo=7, routed)           0.636    23.064    vga_ctrl_inst/cell_data_reg[0]_1
    SLICE_X3Y34          LUT6 (Prop_lut6_I2_O)        0.124    23.188 r  vga_ctrl_inst/rgb[1]_i_2/O
                         net (fo=1, routed)           0.526    23.714    mouse_disp_inst/cell_data_reg[0]_0
    SLICE_X2Y34          LUT5 (Prop_lut5_I4_O)        0.124    23.838 r  mouse_disp_inst/rgb[1]_i_1/O
                         net (fo=1, routed)           0.000    23.838    mouse_disp_inst_n_11
    SLICE_X2Y34          FDRE                                         r  rgb_reg[1]/D
  -------------------------------------------------------------------    -------------------

                         (clock clk_pixel rise edge)
                                                     40.000    40.000 r  
    W5                                                0.000    40.000 r  CLK100MHZ (IN)
                         net (fo=0)                   0.000    40.000    CLK100MHZ
    W5                   IBUF (Prop_ibuf_I_O)         1.388    41.388 r  CLK100MHZ_IBUF_inst/O
                         net (fo=1, routed)           1.862    43.250    CLK100MHZ_IBUF
    BUFGCTRL_X0Y0        BUFG (Prop_bufg_I_O)         0.091    43.341 r  CLK100MHZ_IBUF_BUFG_inst/O
                         net (fo=1064, routed)        1.445    44.786    clkdiv_pixel_inst/CLK100MHZ_IBUF_BUFG
    SLICE_X36Y46         FDRE (Prop_fdre_C_Q)         0.367    45.153 r  clkdiv_pixel_inst/clk_out_reg/Q
                         net (fo=2, routed)           0.526    45.679    clk_pixel
    BUFGCTRL_X0Y1        BUFG (Prop_bufg_I_O)         0.091    45.770 r  clk_pixel_BUFG_inst/O
                         net (fo=300, routed)         1.513    47.283    clk_pixel_BUFG
    SLICE_X2Y34          FDRE                                         r  rgb_reg[1]/C
                         clock pessimism              0.530    47.813    
                         clock uncertainty           -0.035    47.778    
    SLICE_X2Y34          FDRE (Setup_fdre_C_D)        0.079    47.857    rgb_reg[1]
  -------------------------------------------------------------------
                         required time                         47.857    
                         arrival time                         -23.838    
  -------------------------------------------------------------------
                         slack                                 24.019    

Slack (MET) :             24.097ns  (required time - arrival time)
  Source:                 canvas_inst/grid_pos_x_reg[0]/C
                            (rising edge-triggered cell FDRE clocked by clk_pixel  {rise@0.000ns fall@20.000ns period=40.000ns})
  Destination:            rgb_reg[4]/D
                            (rising edge-triggered cell FDRE clocked by clk_pixel  {rise@0.000ns fall@20.000ns period=40.000ns})
  Path Group:             clk_pixel
  Path Type:              Setup (Max at Slow Process Corner)
  Requirement:            40.000ns  (clk_pixel rise@40.000ns - clk_pixel rise@0.000ns)
  Data Path Delay:        15.920ns  (logic 2.745ns (17.242%)  route 13.175ns (82.758%))
  Logic Levels:           11  (CARRY4=1 LUT2=1 LUT4=2 LUT5=1 LUT6=6)
  Clock Path Skew:        -0.028ns (DCD - SCD + CPR)
    Destination Clock Delay (DCD):    7.283ns = ( 47.283 - 40.000 ) 
    Source Clock Delay      (SCD):    7.841ns
    Clock Pessimism Removal (CPR):    0.530ns
  Clock Uncertainty:      0.035ns  ((TSJ^2 + TIJ^2)^1/2 + DJ) / 2 + PE
    Total System Jitter     (TSJ):    0.071ns
    Total Input Jitter      (TIJ):    0.000ns
    Discrete Jitter          (DJ):    0.000ns
    Phase Error              (PE):    0.000ns

    Location             Delay type                Incr(ns)  Path(ns)    Netlist Resource(s)
  -------------------------------------------------------------------    -------------------
                         (clock clk_pixel rise edge)
                                                      0.000     0.000 r  
    W5                                                0.000     0.000 r  CLK100MHZ (IN)
                         net (fo=0)                   0.000     0.000    CLK100MHZ
    W5                   IBUF (Prop_ibuf_I_O)         1.458     1.458 r  CLK100MHZ_IBUF_inst/O
                         net (fo=1, routed)           1.967     3.425    CLK100MHZ_IBUF
    BUFGCTRL_X0Y0        BUFG (Prop_bufg_I_O)         0.096     3.521 r  CLK100MHZ_IBUF_BUFG_inst/O
                         net (fo=1064, routed)        1.565     5.086    clkdiv_pixel_inst/CLK100MHZ_IBUF_BUFG
    SLICE_X36Y46         FDRE (Prop_fdre_C_Q)         0.456     5.542 r  clkdiv_pixel_inst/clk_out_reg/Q
                         net (fo=2, routed)           0.582     6.124    clk_pixel
    BUFGCTRL_X0Y1        BUFG (Prop_bufg_I_O)         0.096     6.220 r  clk_pixel_BUFG_inst/O
                         net (fo=300, routed)         1.621     7.841    canvas_inst/render_clk
    SLICE_X7Y21          FDRE                                         r  canvas_inst/grid_pos_x_reg[0]/C
  -------------------------------------------------------------------    -------------------
    SLICE_X7Y21          FDRE (Prop_fdre_C_Q)         0.456     8.297 r  canvas_inst/grid_pos_x_reg[0]/Q
                         net (fo=7, routed)           0.975     9.272    vga_ctrl_inst/grid_pos_x_reg[11][0]
    SLICE_X3Y26          LUT2 (Prop_lut2_I1_O)        0.124     9.396 r  vga_ctrl_inst/g0_b13_i_23/O
                         net (fo=1, routed)           0.000     9.396    vga_ctrl_inst/g0_b13_i_23_n_0
    SLICE_X3Y26          CARRY4 (Prop_carry4_S[0]_O[1])
                                                      0.424     9.820 r  vga_ctrl_inst/g0_b13_i_8/O[1]
                         net (fo=14, routed)          2.391    12.211    canvas_inst/cell_offset_x[1]
    SLICE_X9Y38          LUT4 (Prop_lut4_I2_O)        0.303    12.514 r  canvas_inst/g0_b13_i_2/O
                         net (fo=113, routed)         3.059    15.573    canvas_inst/g0_b13_i_2_n_0
    SLICE_X2Y40          LUT5 (Prop_lut5_I1_O)        0.150    15.723 r  canvas_inst/g0_b31__1/O
                         net (fo=26, routed)          1.086    16.810    canvas_inst/g0_b31__1_n_0
    SLICE_X3Y44          LUT4 (Prop_lut4_I0_O)        0.342    17.152 r  canvas_inst/rgb[11]_i_79/O
                         net (fo=7, routed)           1.788    18.940    canvas_inst/rgb[11]_i_79_n_0
    SLICE_X5Y40          LUT6 (Prop_lut6_I1_O)        0.326    19.266 r  canvas_inst/rgb[11]_i_67/O
                         net (fo=1, routed)           0.808    20.074    canvas_inst/rgb[11]_i_67_n_0
    SLICE_X4Y41          LUT6 (Prop_lut6_I2_O)        0.124    20.198 f  canvas_inst/rgb[11]_i_32/O
                         net (fo=1, routed)           1.021    21.219    canvas_inst/rgb[11]_i_32_n_0
    SLICE_X6Y42          LUT6 (Prop_lut6_I1_O)        0.124    21.343 r  canvas_inst/rgb[11]_i_19/O
                         net (fo=1, routed)           0.961    22.304    canvas_inst/rgb[11]_i_19_n_0
    SLICE_X6Y39          LUT6 (Prop_lut6_I1_O)        0.124    22.428 r  canvas_inst/rgb[11]_i_10/O
                         net (fo=7, routed)           0.637    23.065    canvas_inst/rgb_reg[3]_0
    SLICE_X3Y34          LUT6 (Prop_lut6_I1_O)        0.124    23.189 r  canvas_inst/rgb[11]_i_4/O
                         net (fo=3, routed)           0.449    23.638    mouse_disp_inst/cell_data_reg[3]
    SLICE_X2Y34          LUT6 (Prop_lut6_I4_O)        0.124    23.762 r  mouse_disp_inst/rgb[4]_i_1/O
                         net (fo=1, routed)           0.000    23.762    mouse_disp_inst_n_8
    SLICE_X2Y34          FDRE                                         r  rgb_reg[4]/D
  -------------------------------------------------------------------    -------------------

                         (clock clk_pixel rise edge)
                                                     40.000    40.000 r  
    W5                                                0.000    40.000 r  CLK100MHZ (IN)
                         net (fo=0)                   0.000    40.000    CLK100MHZ
    W5                   IBUF (Prop_ibuf_I_O)         1.388    41.388 r  CLK100MHZ_IBUF_inst/O
                         net (fo=1, routed)           1.862    43.250    CLK100MHZ_IBUF
    BUFGCTRL_X0Y0        BUFG (Prop_bufg_I_O)         0.091    43.341 r  CLK100MHZ_IBUF_BUFG_inst/O
                         net (fo=1064, routed)        1.445    44.786    clkdiv_pixel_inst/CLK100MHZ_IBUF_BUFG
    SLICE_X36Y46         FDRE (Prop_fdre_C_Q)         0.367    45.153 r  clkdiv_pixel_inst/clk_out_reg/Q
                         net (fo=2, routed)           0.526    45.679    clk_pixel
    BUFGCTRL_X0Y1        BUFG (Prop_bufg_I_O)         0.091    45.770 r  clk_pixel_BUFG_inst/O
                         net (fo=300, routed)         1.513    47.283    clk_pixel_BUFG
    SLICE_X2Y34          FDRE                                         r  rgb_reg[4]/C
                         clock pessimism              0.530    47.813    
                         clock uncertainty           -0.035    47.778    
    SLICE_X2Y34          FDRE (Setup_fdre_C_D)        0.081    47.859    rgb_reg[4]
  -------------------------------------------------------------------
                         required time                         47.859    
                         arrival time                         -23.762    
  -------------------------------------------------------------------
                         slack                                 24.097    

Slack (MET) :             24.215ns  (required time - arrival time)
  Source:                 canvas_inst/grid_pos_x_reg[0]/C
                            (rising edge-triggered cell FDRE clocked by clk_pixel  {rise@0.000ns fall@20.000ns period=40.000ns})
  Destination:            rgb_reg[11]/D
                            (rising edge-triggered cell FDRE clocked by clk_pixel  {rise@0.000ns fall@20.000ns period=40.000ns})
  Path Group:             clk_pixel
  Path Type:              Setup (Max at Slow Process Corner)
  Requirement:            40.000ns  (clk_pixel rise@40.000ns - clk_pixel rise@0.000ns)
  Data Path Delay:        15.799ns  (logic 2.745ns (17.374%)  route 13.054ns (82.626%))
  Logic Levels:           11  (CARRY4=1 LUT2=1 LUT4=2 LUT5=1 LUT6=6)
  Clock Path Skew:        -0.027ns (DCD - SCD + CPR)
    Destination Clock Delay (DCD):    7.284ns = ( 47.284 - 40.000 ) 
    Source Clock Delay      (SCD):    7.841ns
    Clock Pessimism Removal (CPR):    0.530ns
  Clock Uncertainty:      0.035ns  ((TSJ^2 + TIJ^2)^1/2 + DJ) / 2 + PE
    Total System Jitter     (TSJ):    0.071ns
    Total Input Jitter      (TIJ):    0.000ns
    Discrete Jitter          (DJ):    0.000ns
    Phase Error              (PE):    0.000ns

    Location             Delay type                Incr(ns)  Path(ns)    Netlist Resource(s)
  -------------------------------------------------------------------    -------------------
                         (clock clk_pixel rise edge)
                                                      0.000     0.000 r  
    W5                                                0.000     0.000 r  CLK100MHZ (IN)
                         net (fo=0)                   0.000     0.000    CLK100MHZ
    W5                   IBUF (Prop_ibuf_I_O)         1.458     1.458 r  CLK100MHZ_IBUF_inst/O
                         net (fo=1, routed)           1.967     3.425    CLK100MHZ_IBUF
    BUFGCTRL_X0Y0        BUFG (Prop_bufg_I_O)         0.096     3.521 r  CLK100MHZ_IBUF_BUFG_inst/O
                         net (fo=1064, routed)        1.565     5.086    clkdiv_pixel_inst/CLK100MHZ_IBUF_BUFG
    SLICE_X36Y46         FDRE (Prop_fdre_C_Q)         0.456     5.542 r  clkdiv_pixel_inst/clk_out_reg/Q
                         net (fo=2, routed)           0.582     6.124    clk_pixel
    BUFGCTRL_X0Y1        BUFG (Prop_bufg_I_O)         0.096     6.220 r  clk_pixel_BUFG_inst/O
                         net (fo=300, routed)         1.621     7.841    canvas_inst/render_clk
    SLICE_X7Y21          FDRE                                         r  canvas_inst/grid_pos_x_reg[0]/C
  -------------------------------------------------------------------    -------------------
    SLICE_X7Y21          FDRE (Prop_fdre_C_Q)         0.456     8.297 r  canvas_inst/grid_pos_x_reg[0]/Q
                         net (fo=7, routed)           0.975     9.272    vga_ctrl_inst/grid_pos_x_reg[11][0]
    SLICE_X3Y26          LUT2 (Prop_lut2_I1_O)        0.124     9.396 r  vga_ctrl_inst/g0_b13_i_23/O
                         net (fo=1, routed)           0.000     9.396    vga_ctrl_inst/g0_b13_i_23_n_0
    SLICE_X3Y26          CARRY4 (Prop_carry4_S[0]_O[1])
                                                      0.424     9.820 r  vga_ctrl_inst/g0_b13_i_8/O[1]
                         net (fo=14, routed)          2.391    12.211    canvas_inst/cell_offset_x[1]
    SLICE_X9Y38          LUT4 (Prop_lut4_I2_O)        0.303    12.514 r  canvas_inst/g0_b13_i_2/O
                         net (fo=113, routed)         3.059    15.573    canvas_inst/g0_b13_i_2_n_0
    SLICE_X2Y40          LUT5 (Prop_lut5_I1_O)        0.150    15.723 r  canvas_inst/g0_b31__1/O
                         net (fo=26, routed)          1.086    16.810    canvas_inst/g0_b31__1_n_0
    SLICE_X3Y44          LUT4 (Prop_lut4_I0_O)        0.342    17.152 r  canvas_inst/rgb[11]_i_79/O
                         net (fo=7, routed)           1.788    18.940    canvas_inst/rgb[11]_i_79_n_0
    SLICE_X5Y40          LUT6 (Prop_lut6_I1_O)        0.326    19.266 r  canvas_inst/rgb[11]_i_67/O
                         net (fo=1, routed)           0.808    20.074    canvas_inst/rgb[11]_i_67_n_0
    SLICE_X4Y41          LUT6 (Prop_lut6_I2_O)        0.124    20.198 f  canvas_inst/rgb[11]_i_32/O
                         net (fo=1, routed)           1.021    21.219    canvas_inst/rgb[11]_i_32_n_0
    SLICE_X6Y42          LUT6 (Prop_lut6_I1_O)        0.124    21.343 r  canvas_inst/rgb[11]_i_19/O
                         net (fo=1, routed)           0.961    22.304    canvas_inst/rgb[11]_i_19_n_0
    SLICE_X6Y39          LUT6 (Prop_lut6_I1_O)        0.124    22.428 r  canvas_inst/rgb[11]_i_10/O
                         net (fo=7, routed)           0.637    23.065    canvas_inst/rgb_reg[3]_0
    SLICE_X3Y34          LUT6 (Prop_lut6_I1_O)        0.124    23.189 r  canvas_inst/rgb[11]_i_4/O
                         net (fo=3, routed)           0.328    23.517    mouse_disp_inst/cell_data_reg[3]
    SLICE_X2Y35          LUT6 (Prop_lut6_I5_O)        0.124    23.641 r  mouse_disp_inst/rgb[11]_i_2/O
                         net (fo=1, routed)           0.000    23.641    mouse_disp_inst_n_1
    SLICE_X2Y35          FDRE                                         r  rgb_reg[11]/D
  -------------------------------------------------------------------    -------------------

                         (clock clk_pixel rise edge)
                                                     40.000    40.000 r  
    W5                                                0.000    40.000 r  CLK100MHZ (IN)
                         net (fo=0)                   0.000    40.000    CLK100MHZ
    W5                   IBUF (Prop_ibuf_I_O)         1.388    41.388 r  CLK100MHZ_IBUF_inst/O
                         net (fo=1, routed)           1.862    43.250    CLK100MHZ_IBUF
    BUFGCTRL_X0Y0        BUFG (Prop_bufg_I_O)         0.091    43.341 r  CLK100MHZ_IBUF_BUFG_inst/O
                         net (fo=1064, routed)        1.445    44.786    clkdiv_pixel_inst/CLK100MHZ_IBUF_BUFG
    SLICE_X36Y46         FDRE (Prop_fdre_C_Q)         0.367    45.153 r  clkdiv_pixel_inst/clk_out_reg/Q
                         net (fo=2, routed)           0.526    45.679    clk_pixel
    BUFGCTRL_X0Y1        BUFG (Prop_bufg_I_O)         0.091    45.770 r  clk_pixel_BUFG_inst/O
                         net (fo=300, routed)         1.514    47.284    clk_pixel_BUFG
    SLICE_X2Y35          FDRE                                         r  rgb_reg[11]/C
                         clock pessimism              0.530    47.814    
                         clock uncertainty           -0.035    47.779    
    SLICE_X2Y35          FDRE (Setup_fdre_C_D)        0.077    47.856    rgb_reg[11]
  -------------------------------------------------------------------
                         required time                         47.856    
                         arrival time                         -23.641    
  -------------------------------------------------------------------
                         slack                                 24.215    

Slack (MET) :             28.143ns  (required time - arrival time)
  Source:                 vga_ctrl_inst/v_count_reg_reg[7]/C
                            (rising edge-triggered cell FDCE clocked by clk_pixel  {rise@0.000ns fall@20.000ns period=40.000ns})
  Destination:            canvas_inst/cell_data_reg[1]/D
                            (rising edge-triggered cell FDRE clocked by clk_pixel  {rise@0.000ns fall@20.000ns period=40.000ns})
  Path Group:             clk_pixel
  Path Type:              Setup (Max at Slow Process Corner)
  Requirement:            40.000ns  (clk_pixel rise@40.000ns - clk_pixel rise@0.000ns)
  Data Path Delay:        11.652ns  (logic 3.419ns (29.342%)  route 8.233ns (70.658%))
  Logic Levels:           10  (CARRY4=5 LUT1=1 LUT2=2 LUT5=1 LUT6=1)
  Clock Path Skew:        -0.102ns (DCD - SCD + CPR)
    Destination Clock Delay (DCD):    7.213ns = ( 47.213 - 40.000 ) 
    Source Clock Delay      (SCD):    7.845ns
    Clock Pessimism Removal (CPR):    0.530ns
  Clock Uncertainty:      0.035ns  ((TSJ^2 + TIJ^2)^1/2 + DJ) / 2 + PE
    Total System Jitter     (TSJ):    0.071ns
    Total Input Jitter      (TIJ):    0.000ns
    Discrete Jitter          (DJ):    0.000ns
    Phase Error              (PE):    0.000ns

    Location             Delay type                Incr(ns)  Path(ns)    Netlist Resource(s)
  -------------------------------------------------------------------    -------------------
                         (clock clk_pixel rise edge)
                                                      0.000     0.000 r  
    W5                                                0.000     0.000 r  CLK100MHZ (IN)
                         net (fo=0)                   0.000     0.000    CLK100MHZ
    W5                   IBUF (Prop_ibuf_I_O)         1.458     1.458 r  CLK100MHZ_IBUF_inst/O
                         net (fo=1, routed)           1.967     3.425    CLK100MHZ_IBUF
    BUFGCTRL_X0Y0        BUFG (Prop_bufg_I_O)         0.096     3.521 r  CLK100MHZ_IBUF_BUFG_inst/O
                         net (fo=1064, routed)        1.565     5.086    clkdiv_pixel_inst/CLK100MHZ_IBUF_BUFG
    SLICE_X36Y46         FDRE (Prop_fdre_C_Q)         0.456     5.542 r  clkdiv_pixel_inst/clk_out_reg/Q
                         net (fo=2, routed)           0.582     6.124    clk_pixel
    BUFGCTRL_X0Y1        BUFG (Prop_bufg_I_O)         0.096     6.220 r  clk_pixel_BUFG_inst/O
                         net (fo=300, routed)         1.625     7.845    vga_ctrl_inst/render_clk
    SLICE_X0Y29          FDCE                                         r  vga_ctrl_inst/v_count_reg_reg[7]/C
  -------------------------------------------------------------------    -------------------
    SLICE_X0Y29          FDCE (Prop_fdce_C_Q)         0.419     8.264 f  vga_ctrl_inst/v_count_reg_reg[7]/Q
                         net (fo=31, routed)          2.215    10.479    vga_ctrl_inst/y_pos[7]
    SLICE_X12Y29         LUT1 (Prop_lut1_I0_O)        0.296    10.775 r  vga_ctrl_inst/requested_data_j[6]_i_28/O
                         net (fo=1, routed)           0.000    10.775    vga_ctrl_inst/requested_data_j[6]_i_28_n_0
    SLICE_X12Y29         CARRY4 (Prop_carry4_S[2]_CO[3])
                                                      0.380    11.155 r  vga_ctrl_inst/requested_data_j_reg[6]_i_14/CO[3]
                         net (fo=1, routed)           0.000    11.155    vga_ctrl_inst/requested_data_j_reg[6]_i_14_n_0
    SLICE_X12Y30         CARRY4 (Prop_carry4_CI_O[2])
                                                      0.239    11.394 r  vga_ctrl_inst/requested_data_j_reg[6]_i_10/O[2]
                         net (fo=4, routed)           1.410    12.804    canvas_inst/v_count_reg_reg[10][2]
    SLICE_X9Y30          LUT2 (Prop_lut2_I0_O)        0.301    13.105 r  canvas_inst/cached_data_j[7]_i_18/O
                         net (fo=1, routed)           0.000    13.105    canvas_inst/cached_data_j[7]_i_18_n_0
    SLICE_X9Y30          CARRY4 (Prop_carry4_S[3]_CO[3])
                                                      0.401    13.506 r  canvas_inst/cached_data_j_reg[7]_i_12/CO[3]
                         net (fo=1, routed)           0.000    13.506    canvas_inst/cached_data_j_reg[7]_i_12_n_0
    SLICE_X9Y31          CARRY4 (Prop_carry4_CI_O[0])
                                                      0.222    13.728 r  canvas_inst/cached_data_j_reg[7]_i_13/O[0]
                         net (fo=3, routed)           0.920    14.648    canvas_inst/cell_origin_y_signed0[7]
    SLICE_X6Y31          LUT5 (Prop_lut5_I3_O)        0.299    14.947 r  canvas_inst/cell_data[8]_i_6/O
                         net (fo=1, routed)           0.000    14.947    canvas_inst/cell_data[8]_i_6_n_0
    SLICE_X6Y31          CARRY4 (Prop_carry4_S[2]_CO[3])
                                                      0.380    15.327 r  canvas_inst/cell_data_reg[8]_i_3/CO[3]
                         net (fo=1, routed)           1.302    16.629    canvas_inst/cell_data2
    SLICE_X4Y27          LUT2 (Prop_lut2_I0_O)        0.150    16.779 f  canvas_inst/cell_data[8]_i_2/O
                         net (fo=9, routed)           1.740    18.519    canvas_inst/cell_data[8]_i_2_n_0
    SLICE_X9Y12          LUT6 (Prop_lut6_I5_O)        0.332    18.851 r  canvas_inst/cell_data[1]_i_1/O
                         net (fo=1, routed)           0.647    19.498    canvas_inst/cell_data[1]_i_1_n_0
    SLICE_X9Y16          FDRE                                         r  canvas_inst/cell_data_reg[1]/D
  -------------------------------------------------------------------    -------------------

                         (clock clk_pixel rise edge)
                                                     40.000    40.000 r  
    W5                                                0.000    40.000 r  CLK100MHZ (IN)
                         net (fo=0)                   0.000    40.000    CLK100MHZ
    W5                   IBUF (Prop_ibuf_I_O)         1.388    41.388 r  CLK100MHZ_IBUF_inst/O
                         net (fo=1, routed)           1.862    43.250    CLK100MHZ_IBUF
    BUFGCTRL_X0Y0        BUFG (Prop_bufg_I_O)         0.091    43.341 r  CLK100MHZ_IBUF_BUFG_inst/O
                         net (fo=1064, routed)        1.445    44.786    clkdiv_pixel_inst/CLK100MHZ_IBUF_BUFG
    SLICE_X36Y46         FDRE (Prop_fdre_C_Q)         0.367    45.153 r  clkdiv_pixel_inst/clk_out_reg/Q
                         net (fo=2, routed)           0.526    45.679    clk_pixel
    BUFGCTRL_X0Y1        BUFG (Prop_bufg_I_O)         0.091    45.770 r  clk_pixel_BUFG_inst/O
                         net (fo=300, routed)         1.443    47.213    canvas_inst/render_clk
    SLICE_X9Y16          FDRE                                         r  canvas_inst/cell_data_reg[1]/C
                         clock pessimism              0.530    47.743    
                         clock uncertainty           -0.035    47.708    
    SLICE_X9Y16          FDRE (Setup_fdre_C_D)       -0.067    47.641    canvas_inst/cell_data_reg[1]
  -------------------------------------------------------------------
                         required time                         47.641    
                         arrival time                         -19.498    
  -------------------------------------------------------------------
                         slack                                 28.143    

Slack (MET) :             28.618ns  (required time - arrival time)
  Source:                 vga_ctrl_inst/v_count_reg_reg[7]/C
                            (rising edge-triggered cell FDCE clocked by clk_pixel  {rise@0.000ns fall@20.000ns period=40.000ns})
  Destination:            canvas_inst/cell_data_reg[2]/D
                            (rising edge-triggered cell FDRE clocked by clk_pixel  {rise@0.000ns fall@20.000ns period=40.000ns})
  Path Group:             clk_pixel
  Path Type:              Setup (Max at Slow Process Corner)
  Requirement:            40.000ns  (clk_pixel rise@40.000ns - clk_pixel rise@0.000ns)
  Data Path Delay:        11.214ns  (logic 3.419ns (30.490%)  route 7.795ns (69.510%))
  Logic Levels:           10  (CARRY4=5 LUT1=1 LUT2=2 LUT5=1 LUT6=1)
  Clock Path Skew:        -0.102ns (DCD - SCD + CPR)
    Destination Clock Delay (DCD):    7.213ns = ( 47.213 - 40.000 ) 
    Source Clock Delay      (SCD):    7.845ns
    Clock Pessimism Removal (CPR):    0.530ns
  Clock Uncertainty:      0.035ns  ((TSJ^2 + TIJ^2)^1/2 + DJ) / 2 + PE
    Total System Jitter     (TSJ):    0.071ns
    Total Input Jitter      (TIJ):    0.000ns
    Discrete Jitter          (DJ):    0.000ns
    Phase Error              (PE):    0.000ns

    Location             Delay type                Incr(ns)  Path(ns)    Netlist Resource(s)
  -------------------------------------------------------------------    -------------------
                         (clock clk_pixel rise edge)
                                                      0.000     0.000 r  
    W5                                                0.000     0.000 r  CLK100MHZ (IN)
                         net (fo=0)                   0.000     0.000    CLK100MHZ
    W5                   IBUF (Prop_ibuf_I_O)         1.458     1.458 r  CLK100MHZ_IBUF_inst/O
                         net (fo=1, routed)           1.967     3.425    CLK100MHZ_IBUF
    BUFGCTRL_X0Y0        BUFG (Prop_bufg_I_O)         0.096     3.521 r  CLK100MHZ_IBUF_BUFG_inst/O
                         net (fo=1064, routed)        1.565     5.086    clkdiv_pixel_inst/CLK100MHZ_IBUF_BUFG
    SLICE_X36Y46         FDRE (Prop_fdre_C_Q)         0.456     5.542 r  clkdiv_pixel_inst/clk_out_reg/Q
                         net (fo=2, routed)           0.582     6.124    clk_pixel
    BUFGCTRL_X0Y1        BUFG (Prop_bufg_I_O)         0.096     6.220 r  clk_pixel_BUFG_inst/O
                         net (fo=300, routed)         1.625     7.845    vga_ctrl_inst/render_clk
    SLICE_X0Y29          FDCE                                         r  vga_ctrl_inst/v_count_reg_reg[7]/C
  -------------------------------------------------------------------    -------------------
    SLICE_X0Y29          FDCE (Prop_fdce_C_Q)         0.419     8.264 f  vga_ctrl_inst/v_count_reg_reg[7]/Q
                         net (fo=31, routed)          2.215    10.479    vga_ctrl_inst/y_pos[7]
    SLICE_X12Y29         LUT1 (Prop_lut1_I0_O)        0.296    10.775 r  vga_ctrl_inst/requested_data_j[6]_i_28/O
                         net (fo=1, routed)           0.000    10.775    vga_ctrl_inst/requested_data_j[6]_i_28_n_0
    SLICE_X12Y29         CARRY4 (Prop_carry4_S[2]_CO[3])
                                                      0.380    11.155 r  vga_ctrl_inst/requested_data_j_reg[6]_i_14/CO[3]
                         net (fo=1, routed)           0.000    11.155    vga_ctrl_inst/requested_data_j_reg[6]_i_14_n_0
    SLICE_X12Y30         CARRY4 (Prop_carry4_CI_O[2])
                                                      0.239    11.394 r  vga_ctrl_inst/requested_data_j_reg[6]_i_10/O[2]
                         net (fo=4, routed)           1.410    12.804    canvas_inst/v_count_reg_reg[10][2]
    SLICE_X9Y30          LUT2 (Prop_lut2_I0_O)        0.301    13.105 r  canvas_inst/cached_data_j[7]_i_18/O
                         net (fo=1, routed)           0.000    13.105    canvas_inst/cached_data_j[7]_i_18_n_0
    SLICE_X9Y30          CARRY4 (Prop_carry4_S[3]_CO[3])
                                                      0.401    13.506 r  canvas_inst/cached_data_j_reg[7]_i_12/CO[3]
                         net (fo=1, routed)           0.000    13.506    canvas_inst/cached_data_j_reg[7]_i_12_n_0
    SLICE_X9Y31          CARRY4 (Prop_carry4_CI_O[0])
                                                      0.222    13.728 r  canvas_inst/cached_data_j_reg[7]_i_13/O[0]
                         net (fo=3, routed)           0.920    14.648    canvas_inst/cell_origin_y_signed0[7]
    SLICE_X6Y31          LUT5 (Prop_lut5_I3_O)        0.299    14.947 r  canvas_inst/cell_data[8]_i_6/O
                         net (fo=1, routed)           0.000    14.947    canvas_inst/cell_data[8]_i_6_n_0
    SLICE_X6Y31          CARRY4 (Prop_carry4_S[2]_CO[3])
                                                      0.380    15.327 r  canvas_inst/cell_data_reg[8]_i_3/CO[3]
                         net (fo=1, routed)           1.302    16.629    canvas_inst/cell_data2
    SLICE_X4Y27          LUT2 (Prop_lut2_I0_O)        0.150    16.779 f  canvas_inst/cell_data[8]_i_2/O
                         net (fo=9, routed)           1.191    17.970    canvas_inst/cell_data[8]_i_2_n_0
    SLICE_X8Y10          LUT6 (Prop_lut6_I5_O)        0.332    18.302 r  canvas_inst/cell_data[2]_i_1/O
                         net (fo=1, routed)           0.757    19.059    canvas_inst/cell_data[2]_i_1_n_0
    SLICE_X8Y16          FDRE                                         r  canvas_inst/cell_data_reg[2]/D
  -------------------------------------------------------------------    -------------------

                         (clock clk_pixel rise edge)
                                                     40.000    40.000 r  
    W5                                                0.000    40.000 r  CLK100MHZ (IN)
                         net (fo=0)                   0.000    40.000    CLK100MHZ
    W5                   IBUF (Prop_ibuf_I_O)         1.388    41.388 r  CLK100MHZ_IBUF_inst/O
                         net (fo=1, routed)           1.862    43.250    CLK100MHZ_IBUF
    BUFGCTRL_X0Y0        BUFG (Prop_bufg_I_O)         0.091    43.341 r  CLK100MHZ_IBUF_BUFG_inst/O
                         net (fo=1064, routed)        1.445    44.786    clkdiv_pixel_inst/CLK100MHZ_IBUF_BUFG
    SLICE_X36Y46         FDRE (Prop_fdre_C_Q)         0.367    45.153 r  clkdiv_pixel_inst/clk_out_reg/Q
                         net (fo=2, routed)           0.526    45.679    clk_pixel
    BUFGCTRL_X0Y1        BUFG (Prop_bufg_I_O)         0.091    45.770 r  clk_pixel_BUFG_inst/O
                         net (fo=300, routed)         1.443    47.213    canvas_inst/render_clk
    SLICE_X8Y16          FDRE                                         r  canvas_inst/cell_data_reg[2]/C
                         clock pessimism              0.530    47.743    
                         clock uncertainty           -0.035    47.708    
    SLICE_X8Y16          FDRE (Setup_fdre_C_D)       -0.031    47.677    canvas_inst/cell_data_reg[2]
  -------------------------------------------------------------------
                         required time                         47.677    
                         arrival time                         -19.059    
  -------------------------------------------------------------------
                         slack                                 28.618    

Slack (MET) :             28.693ns  (required time - arrival time)
  Source:                 vga_ctrl_inst/v_count_reg_reg[7]/C
                            (rising edge-triggered cell FDCE clocked by clk_pixel  {rise@0.000ns fall@20.000ns period=40.000ns})
  Destination:            canvas_inst/cell_data_reg[0]/D
                            (rising edge-triggered cell FDRE clocked by clk_pixel  {rise@0.000ns fall@20.000ns period=40.000ns})
  Path Group:             clk_pixel
  Path Type:              Setup (Max at Slow Process Corner)
  Requirement:            40.000ns  (clk_pixel rise@40.000ns - clk_pixel rise@0.000ns)
  Data Path Delay:        11.251ns  (logic 3.419ns (30.388%)  route 7.832ns (69.612%))
  Logic Levels:           10  (CARRY4=5 LUT1=1 LUT2=2 LUT5=1 LUT6=1)
  Clock Path Skew:        -0.099ns (DCD - SCD + CPR)
    Destination Clock Delay (DCD):    7.216ns = ( 47.216 - 40.000 ) 
    Source Clock Delay      (SCD):    7.845ns
    Clock Pessimism Removal (CPR):    0.530ns
  Clock Uncertainty:      0.035ns  ((TSJ^2 + TIJ^2)^1/2 + DJ) / 2 + PE
    Total System Jitter     (TSJ):    0.071ns
    Total Input Jitter      (TIJ):    0.000ns
    Discrete Jitter          (DJ):    0.000ns
    Phase Error              (PE):    0.000ns

    Location             Delay type                Incr(ns)  Path(ns)    Netlist Resource(s)
  -------------------------------------------------------------------    -------------------
                         (clock clk_pixel rise edge)
                                                      0.000     0.000 r  
    W5                                                0.000     0.000 r  CLK100MHZ (IN)
                         net (fo=0)                   0.000     0.000    CLK100MHZ
    W5                   IBUF (Prop_ibuf_I_O)         1.458     1.458 r  CLK100MHZ_IBUF_inst/O
                         net (fo=1, routed)           1.967     3.425    CLK100MHZ_IBUF
    BUFGCTRL_X0Y0        BUFG (Prop_bufg_I_O)         0.096     3.521 r  CLK100MHZ_IBUF_BUFG_inst/O
                         net (fo=1064, routed)        1.565     5.086    clkdiv_pixel_inst/CLK100MHZ_IBUF_BUFG
    SLICE_X36Y46         FDRE (Prop_fdre_C_Q)         0.456     5.542 r  clkdiv_pixel_inst/clk_out_reg/Q
                         net (fo=2, routed)           0.582     6.124    clk_pixel
    BUFGCTRL_X0Y1        BUFG (Prop_bufg_I_O)         0.096     6.220 r  clk_pixel_BUFG_inst/O
                         net (fo=300, routed)         1.625     7.845    vga_ctrl_inst/render_clk
    SLICE_X0Y29          FDCE                                         r  vga_ctrl_inst/v_count_reg_reg[7]/C
  -------------------------------------------------------------------    -------------------
    SLICE_X0Y29          FDCE (Prop_fdce_C_Q)         0.419     8.264 f  vga_ctrl_inst/v_count_reg_reg[7]/Q
                         net (fo=31, routed)          2.215    10.479    vga_ctrl_inst/y_pos[7]
    SLICE_X12Y29         LUT1 (Prop_lut1_I0_O)        0.296    10.775 r  vga_ctrl_inst/requested_data_j[6]_i_28/O
                         net (fo=1, routed)           0.000    10.775    vga_ctrl_inst/requested_data_j[6]_i_28_n_0
    SLICE_X12Y29         CARRY4 (Prop_carry4_S[2]_CO[3])
                                                      0.380    11.155 r  vga_ctrl_inst/requested_data_j_reg[6]_i_14/CO[3]
                         net (fo=1, routed)           0.000    11.155    vga_ctrl_inst/requested_data_j_reg[6]_i_14_n_0
    SLICE_X12Y30         CARRY4 (Prop_carry4_CI_O[2])
                                                      0.239    11.394 r  vga_ctrl_inst/requested_data_j_reg[6]_i_10/O[2]
                         net (fo=4, routed)           1.410    12.804    canvas_inst/v_count_reg_reg[10][2]
    SLICE_X9Y30          LUT2 (Prop_lut2_I0_O)        0.301    13.105 r  canvas_inst/cached_data_j[7]_i_18/O
                         net (fo=1, routed)           0.000    13.105    canvas_inst/cached_data_j[7]_i_18_n_0
    SLICE_X9Y30          CARRY4 (Prop_carry4_S[3]_CO[3])
                                                      0.401    13.506 r  canvas_inst/cached_data_j_reg[7]_i_12/CO[3]
                         net (fo=1, routed)           0.000    13.506    canvas_inst/cached_data_j_reg[7]_i_12_n_0
    SLICE_X9Y31          CARRY4 (Prop_carry4_CI_O[0])
                                                      0.222    13.728 r  canvas_inst/cached_data_j_reg[7]_i_13/O[0]
                         net (fo=3, routed)           0.920    14.648    canvas_inst/cell_origin_y_signed0[7]
    SLICE_X6Y31          LUT5 (Prop_lut5_I3_O)        0.299    14.947 r  canvas_inst/cell_data[8]_i_6/O
                         net (fo=1, routed)           0.000    14.947    canvas_inst/cell_data[8]_i_6_n_0
    SLICE_X6Y31          CARRY4 (Prop_carry4_S[2]_CO[3])
                                                      0.380    15.327 r  canvas_inst/cell_data_reg[8]_i_3/CO[3]
                         net (fo=1, routed)           1.302    16.629    canvas_inst/cell_data2
    SLICE_X4Y27          LUT2 (Prop_lut2_I0_O)        0.150    16.779 f  canvas_inst/cell_data[8]_i_2/O
                         net (fo=9, routed)           1.986    18.764    canvas_inst/cell_data[8]_i_2_n_0
    SLICE_X8Y12          LUT6 (Prop_lut6_I5_O)        0.332    19.096 r  canvas_inst/cell_data[0]_i_1/O
                         net (fo=1, routed)           0.000    19.096    canvas_inst/cell_data[0]_i_1_n_0
    SLICE_X8Y12          FDRE                                         r  canvas_inst/cell_data_reg[0]/D
  -------------------------------------------------------------------    -------------------

                         (clock clk_pixel rise edge)
                                                     40.000    40.000 r  
    W5                                                0.000    40.000 r  CLK100MHZ (IN)
                         net (fo=0)                   0.000    40.000    CLK100MHZ
    W5                   IBUF (Prop_ibuf_I_O)         1.388    41.388 r  CLK100MHZ_IBUF_inst/O
                         net (fo=1, routed)           1.862    43.250    CLK100MHZ_IBUF
    BUFGCTRL_X0Y0        BUFG (Prop_bufg_I_O)         0.091    43.341 r  CLK100MHZ_IBUF_BUFG_inst/O
                         net (fo=1064, routed)        1.445    44.786    clkdiv_pixel_inst/CLK100MHZ_IBUF_BUFG
    SLICE_X36Y46         FDRE (Prop_fdre_C_Q)         0.367    45.153 r  clkdiv_pixel_inst/clk_out_reg/Q
                         net (fo=2, routed)           0.526    45.679    clk_pixel
    BUFGCTRL_X0Y1        BUFG (Prop_bufg_I_O)         0.091    45.770 r  clk_pixel_BUFG_inst/O
                         net (fo=300, routed)         1.446    47.216    canvas_inst/render_clk
    SLICE_X8Y12          FDRE                                         r  canvas_inst/cell_data_reg[0]/C
                         clock pessimism              0.530    47.746    
                         clock uncertainty           -0.035    47.711    
    SLICE_X8Y12          FDRE (Setup_fdre_C_D)        0.079    47.790    canvas_inst/cell_data_reg[0]
  -------------------------------------------------------------------
                         required time                         47.790    
                         arrival time                         -19.096    
  -------------------------------------------------------------------
                         slack                                 28.693    

Slack (MET) :             28.710ns  (required time - arrival time)
  Source:                 vga_ctrl_inst/v_count_reg_reg[7]/C
                            (rising edge-triggered cell FDCE clocked by clk_pixel  {rise@0.000ns fall@20.000ns period=40.000ns})
  Destination:            canvas_inst/cell_data_reg[8]/D
                            (rising edge-triggered cell FDRE clocked by clk_pixel  {rise@0.000ns fall@20.000ns period=40.000ns})
  Path Group:             clk_pixel
  Path Type:              Setup (Max at Slow Process Corner)
  Requirement:            40.000ns  (clk_pixel rise@40.000ns - clk_pixel rise@0.000ns)
  Data Path Delay:        11.234ns  (logic 3.419ns (30.434%)  route 7.815ns (69.566%))
  Logic Levels:           10  (CARRY4=5 LUT1=1 LUT2=2 LUT5=1 LUT6=1)
  Clock Path Skew:        -0.099ns (DCD - SCD + CPR)
    Destination Clock Delay (DCD):    7.216ns = ( 47.216 - 40.000 ) 
    Source Clock Delay      (SCD):    7.845ns
    Clock Pessimism Removal (CPR):    0.530ns
  Clock Uncertainty:      0.035ns  ((TSJ^2 + TIJ^2)^1/2 + DJ) / 2 + PE
    Total System Jitter     (TSJ):    0.071ns
    Total Input Jitter      (TIJ):    0.000ns
    Discrete Jitter          (DJ):    0.000ns
    Phase Error              (PE):    0.000ns

    Location             Delay type                Incr(ns)  Path(ns)    Netlist Resource(s)
  -------------------------------------------------------------------    -------------------
                         (clock clk_pixel rise edge)
                                                      0.000     0.000 r  
    W5                                                0.000     0.000 r  CLK100MHZ (IN)
                         net (fo=0)                   0.000     0.000    CLK100MHZ
    W5                   IBUF (Prop_ibuf_I_O)         1.458     1.458 r  CLK100MHZ_IBUF_inst/O
                         net (fo=1, routed)           1.967     3.425    CLK100MHZ_IBUF
    BUFGCTRL_X0Y0        BUFG (Prop_bufg_I_O)         0.096     3.521 r  CLK100MHZ_IBUF_BUFG_inst/O
                         net (fo=1064, routed)        1.565     5.086    clkdiv_pixel_inst/CLK100MHZ_IBUF_BUFG
    SLICE_X36Y46         FDRE (Prop_fdre_C_Q)         0.456     5.542 r  clkdiv_pixel_inst/clk_out_reg/Q
                         net (fo=2, routed)           0.582     6.124    clk_pixel
    BUFGCTRL_X0Y1        BUFG (Prop_bufg_I_O)         0.096     6.220 r  clk_pixel_BUFG_inst/O
                         net (fo=300, routed)         1.625     7.845    vga_ctrl_inst/render_clk
    SLICE_X0Y29          FDCE                                         r  vga_ctrl_inst/v_count_reg_reg[7]/C
  -------------------------------------------------------------------    -------------------
    SLICE_X0Y29          FDCE (Prop_fdce_C_Q)         0.419     8.264 f  vga_ctrl_inst/v_count_reg_reg[7]/Q
                         net (fo=31, routed)          2.215    10.479    vga_ctrl_inst/y_pos[7]
    SLICE_X12Y29         LUT1 (Prop_lut1_I0_O)        0.296    10.775 r  vga_ctrl_inst/requested_data_j[6]_i_28/O
                         net (fo=1, routed)           0.000    10.775    vga_ctrl_inst/requested_data_j[6]_i_28_n_0
    SLICE_X12Y29         CARRY4 (Prop_carry4_S[2]_CO[3])
                                                      0.380    11.155 r  vga_ctrl_inst/requested_data_j_reg[6]_i_14/CO[3]
                         net (fo=1, routed)           0.000    11.155    vga_ctrl_inst/requested_data_j_reg[6]_i_14_n_0
    SLICE_X12Y30         CARRY4 (Prop_carry4_CI_O[2])
                                                      0.239    11.394 r  vga_ctrl_inst/requested_data_j_reg[6]_i_10/O[2]
                         net (fo=4, routed)           1.410    12.804    canvas_inst/v_count_reg_reg[10][2]
    SLICE_X9Y30          LUT2 (Prop_lut2_I0_O)        0.301    13.105 r  canvas_inst/cached_data_j[7]_i_18/O
                         net (fo=1, routed)           0.000    13.105    canvas_inst/cached_data_j[7]_i_18_n_0
    SLICE_X9Y30          CARRY4 (Prop_carry4_S[3]_CO[3])
                                                      0.401    13.506 r  canvas_inst/cached_data_j_reg[7]_i_12/CO[3]
                         net (fo=1, routed)           0.000    13.506    canvas_inst/cached_data_j_reg[7]_i_12_n_0
    SLICE_X9Y31          CARRY4 (Prop_carry4_CI_O[0])
                                                      0.222    13.728 r  canvas_inst/cached_data_j_reg[7]_i_13/O[0]
                         net (fo=3, routed)           0.920    14.648    canvas_inst/cell_origin_y_signed0[7]
    SLICE_X6Y31          LUT5 (Prop_lut5_I3_O)        0.299    14.947 r  canvas_inst/cell_data[8]_i_6/O
                         net (fo=1, routed)           0.000    14.947    canvas_inst/cell_data[8]_i_6_n_0
    SLICE_X6Y31          CARRY4 (Prop_carry4_S[2]_CO[3])
                                                      0.380    15.327 r  canvas_inst/cell_data_reg[8]_i_3/CO[3]
                         net (fo=1, routed)           1.302    16.629    canvas_inst/cell_data2
    SLICE_X4Y27          LUT2 (Prop_lut2_I0_O)        0.150    16.779 f  canvas_inst/cell_data[8]_i_2/O
                         net (fo=9, routed)           1.969    18.747    canvas_inst/cell_data[8]_i_2_n_0
    SLICE_X8Y12          LUT6 (Prop_lut6_I5_O)        0.332    19.079 r  canvas_inst/cell_data[8]_i_1/O
                         net (fo=1, routed)           0.000    19.079    canvas_inst/cell_data[8]_i_1_n_0
    SLICE_X8Y12          FDRE                                         r  canvas_inst/cell_data_reg[8]/D
  -------------------------------------------------------------------    -------------------

                         (clock clk_pixel rise edge)
                                                     40.000    40.000 r  
    W5                                                0.000    40.000 r  CLK100MHZ (IN)
                         net (fo=0)                   0.000    40.000    CLK100MHZ
    W5                   IBUF (Prop_ibuf_I_O)         1.388    41.388 r  CLK100MHZ_IBUF_inst/O
                         net (fo=1, routed)           1.862    43.250    CLK100MHZ_IBUF
    BUFGCTRL_X0Y0        BUFG (Prop_bufg_I_O)         0.091    43.341 r  CLK100MHZ_IBUF_BUFG_inst/O
                         net (fo=1064, routed)        1.445    44.786    clkdiv_pixel_inst/CLK100MHZ_IBUF_BUFG
    SLICE_X36Y46         FDRE (Prop_fdre_C_Q)         0.367    45.153 r  clkdiv_pixel_inst/clk_out_reg/Q
                         net (fo=2, routed)           0.526    45.679    clk_pixel
    BUFGCTRL_X0Y1        BUFG (Prop_bufg_I_O)         0.091    45.770 r  clk_pixel_BUFG_inst/O
                         net (fo=300, routed)         1.446    47.216    canvas_inst/render_clk
    SLICE_X8Y12          FDRE                                         r  canvas_inst/cell_data_reg[8]/C
                         clock pessimism              0.530    47.746    
                         clock uncertainty           -0.035    47.711    
    SLICE_X8Y12          FDRE (Setup_fdre_C_D)        0.079    47.790    canvas_inst/cell_data_reg[8]
  -------------------------------------------------------------------
                         required time                         47.790    
                         arrival time                         -19.079    
  -------------------------------------------------------------------
                         slack                                 28.710    

Slack (MET) :             28.999ns  (required time - arrival time)
  Source:                 vga_ctrl_inst/v_count_reg_reg[7]/C
                            (rising edge-triggered cell FDCE clocked by clk_pixel  {rise@0.000ns fall@20.000ns period=40.000ns})
  Destination:            canvas_inst/cell_data_reg[7]/D
                            (rising edge-triggered cell FDRE clocked by clk_pixel  {rise@0.000ns fall@20.000ns period=40.000ns})
  Path Group:             clk_pixel
  Path Type:              Setup (Max at Slow Process Corner)
  Requirement:            40.000ns  (clk_pixel rise@40.000ns - clk_pixel rise@0.000ns)
  Data Path Delay:        10.947ns  (logic 3.419ns (31.232%)  route 7.528ns (68.768%))
  Logic Levels:           10  (CARRY4=5 LUT1=1 LUT2=2 LUT5=1 LUT6=1)
  Clock Path Skew:        -0.099ns (DCD - SCD + CPR)
    Destination Clock Delay (DCD):    7.216ns = ( 47.216 - 40.000 ) 
    Source Clock Delay      (SCD):    7.845ns
    Clock Pessimism Removal (CPR):    0.530ns
  Clock Uncertainty:      0.035ns  ((TSJ^2 + TIJ^2)^1/2 + DJ) / 2 + PE
    Total System Jitter     (TSJ):    0.071ns
    Total Input Jitter      (TIJ):    0.000ns
    Discrete Jitter          (DJ):    0.000ns
    Phase Error              (PE):    0.000ns

    Location             Delay type                Incr(ns)  Path(ns)    Netlist Resource(s)
  -------------------------------------------------------------------    -------------------
                         (clock clk_pixel rise edge)
                                                      0.000     0.000 r  
    W5                                                0.000     0.000 r  CLK100MHZ (IN)
                         net (fo=0)                   0.000     0.000    CLK100MHZ
    W5                   IBUF (Prop_ibuf_I_O)         1.458     1.458 r  CLK100MHZ_IBUF_inst/O
                         net (fo=1, routed)           1.967     3.425    CLK100MHZ_IBUF
    BUFGCTRL_X0Y0        BUFG (Prop_bufg_I_O)         0.096     3.521 r  CLK100MHZ_IBUF_BUFG_inst/O
                         net (fo=1064, routed)        1.565     5.086    clkdiv_pixel_inst/CLK100MHZ_IBUF_BUFG
    SLICE_X36Y46         FDRE (Prop_fdre_C_Q)         0.456     5.542 r  clkdiv_pixel_inst/clk_out_reg/Q
                         net (fo=2, routed)           0.582     6.124    clk_pixel
    BUFGCTRL_X0Y1        BUFG (Prop_bufg_I_O)         0.096     6.220 r  clk_pixel_BUFG_inst/O
                         net (fo=300, routed)         1.625     7.845    vga_ctrl_inst/render_clk
    SLICE_X0Y29          FDCE                                         r  vga_ctrl_inst/v_count_reg_reg[7]/C
  -------------------------------------------------------------------    -------------------
    SLICE_X0Y29          FDCE (Prop_fdce_C_Q)         0.419     8.264 f  vga_ctrl_inst/v_count_reg_reg[7]/Q
                         net (fo=31, routed)          2.215    10.479    vga_ctrl_inst/y_pos[7]
    SLICE_X12Y29         LUT1 (Prop_lut1_I0_O)        0.296    10.775 r  vga_ctrl_inst/requested_data_j[6]_i_28/O
                         net (fo=1, routed)           0.000    10.775    vga_ctrl_inst/requested_data_j[6]_i_28_n_0
    SLICE_X12Y29         CARRY4 (Prop_carry4_S[2]_CO[3])
                                                      0.380    11.155 r  vga_ctrl_inst/requested_data_j_reg[6]_i_14/CO[3]
                         net (fo=1, routed)           0.000    11.155    vga_ctrl_inst/requested_data_j_reg[6]_i_14_n_0
    SLICE_X12Y30         CARRY4 (Prop_carry4_CI_O[2])
                                                      0.239    11.394 r  vga_ctrl_inst/requested_data_j_reg[6]_i_10/O[2]
                         net (fo=4, routed)           1.410    12.804    canvas_inst/v_count_reg_reg[10][2]
    SLICE_X9Y30          LUT2 (Prop_lut2_I0_O)        0.301    13.105 r  canvas_inst/cached_data_j[7]_i_18/O
                         net (fo=1, routed)           0.000    13.105    canvas_inst/cached_data_j[7]_i_18_n_0
    SLICE_X9Y30          CARRY4 (Prop_carry4_S[3]_CO[3])
                                                      0.401    13.506 r  canvas_inst/cached_data_j_reg[7]_i_12/CO[3]
                         net (fo=1, routed)           0.000    13.506    canvas_inst/cached_data_j_reg[7]_i_12_n_0
    SLICE_X9Y31          CARRY4 (Prop_carry4_CI_O[0])
                                                      0.222    13.728 r  canvas_inst/cached_data_j_reg[7]_i_13/O[0]
                         net (fo=3, routed)           0.920    14.648    canvas_inst/cell_origin_y_signed0[7]
    SLICE_X6Y31          LUT5 (Prop_lut5_I3_O)        0.299    14.947 r  canvas_inst/cell_data[8]_i_6/O
                         net (fo=1, routed)           0.000    14.947    canvas_inst/cell_data[8]_i_6_n_0
    SLICE_X6Y31          CARRY4 (Prop_carry4_S[2]_CO[3])
                                                      0.380    15.327 r  canvas_inst/cell_data_reg[8]_i_3/CO[3]
                         net (fo=1, routed)           1.302    16.629    canvas_inst/cell_data2
    SLICE_X4Y27          LUT2 (Prop_lut2_I0_O)        0.150    16.779 f  canvas_inst/cell_data[8]_i_2/O
                         net (fo=9, routed)           1.682    18.460    canvas_inst/cell_data[8]_i_2_n_0
    SLICE_X8Y12          LUT6 (Prop_lut6_I5_O)        0.332    18.792 r  canvas_inst/cell_data[7]_i_1/O
                         net (fo=1, routed)           0.000    18.792    canvas_inst/cell_data[7]_i_1_n_0
    SLICE_X8Y12          FDRE                                         r  canvas_inst/cell_data_reg[7]/D
  -------------------------------------------------------------------    -------------------

                         (clock clk_pixel rise edge)
                                                     40.000    40.000 r  
    W5                                                0.000    40.000 r  CLK100MHZ (IN)
                         net (fo=0)                   0.000    40.000    CLK100MHZ
    W5                   IBUF (Prop_ibuf_I_O)         1.388    41.388 r  CLK100MHZ_IBUF_inst/O
                         net (fo=1, routed)           1.862    43.250    CLK100MHZ_IBUF
    BUFGCTRL_X0Y0        BUFG (Prop_bufg_I_O)         0.091    43.341 r  CLK100MHZ_IBUF_BUFG_inst/O
                         net (fo=1064, routed)        1.445    44.786    clkdiv_pixel_inst/CLK100MHZ_IBUF_BUFG
    SLICE_X36Y46         FDRE (Prop_fdre_C_Q)         0.367    45.153 r  clkdiv_pixel_inst/clk_out_reg/Q
                         net (fo=2, routed)           0.526    45.679    clk_pixel
    BUFGCTRL_X0Y1        BUFG (Prop_bufg_I_O)         0.091    45.770 r  clk_pixel_BUFG_inst/O
                         net (fo=300, routed)         1.446    47.216    canvas_inst/render_clk
    SLICE_X8Y12          FDRE                                         r  canvas_inst/cell_data_reg[7]/C
                         clock pessimism              0.530    47.746    
                         clock uncertainty           -0.035    47.711    
    SLICE_X8Y12          FDRE (Setup_fdre_C_D)        0.081    47.792    canvas_inst/cell_data_reg[7]
  -------------------------------------------------------------------
                         required time                         47.792    
                         arrival time                         -18.792    
  -------------------------------------------------------------------
                         slack                                 28.999    

Slack (MET) :             29.101ns  (required time - arrival time)
  Source:                 vga_ctrl_inst/v_count_reg_reg[7]/C
                            (rising edge-triggered cell FDCE clocked by clk_pixel  {rise@0.000ns fall@20.000ns period=40.000ns})
  Destination:            canvas_inst/cell_data_reg[5]/D
                            (rising edge-triggered cell FDRE clocked by clk_pixel  {rise@0.000ns fall@20.000ns period=40.000ns})
  Path Group:             clk_pixel
  Path Type:              Setup (Max at Slow Process Corner)
  Requirement:            40.000ns  (clk_pixel rise@40.000ns - clk_pixel rise@0.000ns)
  Data Path Delay:        10.845ns  (logic 3.419ns (31.527%)  route 7.426ns (68.473%))
  Logic Levels:           10  (CARRY4=5 LUT1=1 LUT2=2 LUT5=1 LUT6=1)
  Clock Path Skew:        -0.098ns (DCD - SCD + CPR)
    Destination Clock Delay (DCD):    7.217ns = ( 47.217 - 40.000 ) 
    Source Clock Delay      (SCD):    7.845ns
    Clock Pessimism Removal (CPR):    0.530ns
  Clock Uncertainty:      0.035ns  ((TSJ^2 + TIJ^2)^1/2 + DJ) / 2 + PE
    Total System Jitter     (TSJ):    0.071ns
    Total Input Jitter      (TIJ):    0.000ns
    Discrete Jitter          (DJ):    0.000ns
    Phase Error              (PE):    0.000ns

    Location             Delay type                Incr(ns)  Path(ns)    Netlist Resource(s)
  -------------------------------------------------------------------    -------------------
                         (clock clk_pixel rise edge)
                                                      0.000     0.000 r  
    W5                                                0.000     0.000 r  CLK100MHZ (IN)
                         net (fo=0)                   0.000     0.000    CLK100MHZ
    W5                   IBUF (Prop_ibuf_I_O)         1.458     1.458 r  CLK100MHZ_IBUF_inst/O
                         net (fo=1, routed)           1.967     3.425    CLK100MHZ_IBUF
    BUFGCTRL_X0Y0        BUFG (Prop_bufg_I_O)         0.096     3.521 r  CLK100MHZ_IBUF_BUFG_inst/O
                         net (fo=1064, routed)        1.565     5.086    clkdiv_pixel_inst/CLK100MHZ_IBUF_BUFG
    SLICE_X36Y46         FDRE (Prop_fdre_C_Q)         0.456     5.542 r  clkdiv_pixel_inst/clk_out_reg/Q
                         net (fo=2, routed)           0.582     6.124    clk_pixel
    BUFGCTRL_X0Y1        BUFG (Prop_bufg_I_O)         0.096     6.220 r  clk_pixel_BUFG_inst/O
                         net (fo=300, routed)         1.625     7.845    vga_ctrl_inst/render_clk
    SLICE_X0Y29          FDCE                                         r  vga_ctrl_inst/v_count_reg_reg[7]/C
  -------------------------------------------------------------------    -------------------
    SLICE_X0Y29          FDCE (Prop_fdce_C_Q)         0.419     8.264 f  vga_ctrl_inst/v_count_reg_reg[7]/Q
                         net (fo=31, routed)          2.215    10.479    vga_ctrl_inst/y_pos[7]
    SLICE_X12Y29         LUT1 (Prop_lut1_I0_O)        0.296    10.775 r  vga_ctrl_inst/requested_data_j[6]_i_28/O
                         net (fo=1, routed)           0.000    10.775    vga_ctrl_inst/requested_data_j[6]_i_28_n_0
    SLICE_X12Y29         CARRY4 (Prop_carry4_S[2]_CO[3])
                                                      0.380    11.155 r  vga_ctrl_inst/requested_data_j_reg[6]_i_14/CO[3]
                         net (fo=1, routed)           0.000    11.155    vga_ctrl_inst/requested_data_j_reg[6]_i_14_n_0
    SLICE_X12Y30         CARRY4 (Prop_carry4_CI_O[2])
                                                      0.239    11.394 r  vga_ctrl_inst/requested_data_j_reg[6]_i_10/O[2]
                         net (fo=4, routed)           1.410    12.804    canvas_inst/v_count_reg_reg[10][2]
    SLICE_X9Y30          LUT2 (Prop_lut2_I0_O)        0.301    13.105 r  canvas_inst/cached_data_j[7]_i_18/O
                         net (fo=1, routed)           0.000    13.105    canvas_inst/cached_data_j[7]_i_18_n_0
    SLICE_X9Y30          CARRY4 (Prop_carry4_S[3]_CO[3])
                                                      0.401    13.506 r  canvas_inst/cached_data_j_reg[7]_i_12/CO[3]
                         net (fo=1, routed)           0.000    13.506    canvas_inst/cached_data_j_reg[7]_i_12_n_0
    SLICE_X9Y31          CARRY4 (Prop_carry4_CI_O[0])
                                                      0.222    13.728 r  canvas_inst/cached_data_j_reg[7]_i_13/O[0]
                         net (fo=3, routed)           0.920    14.648    canvas_inst/cell_origin_y_signed0[7]
    SLICE_X6Y31          LUT5 (Prop_lut5_I3_O)        0.299    14.947 r  canvas_inst/cell_data[8]_i_6/O
                         net (fo=1, routed)           0.000    14.947    canvas_inst/cell_data[8]_i_6_n_0
    SLICE_X6Y31          CARRY4 (Prop_carry4_S[2]_CO[3])
                                                      0.380    15.327 r  canvas_inst/cell_data_reg[8]_i_3/CO[3]
                         net (fo=1, routed)           1.302    16.629    canvas_inst/cell_data2
    SLICE_X4Y27          LUT2 (Prop_lut2_I0_O)        0.150    16.779 f  canvas_inst/cell_data[8]_i_2/O
                         net (fo=9, routed)           1.579    18.358    canvas_inst/cell_data[8]_i_2_n_0
    SLICE_X8Y11          LUT6 (Prop_lut6_I5_O)        0.332    18.690 r  canvas_inst/cell_data[5]_i_1/O
                         net (fo=1, routed)           0.000    18.690    canvas_inst/cell_data[5]_i_1_n_0
    SLICE_X8Y11          FDRE                                         r  canvas_inst/cell_data_reg[5]/D
  -------------------------------------------------------------------    -------------------

                         (clock clk_pixel rise edge)
                                                     40.000    40.000 r  
    W5                                                0.000    40.000 r  CLK100MHZ (IN)
                         net (fo=0)                   0.000    40.000    CLK100MHZ
    W5                   IBUF (Prop_ibuf_I_O)         1.388    41.388 r  CLK100MHZ_IBUF_inst/O
                         net (fo=1, routed)           1.862    43.250    CLK100MHZ_IBUF
    BUFGCTRL_X0Y0        BUFG (Prop_bufg_I_O)         0.091    43.341 r  CLK100MHZ_IBUF_BUFG_inst/O
                         net (fo=1064, routed)        1.445    44.786    clkdiv_pixel_inst/CLK100MHZ_IBUF_BUFG
    SLICE_X36Y46         FDRE (Prop_fdre_C_Q)         0.367    45.153 r  clkdiv_pixel_inst/clk_out_reg/Q
                         net (fo=2, routed)           0.526    45.679    clk_pixel
    BUFGCTRL_X0Y1        BUFG (Prop_bufg_I_O)         0.091    45.770 r  clk_pixel_BUFG_inst/O
                         net (fo=300, routed)         1.447    47.217    canvas_inst/render_clk
    SLICE_X8Y11          FDRE                                         r  canvas_inst/cell_data_reg[5]/C
                         clock pessimism              0.530    47.747    
                         clock uncertainty           -0.035    47.712    
    SLICE_X8Y11          FDRE (Setup_fdre_C_D)        0.079    47.791    canvas_inst/cell_data_reg[5]
  -------------------------------------------------------------------
                         required time                         47.791    
                         arrival time                         -18.690    
  -------------------------------------------------------------------
                         slack                                 29.101    

Slack (MET) :             29.248ns  (required time - arrival time)
  Source:                 vga_ctrl_inst/v_count_reg_reg[7]/C
                            (rising edge-triggered cell FDCE clocked by clk_pixel  {rise@0.000ns fall@20.000ns period=40.000ns})
  Destination:            canvas_inst/cell_data_reg[3]/D
                            (rising edge-triggered cell FDRE clocked by clk_pixel  {rise@0.000ns fall@20.000ns period=40.000ns})
  Path Group:             clk_pixel
  Path Type:              Setup (Max at Slow Process Corner)
  Requirement:            40.000ns  (clk_pixel rise@40.000ns - clk_pixel rise@0.000ns)
  Data Path Delay:        10.696ns  (logic 3.419ns (31.966%)  route 7.277ns (68.034%))
  Logic Levels:           10  (CARRY4=5 LUT1=1 LUT2=2 LUT5=1 LUT6=1)
  Clock Path Skew:        -0.098ns (DCD - SCD + CPR)
    Destination Clock Delay (DCD):    7.217ns = ( 47.217 - 40.000 ) 
    Source Clock Delay      (SCD):    7.845ns
    Clock Pessimism Removal (CPR):    0.530ns
  Clock Uncertainty:      0.035ns  ((TSJ^2 + TIJ^2)^1/2 + DJ) / 2 + PE
    Total System Jitter     (TSJ):    0.071ns
    Total Input Jitter      (TIJ):    0.000ns
    Discrete Jitter          (DJ):    0.000ns
    Phase Error              (PE):    0.000ns

    Location             Delay type                Incr(ns)  Path(ns)    Netlist Resource(s)
  -------------------------------------------------------------------    -------------------
                         (clock clk_pixel rise edge)
                                                      0.000     0.000 r  
    W5                                                0.000     0.000 r  CLK100MHZ (IN)
                         net (fo=0)                   0.000     0.000    CLK100MHZ
    W5                   IBUF (Prop_ibuf_I_O)         1.458     1.458 r  CLK100MHZ_IBUF_inst/O
                         net (fo=1, routed)           1.967     3.425    CLK100MHZ_IBUF
    BUFGCTRL_X0Y0        BUFG (Prop_bufg_I_O)         0.096     3.521 r  CLK100MHZ_IBUF_BUFG_inst/O
                         net (fo=1064, routed)        1.565     5.086    clkdiv_pixel_inst/CLK100MHZ_IBUF_BUFG
    SLICE_X36Y46         FDRE (Prop_fdre_C_Q)         0.456     5.542 r  clkdiv_pixel_inst/clk_out_reg/Q
                         net (fo=2, routed)           0.582     6.124    clk_pixel
    BUFGCTRL_X0Y1        BUFG (Prop_bufg_I_O)         0.096     6.220 r  clk_pixel_BUFG_inst/O
                         net (fo=300, routed)         1.625     7.845    vga_ctrl_inst/render_clk
    SLICE_X0Y29          FDCE                                         r  vga_ctrl_inst/v_count_reg_reg[7]/C
  -------------------------------------------------------------------    -------------------
    SLICE_X0Y29          FDCE (Prop_fdce_C_Q)         0.419     8.264 f  vga_ctrl_inst/v_count_reg_reg[7]/Q
                         net (fo=31, routed)          2.215    10.479    vga_ctrl_inst/y_pos[7]
    SLICE_X12Y29         LUT1 (Prop_lut1_I0_O)        0.296    10.775 r  vga_ctrl_inst/requested_data_j[6]_i_28/O
                         net (fo=1, routed)           0.000    10.775    vga_ctrl_inst/requested_data_j[6]_i_28_n_0
    SLICE_X12Y29         CARRY4 (Prop_carry4_S[2]_CO[3])
                                                      0.380    11.155 r  vga_ctrl_inst/requested_data_j_reg[6]_i_14/CO[3]
                         net (fo=1, routed)           0.000    11.155    vga_ctrl_inst/requested_data_j_reg[6]_i_14_n_0
    SLICE_X12Y30         CARRY4 (Prop_carry4_CI_O[2])
                                                      0.239    11.394 r  vga_ctrl_inst/requested_data_j_reg[6]_i_10/O[2]
                         net (fo=4, routed)           1.410    12.804    canvas_inst/v_count_reg_reg[10][2]
    SLICE_X9Y30          LUT2 (Prop_lut2_I0_O)        0.301    13.105 r  canvas_inst/cached_data_j[7]_i_18/O
                         net (fo=1, routed)           0.000    13.105    canvas_inst/cached_data_j[7]_i_18_n_0
    SLICE_X9Y30          CARRY4 (Prop_carry4_S[3]_CO[3])
                                                      0.401    13.506 r  canvas_inst/cached_data_j_reg[7]_i_12/CO[3]
                         net (fo=1, routed)           0.000    13.506    canvas_inst/cached_data_j_reg[7]_i_12_n_0
    SLICE_X9Y31          CARRY4 (Prop_carry4_CI_O[0])
                                                      0.222    13.728 r  canvas_inst/cached_data_j_reg[7]_i_13/O[0]
                         net (fo=3, routed)           0.920    14.648    canvas_inst/cell_origin_y_signed0[7]
    SLICE_X6Y31          LUT5 (Prop_lut5_I3_O)        0.299    14.947 r  canvas_inst/cell_data[8]_i_6/O
                         net (fo=1, routed)           0.000    14.947    canvas_inst/cell_data[8]_i_6_n_0
    SLICE_X6Y31          CARRY4 (Prop_carry4_S[2]_CO[3])
                                                      0.380    15.327 r  canvas_inst/cell_data_reg[8]_i_3/CO[3]
                         net (fo=1, routed)           1.302    16.629    canvas_inst/cell_data2
    SLICE_X4Y27          LUT2 (Prop_lut2_I0_O)        0.150    16.779 f  canvas_inst/cell_data[8]_i_2/O
                         net (fo=9, routed)           1.430    18.209    canvas_inst/cell_data[8]_i_2_n_0
    SLICE_X8Y11          LUT6 (Prop_lut6_I5_O)        0.332    18.541 r  canvas_inst/cell_data[3]_i_1/O
                         net (fo=1, routed)           0.000    18.541    canvas_inst/cell_data[3]_i_1_n_0
    SLICE_X8Y11          FDRE                                         r  canvas_inst/cell_data_reg[3]/D
  -------------------------------------------------------------------    -------------------

                         (clock clk_pixel rise edge)
                                                     40.000    40.000 r  
    W5                                                0.000    40.000 r  CLK100MHZ (IN)
                         net (fo=0)                   0.000    40.000    CLK100MHZ
    W5                   IBUF (Prop_ibuf_I_O)         1.388    41.388 r  CLK100MHZ_IBUF_inst/O
                         net (fo=1, routed)           1.862    43.250    CLK100MHZ_IBUF
    BUFGCTRL_X0Y0        BUFG (Prop_bufg_I_O)         0.091    43.341 r  CLK100MHZ_IBUF_BUFG_inst/O
                         net (fo=1064, routed)        1.445    44.786    clkdiv_pixel_inst/CLK100MHZ_IBUF_BUFG
    SLICE_X36Y46         FDRE (Prop_fdre_C_Q)         0.367    45.153 r  clkdiv_pixel_inst/clk_out_reg/Q
                         net (fo=2, routed)           0.526    45.679    clk_pixel
    BUFGCTRL_X0Y1        BUFG (Prop_bufg_I_O)         0.091    45.770 r  clk_pixel_BUFG_inst/O
                         net (fo=300, routed)         1.447    47.217    canvas_inst/render_clk
    SLICE_X8Y11          FDRE                                         r  canvas_inst/cell_data_reg[3]/C
                         clock pessimism              0.530    47.747    
                         clock uncertainty           -0.035    47.712    
    SLICE_X8Y11          FDRE (Setup_fdre_C_D)        0.077    47.789    canvas_inst/cell_data_reg[3]
  -------------------------------------------------------------------
                         required time                         47.789    
                         arrival time                         -18.541    
  -------------------------------------------------------------------
                         slack                                 29.248    

Slack (MET) :             29.254ns  (required time - arrival time)
  Source:                 vga_ctrl_inst/v_count_reg_reg[7]/C
                            (rising edge-triggered cell FDCE clocked by clk_pixel  {rise@0.000ns fall@20.000ns period=40.000ns})
  Destination:            canvas_inst/cell_data_reg[4]/D
                            (rising edge-triggered cell FDRE clocked by clk_pixel  {rise@0.000ns fall@20.000ns period=40.000ns})
  Path Group:             clk_pixel
  Path Type:              Setup (Max at Slow Process Corner)
  Requirement:            40.000ns  (clk_pixel rise@40.000ns - clk_pixel rise@0.000ns)
  Data Path Delay:        10.694ns  (logic 3.419ns (31.972%)  route 7.275ns (68.028%))
  Logic Levels:           10  (CARRY4=5 LUT1=1 LUT2=2 LUT5=1 LUT6=1)
  Clock Path Skew:        -0.098ns (DCD - SCD + CPR)
    Destination Clock Delay (DCD):    7.217ns = ( 47.217 - 40.000 ) 
    Source Clock Delay      (SCD):    7.845ns
    Clock Pessimism Removal (CPR):    0.530ns
  Clock Uncertainty:      0.035ns  ((TSJ^2 + TIJ^2)^1/2 + DJ) / 2 + PE
    Total System Jitter     (TSJ):    0.071ns
    Total Input Jitter      (TIJ):    0.000ns
    Discrete Jitter          (DJ):    0.000ns
    Phase Error              (PE):    0.000ns

    Location             Delay type                Incr(ns)  Path(ns)    Netlist Resource(s)
  -------------------------------------------------------------------    -------------------
                         (clock clk_pixel rise edge)
                                                      0.000     0.000 r  
    W5                                                0.000     0.000 r  CLK100MHZ (IN)
                         net (fo=0)                   0.000     0.000    CLK100MHZ
    W5                   IBUF (Prop_ibuf_I_O)         1.458     1.458 r  CLK100MHZ_IBUF_inst/O
                         net (fo=1, routed)           1.967     3.425    CLK100MHZ_IBUF
    BUFGCTRL_X0Y0        BUFG (Prop_bufg_I_O)         0.096     3.521 r  CLK100MHZ_IBUF_BUFG_inst/O
                         net (fo=1064, routed)        1.565     5.086    clkdiv_pixel_inst/CLK100MHZ_IBUF_BUFG
    SLICE_X36Y46         FDRE (Prop_fdre_C_Q)         0.456     5.542 r  clkdiv_pixel_inst/clk_out_reg/Q
                         net (fo=2, routed)           0.582     6.124    clk_pixel
    BUFGCTRL_X0Y1        BUFG (Prop_bufg_I_O)         0.096     6.220 r  clk_pixel_BUFG_inst/O
                         net (fo=300, routed)         1.625     7.845    vga_ctrl_inst/render_clk
    SLICE_X0Y29          FDCE                                         r  vga_ctrl_inst/v_count_reg_reg[7]/C
  -------------------------------------------------------------------    -------------------
    SLICE_X0Y29          FDCE (Prop_fdce_C_Q)         0.419     8.264 f  vga_ctrl_inst/v_count_reg_reg[7]/Q
                         net (fo=31, routed)          2.215    10.479    vga_ctrl_inst/y_pos[7]
    SLICE_X12Y29         LUT1 (Prop_lut1_I0_O)        0.296    10.775 r  vga_ctrl_inst/requested_data_j[6]_i_28/O
                         net (fo=1, routed)           0.000    10.775    vga_ctrl_inst/requested_data_j[6]_i_28_n_0
    SLICE_X12Y29         CARRY4 (Prop_carry4_S[2]_CO[3])
                                                      0.380    11.155 r  vga_ctrl_inst/requested_data_j_reg[6]_i_14/CO[3]
                         net (fo=1, routed)           0.000    11.155    vga_ctrl_inst/requested_data_j_reg[6]_i_14_n_0
    SLICE_X12Y30         CARRY4 (Prop_carry4_CI_O[2])
                                                      0.239    11.394 r  vga_ctrl_inst/requested_data_j_reg[6]_i_10/O[2]
                         net (fo=4, routed)           1.410    12.804    canvas_inst/v_count_reg_reg[10][2]
    SLICE_X9Y30          LUT2 (Prop_lut2_I0_O)        0.301    13.105 r  canvas_inst/cached_data_j[7]_i_18/O
                         net (fo=1, routed)           0.000    13.105    canvas_inst/cached_data_j[7]_i_18_n_0
    SLICE_X9Y30          CARRY4 (Prop_carry4_S[3]_CO[3])
                                                      0.401    13.506 r  canvas_inst/cached_data_j_reg[7]_i_12/CO[3]
                         net (fo=1, routed)           0.000    13.506    canvas_inst/cached_data_j_reg[7]_i_12_n_0
    SLICE_X9Y31          CARRY4 (Prop_carry4_CI_O[0])
                                                      0.222    13.728 r  canvas_inst/cached_data_j_reg[7]_i_13/O[0]
                         net (fo=3, routed)           0.920    14.648    canvas_inst/cell_origin_y_signed0[7]
    SLICE_X6Y31          LUT5 (Prop_lut5_I3_O)        0.299    14.947 r  canvas_inst/cell_data[8]_i_6/O
                         net (fo=1, routed)           0.000    14.947    canvas_inst/cell_data[8]_i_6_n_0
    SLICE_X6Y31          CARRY4 (Prop_carry4_S[2]_CO[3])
                                                      0.380    15.327 r  canvas_inst/cell_data_reg[8]_i_3/CO[3]
                         net (fo=1, routed)           1.302    16.629    canvas_inst/cell_data2
    SLICE_X4Y27          LUT2 (Prop_lut2_I0_O)        0.150    16.779 f  canvas_inst/cell_data[8]_i_2/O
                         net (fo=9, routed)           1.428    18.207    canvas_inst/cell_data[8]_i_2_n_0
    SLICE_X8Y11          LUT6 (Prop_lut6_I5_O)        0.332    18.539 r  canvas_inst/cell_data[4]_i_1/O
                         net (fo=1, routed)           0.000    18.539    canvas_inst/cell_data[4]_i_1_n_0
    SLICE_X8Y11          FDRE                                         r  canvas_inst/cell_data_reg[4]/D
  -------------------------------------------------------------------    -------------------

                         (clock clk_pixel rise edge)
                                                     40.000    40.000 r  
    W5                                                0.000    40.000 r  CLK100MHZ (IN)
                         net (fo=0)                   0.000    40.000    CLK100MHZ
    W5                   IBUF (Prop_ibuf_I_O)         1.388    41.388 r  CLK100MHZ_IBUF_inst/O
                         net (fo=1, routed)           1.862    43.250    CLK100MHZ_IBUF
    BUFGCTRL_X0Y0        BUFG (Prop_bufg_I_O)         0.091    43.341 r  CLK100MHZ_IBUF_BUFG_inst/O
                         net (fo=1064, routed)        1.445    44.786    clkdiv_pixel_inst/CLK100MHZ_IBUF_BUFG
    SLICE_X36Y46         FDRE (Prop_fdre_C_Q)         0.367    45.153 r  clkdiv_pixel_inst/clk_out_reg/Q
                         net (fo=2, routed)           0.526    45.679    clk_pixel
    BUFGCTRL_X0Y1        BUFG (Prop_bufg_I_O)         0.091    45.770 r  clk_pixel_BUFG_inst/O
                         net (fo=300, routed)         1.447    47.217    canvas_inst/render_clk
    SLICE_X8Y11          FDRE                                         r  canvas_inst/cell_data_reg[4]/C
                         clock pessimism              0.530    47.747    
                         clock uncertainty           -0.035    47.712    
    SLICE_X8Y11          FDRE (Setup_fdre_C_D)        0.081    47.793    canvas_inst/cell_data_reg[4]
  -------------------------------------------------------------------
                         required time                         47.793    
                         arrival time                         -18.539    
  -------------------------------------------------------------------
                         slack                                 29.254    

Slack (MET) :             29.333ns  (required time - arrival time)
  Source:                 vga_ctrl_inst/v_count_reg_reg[7]/C
                            (rising edge-triggered cell FDCE clocked by clk_pixel  {rise@0.000ns fall@20.000ns period=40.000ns})
  Destination:            canvas_inst/cell_data_reg[6]/D
                            (rising edge-triggered cell FDRE clocked by clk_pixel  {rise@0.000ns fall@20.000ns period=40.000ns})
  Path Group:             clk_pixel
  Path Type:              Setup (Max at Slow Process Corner)
  Requirement:            40.000ns  (clk_pixel rise@40.000ns - clk_pixel rise@0.000ns)
  Data Path Delay:        10.610ns  (logic 3.419ns (32.225%)  route 7.191ns (67.775%))
  Logic Levels:           10  (CARRY4=5 LUT1=1 LUT2=2 LUT5=1 LUT6=1)
  Clock Path Skew:        -0.099ns (DCD - SCD + CPR)
    Destination Clock Delay (DCD):    7.216ns = ( 47.216 - 40.000 ) 
    Source Clock Delay      (SCD):    7.845ns
    Clock Pessimism Removal (CPR):    0.530ns
  Clock Uncertainty:      0.035ns  ((TSJ^2 + TIJ^2)^1/2 + DJ) / 2 + PE
    Total System Jitter     (TSJ):    0.071ns
    Total Input Jitter      (TIJ):    0.000ns
    Discrete Jitter          (DJ):    0.000ns
    Phase Error              (PE):    0.000ns

    Location             Delay type                Incr(ns)  Path(ns)    Netlist Resource(s)
  -------------------------------------------------------------------    -------------------
                         (clock clk_pixel rise edge)
                                                      0.000     0.000 r  
    W5                                                0.000     0.000 r  CLK100MHZ (IN)
                         net (fo=0)                   0.000     0.000    CLK100MHZ
    W5                   IBUF (Prop_ibuf_I_O)         1.458     1.458 r  CLK100MHZ_IBUF_inst/O
                         net (fo=1, routed)           1.967     3.425    CLK100MHZ_IBUF
    BUFGCTRL_X0Y0        BUFG (Prop_bufg_I_O)         0.096     3.521 r  CLK100MHZ_IBUF_BUFG_inst/O
                         net (fo=1064, routed)        1.565     5.086    clkdiv_pixel_inst/CLK100MHZ_IBUF_BUFG
    SLICE_X36Y46         FDRE (Prop_fdre_C_Q)         0.456     5.542 r  clkdiv_pixel_inst/clk_out_reg/Q
                         net (fo=2, routed)           0.582     6.124    clk_pixel
    BUFGCTRL_X0Y1        BUFG (Prop_bufg_I_O)         0.096     6.220 r  clk_pixel_BUFG_inst/O
                         net (fo=300, routed)         1.625     7.845    vga_ctrl_inst/render_clk
    SLICE_X0Y29          FDCE                                         r  vga_ctrl_inst/v_count_reg_reg[7]/C
  -------------------------------------------------------------------    -------------------
    SLICE_X0Y29          FDCE (Prop_fdce_C_Q)         0.419     8.264 f  vga_ctrl_inst/v_count_reg_reg[7]/Q
                         net (fo=31, routed)          2.215    10.479    vga_ctrl_inst/y_pos[7]
    SLICE_X12Y29         LUT1 (Prop_lut1_I0_O)        0.296    10.775 r  vga_ctrl_inst/requested_data_j[6]_i_28/O
                         net (fo=1, routed)           0.000    10.775    vga_ctrl_inst/requested_data_j[6]_i_28_n_0
    SLICE_X12Y29         CARRY4 (Prop_carry4_S[2]_CO[3])
                                                      0.380    11.155 r  vga_ctrl_inst/requested_data_j_reg[6]_i_14/CO[3]
                         net (fo=1, routed)           0.000    11.155    vga_ctrl_inst/requested_data_j_reg[6]_i_14_n_0
    SLICE_X12Y30         CARRY4 (Prop_carry4_CI_O[2])
                                                      0.239    11.394 r  vga_ctrl_inst/requested_data_j_reg[6]_i_10/O[2]
                         net (fo=4, routed)           1.410    12.804    canvas_inst/v_count_reg_reg[10][2]
    SLICE_X9Y30          LUT2 (Prop_lut2_I0_O)        0.301    13.105 r  canvas_inst/cached_data_j[7]_i_18/O
                         net (fo=1, routed)           0.000    13.105    canvas_inst/cached_data_j[7]_i_18_n_0
    SLICE_X9Y30          CARRY4 (Prop_carry4_S[3]_CO[3])
                                                      0.401    13.506 r  canvas_inst/cached_data_j_reg[7]_i_12/CO[3]
                         net (fo=1, routed)           0.000    13.506    canvas_inst/cached_data_j_reg[7]_i_12_n_0
    SLICE_X9Y31          CARRY4 (Prop_carry4_CI_O[0])
                                                      0.222    13.728 r  canvas_inst/cached_data_j_reg[7]_i_13/O[0]
                         net (fo=3, routed)           0.920    14.648    canvas_inst/cell_origin_y_signed0[7]
    SLICE_X6Y31          LUT5 (Prop_lut5_I3_O)        0.299    14.947 r  canvas_inst/cell_data[8]_i_6/O
                         net (fo=1, routed)           0.000    14.947    canvas_inst/cell_data[8]_i_6_n_0
    SLICE_X6Y31          CARRY4 (Prop_carry4_S[2]_CO[3])
                                                      0.380    15.327 r  canvas_inst/cell_data_reg[8]_i_3/CO[3]
                         net (fo=1, routed)           1.302    16.629    canvas_inst/cell_data2
    SLICE_X4Y27          LUT2 (Prop_lut2_I0_O)        0.150    16.779 f  canvas_inst/cell_data[8]_i_2/O
                         net (fo=9, routed)           1.344    18.123    canvas_inst/cell_data[8]_i_2_n_0
    SLICE_X8Y12          LUT6 (Prop_lut6_I5_O)        0.332    18.455 r  canvas_inst/cell_data[6]_i_1/O
                         net (fo=1, routed)           0.000    18.455    canvas_inst/cell_data[6]_i_1_n_0
    SLICE_X8Y12          FDRE                                         r  canvas_inst/cell_data_reg[6]/D
  -------------------------------------------------------------------    -------------------

                         (clock clk_pixel rise edge)
                                                     40.000    40.000 r  
    W5                                                0.000    40.000 r  CLK100MHZ (IN)
                         net (fo=0)                   0.000    40.000    CLK100MHZ
    W5                   IBUF (Prop_ibuf_I_O)         1.388    41.388 r  CLK100MHZ_IBUF_inst/O
                         net (fo=1, routed)           1.862    43.250    CLK100MHZ_IBUF
    BUFGCTRL_X0Y0        BUFG (Prop_bufg_I_O)         0.091    43.341 r  CLK100MHZ_IBUF_BUFG_inst/O
                         net (fo=1064, routed)        1.445    44.786    clkdiv_pixel_inst/CLK100MHZ_IBUF_BUFG
    SLICE_X36Y46         FDRE (Prop_fdre_C_Q)         0.367    45.153 r  clkdiv_pixel_inst/clk_out_reg/Q
                         net (fo=2, routed)           0.526    45.679    clk_pixel
    BUFGCTRL_X0Y1        BUFG (Prop_bufg_I_O)         0.091    45.770 r  clk_pixel_BUFG_inst/O
                         net (fo=300, routed)         1.446    47.216    canvas_inst/render_clk
    SLICE_X8Y12          FDRE                                         r  canvas_inst/cell_data_reg[6]/C
                         clock pessimism              0.530    47.746    
                         clock uncertainty           -0.035    47.711    
    SLICE_X8Y12          FDRE (Setup_fdre_C_D)        0.077    47.788    canvas_inst/cell_data_reg[6]
  -------------------------------------------------------------------
                         required time                         47.788    
                         arrival time                         -18.455    
  -------------------------------------------------------------------
                         slack                                 29.333    





Min Delay Paths
--------------------------------------------------------------------------------------
Slack (MET) :             0.104ns  (arrival time - required time)
  Source:                 canvas_inst/cached_data_reg[0]/C
                            (rising edge-triggered cell FDRE clocked by clk_pixel  {rise@0.000ns fall@20.000ns period=40.000ns})
  Destination:            canvas_inst/cell_data_reg[0]/D
                            (rising edge-triggered cell FDRE clocked by clk_pixel  {rise@0.000ns fall@20.000ns period=40.000ns})
  Path Group:             clk_pixel
  Path Type:              Hold (Min at Fast Process Corner)
  Requirement:            0.000ns  (clk_pixel rise@0.000ns - clk_pixel rise@0.000ns)
  Data Path Delay:        0.238ns  (logic 0.186ns (78.117%)  route 0.052ns (21.883%))
  Logic Levels:           1  (LUT6=1)
  Clock Path Skew:        0.013ns (DCD - SCD - CPR)
    Destination Clock Delay (DCD):    3.247ns
    Source Clock Delay      (SCD):    2.404ns
    Clock Pessimism Removal (CPR):    0.830ns

    Location             Delay type                Incr(ns)  Path(ns)    Netlist Resource(s)
  -------------------------------------------------------------------    -------------------
                         (clock clk_pixel rise edge)
                                                      0.000     0.000 r  
    W5                                                0.000     0.000 r  CLK100MHZ (IN)
                         net (fo=0)                   0.000     0.000    CLK100MHZ
    W5                   IBUF (Prop_ibuf_I_O)         0.226     0.226 r  CLK100MHZ_IBUF_inst/O
                         net (fo=1, routed)           0.631     0.858    CLK100MHZ_IBUF
    BUFGCTRL_X0Y0        BUFG (Prop_bufg_I_O)         0.026     0.884 r  CLK100MHZ_IBUF_BUFG_inst/O
                         net (fo=1064, routed)        0.563     1.446    clkdiv_pixel_inst/CLK100MHZ_IBUF_BUFG
    SLICE_X36Y46         FDRE (Prop_fdre_C_Q)         0.141     1.587 r  clkdiv_pixel_inst/clk_out_reg/Q
                         net (fo=2, routed)           0.229     1.816    clk_pixel
    BUFGCTRL_X0Y1        BUFG (Prop_bufg_I_O)         0.026     1.842 r  clk_pixel_BUFG_inst/O
                         net (fo=300, routed)         0.563     2.404    canvas_inst/render_clk
    SLICE_X9Y12          FDRE                                         r  canvas_inst/cached_data_reg[0]/C
  -------------------------------------------------------------------    -------------------
    SLICE_X9Y12          FDRE (Prop_fdre_C_Q)         0.141     2.545 r  canvas_inst/cached_data_reg[0]/Q
                         net (fo=1, routed)           0.052     2.597    canvas_inst/cached_data[0]
    SLICE_X8Y12          LUT6 (Prop_lut6_I4_O)        0.045     2.642 r  canvas_inst/cell_data[0]_i_1/O
                         net (fo=1, routed)           0.000     2.642    canvas_inst/cell_data[0]_i_1_n_0
    SLICE_X8Y12          FDRE                                         r  canvas_inst/cell_data_reg[0]/D
  -------------------------------------------------------------------    -------------------

                         (clock clk_pixel rise edge)
                                                      0.000     0.000 r  
    W5                                                0.000     0.000 r  CLK100MHZ (IN)
                         net (fo=0)                   0.000     0.000    CLK100MHZ
    W5                   IBUF (Prop_ibuf_I_O)         0.414     0.414 r  CLK100MHZ_IBUF_inst/O
                         net (fo=1, routed)           0.685     1.099    CLK100MHZ_IBUF
    BUFGCTRL_X0Y0        BUFG (Prop_bufg_I_O)         0.029     1.128 r  CLK100MHZ_IBUF_BUFG_inst/O
                         net (fo=1064, routed)        0.832     1.959    clkdiv_pixel_inst/CLK100MHZ_IBUF_BUFG
    SLICE_X36Y46         FDRE (Prop_fdre_C_Q)         0.175     2.134 r  clkdiv_pixel_inst/clk_out_reg/Q
                         net (fo=2, routed)           0.253     2.387    clk_pixel
    BUFGCTRL_X0Y1        BUFG (Prop_bufg_I_O)         0.029     2.416 r  clk_pixel_BUFG_inst/O
                         net (fo=300, routed)         0.832     3.247    canvas_inst/render_clk
    SLICE_X8Y12          FDRE                                         r  canvas_inst/cell_data_reg[0]/C
                         clock pessimism             -0.830     2.417    
    SLICE_X8Y12          FDRE (Hold_fdre_C_D)         0.121     2.538    canvas_inst/cell_data_reg[0]
  -------------------------------------------------------------------
                         required time                         -2.538    
                         arrival time                           2.642    
  -------------------------------------------------------------------
                         slack                                  0.104    

Slack (MET) :             0.109ns  (arrival time - required time)
  Source:                 canvas_inst/cached_data_reg[6]/C
                            (rising edge-triggered cell FDRE clocked by clk_pixel  {rise@0.000ns fall@20.000ns period=40.000ns})
  Destination:            canvas_inst/cell_data_reg[6]/D
                            (rising edge-triggered cell FDRE clocked by clk_pixel  {rise@0.000ns fall@20.000ns period=40.000ns})
  Path Group:             clk_pixel
  Path Type:              Hold (Min at Fast Process Corner)
  Requirement:            0.000ns  (clk_pixel rise@0.000ns - clk_pixel rise@0.000ns)
  Data Path Delay:        0.242ns  (logic 0.186ns (76.826%)  route 0.056ns (23.173%))
  Logic Levels:           1  (LUT6=1)
  Clock Path Skew:        0.013ns (DCD - SCD - CPR)
    Destination Clock Delay (DCD):    3.247ns
    Source Clock Delay      (SCD):    2.404ns
    Clock Pessimism Removal (CPR):    0.830ns

    Location             Delay type                Incr(ns)  Path(ns)    Netlist Resource(s)
  -------------------------------------------------------------------    -------------------
                         (clock clk_pixel rise edge)
                                                      0.000     0.000 r  
    W5                                                0.000     0.000 r  CLK100MHZ (IN)
                         net (fo=0)                   0.000     0.000    CLK100MHZ
    W5                   IBUF (Prop_ibuf_I_O)         0.226     0.226 r  CLK100MHZ_IBUF_inst/O
                         net (fo=1, routed)           0.631     0.858    CLK100MHZ_IBUF
    BUFGCTRL_X0Y0        BUFG (Prop_bufg_I_O)         0.026     0.884 r  CLK100MHZ_IBUF_BUFG_inst/O
                         net (fo=1064, routed)        0.563     1.446    clkdiv_pixel_inst/CLK100MHZ_IBUF_BUFG
    SLICE_X36Y46         FDRE (Prop_fdre_C_Q)         0.141     1.587 r  clkdiv_pixel_inst/clk_out_reg/Q
                         net (fo=2, routed)           0.229     1.816    clk_pixel
    BUFGCTRL_X0Y1        BUFG (Prop_bufg_I_O)         0.026     1.842 r  clk_pixel_BUFG_inst/O
                         net (fo=300, routed)         0.563     2.404    canvas_inst/render_clk
    SLICE_X9Y12          FDRE                                         r  canvas_inst/cached_data_reg[6]/C
  -------------------------------------------------------------------    -------------------
    SLICE_X9Y12          FDRE (Prop_fdre_C_Q)         0.141     2.545 r  canvas_inst/cached_data_reg[6]/Q
                         net (fo=1, routed)           0.056     2.601    canvas_inst/cached_data[6]
    SLICE_X8Y12          LUT6 (Prop_lut6_I4_O)        0.045     2.646 r  canvas_inst/cell_data[6]_i_1/O
                         net (fo=1, routed)           0.000     2.646    canvas_inst/cell_data[6]_i_1_n_0
    SLICE_X8Y12          FDRE                                         r  canvas_inst/cell_data_reg[6]/D
  -------------------------------------------------------------------    -------------------

                         (clock clk_pixel rise edge)
                                                      0.000     0.000 r  
    W5                                                0.000     0.000 r  CLK100MHZ (IN)
                         net (fo=0)                   0.000     0.000    CLK100MHZ
    W5                   IBUF (Prop_ibuf_I_O)         0.414     0.414 r  CLK100MHZ_IBUF_inst/O
                         net (fo=1, routed)           0.685     1.099    CLK100MHZ_IBUF
    BUFGCTRL_X0Y0        BUFG (Prop_bufg_I_O)         0.029     1.128 r  CLK100MHZ_IBUF_BUFG_inst/O
                         net (fo=1064, routed)        0.832     1.959    clkdiv_pixel_inst/CLK100MHZ_IBUF_BUFG
    SLICE_X36Y46         FDRE (Prop_fdre_C_Q)         0.175     2.134 r  clkdiv_pixel_inst/clk_out_reg/Q
                         net (fo=2, routed)           0.253     2.387    clk_pixel
    BUFGCTRL_X0Y1        BUFG (Prop_bufg_I_O)         0.029     2.416 r  clk_pixel_BUFG_inst/O
                         net (fo=300, routed)         0.832     3.247    canvas_inst/render_clk
    SLICE_X8Y12          FDRE                                         r  canvas_inst/cell_data_reg[6]/C
                         clock pessimism             -0.830     2.417    
    SLICE_X8Y12          FDRE (Hold_fdre_C_D)         0.120     2.537    canvas_inst/cell_data_reg[6]
  -------------------------------------------------------------------
                         required time                         -2.537    
                         arrival time                           2.646    
  -------------------------------------------------------------------
                         slack                                  0.109    

Slack (MET) :             0.119ns  (arrival time - required time)
  Source:                 mouse_xpos_pix_sync0_reg[8]/C
                            (rising edge-triggered cell FDRE clocked by clk_pixel  {rise@0.000ns fall@20.000ns period=40.000ns})
  Destination:            mouse_xpos_pix_sync1_reg[8]/D
                            (rising edge-triggered cell FDRE clocked by clk_pixel  {rise@0.000ns fall@20.000ns period=40.000ns})
  Path Group:             clk_pixel
  Path Type:              Hold (Min at Fast Process Corner)
  Requirement:            0.000ns  (clk_pixel rise@0.000ns - clk_pixel rise@0.000ns)
  Data Path Delay:        0.197ns  (logic 0.141ns (71.611%)  route 0.056ns (28.389%))
  Logic Levels:           0  
  Clock Path Skew:        0.000ns (DCD - SCD - CPR)
    Destination Clock Delay (DCD):    3.236ns
    Source Clock Delay      (SCD):    2.395ns
    Clock Pessimism Removal (CPR):    0.841ns

    Location             Delay type                Incr(ns)  Path(ns)    Netlist Resource(s)
  -------------------------------------------------------------------    -------------------
                         (clock clk_pixel rise edge)
                                                      0.000     0.000 r  
    W5                                                0.000     0.000 r  CLK100MHZ (IN)
                         net (fo=0)                   0.000     0.000    CLK100MHZ
    W5                   IBUF (Prop_ibuf_I_O)         0.226     0.226 r  CLK100MHZ_IBUF_inst/O
                         net (fo=1, routed)           0.631     0.858    CLK100MHZ_IBUF
    BUFGCTRL_X0Y0        BUFG (Prop_bufg_I_O)         0.026     0.884 r  CLK100MHZ_IBUF_BUFG_inst/O
                         net (fo=1064, routed)        0.563     1.446    clkdiv_pixel_inst/CLK100MHZ_IBUF_BUFG
    SLICE_X36Y46         FDRE (Prop_fdre_C_Q)         0.141     1.587 r  clkdiv_pixel_inst/clk_out_reg/Q
                         net (fo=2, routed)           0.229     1.816    clk_pixel
    BUFGCTRL_X0Y1        BUFG (Prop_bufg_I_O)         0.026     1.842 r  clk_pixel_BUFG_inst/O
                         net (fo=300, routed)         0.554     2.395    clk_pixel_BUFG
    SLICE_X13Y23         FDRE                                         r  mouse_xpos_pix_sync0_reg[8]/C
  -------------------------------------------------------------------    -------------------
    SLICE_X13Y23         FDRE (Prop_fdre_C_Q)         0.141     2.536 r  mouse_xpos_pix_sync0_reg[8]/Q
                         net (fo=1, routed)           0.056     2.592    mouse_xpos_pix_sync0[8]
    SLICE_X13Y23         FDRE                                         r  mouse_xpos_pix_sync1_reg[8]/D
  -------------------------------------------------------------------    -------------------

                         (clock clk_pixel rise edge)
                                                      0.000     0.000 r  
    W5                                                0.000     0.000 r  CLK100MHZ (IN)
                         net (fo=0)                   0.000     0.000    CLK100MHZ
    W5                   IBUF (Prop_ibuf_I_O)         0.414     0.414 r  CLK100MHZ_IBUF_inst/O
                         net (fo=1, routed)           0.685     1.099    CLK100MHZ_IBUF
    BUFGCTRL_X0Y0        BUFG (Prop_bufg_I_O)         0.029     1.128 r  CLK100MHZ_IBUF_BUFG_inst/O
                         net (fo=1064, routed)        0.832     1.959    clkdiv_pixel_inst/CLK100MHZ_IBUF_BUFG
    SLICE_X36Y46         FDRE (Prop_fdre_C_Q)         0.175     2.134 r  clkdiv_pixel_inst/clk_out_reg/Q
                         net (fo=2, routed)           0.253     2.387    clk_pixel
    BUFGCTRL_X0Y1        BUFG (Prop_bufg_I_O)         0.029     2.416 r  clk_pixel_BUFG_inst/O
                         net (fo=300, routed)         0.821     3.236    clk_pixel_BUFG
    SLICE_X13Y23         FDRE                                         r  mouse_xpos_pix_sync1_reg[8]/C
                         clock pessimism             -0.841     2.395    
    SLICE_X13Y23         FDRE (Hold_fdre_C_D)         0.078     2.473    mouse_xpos_pix_sync1_reg[8]
  -------------------------------------------------------------------
                         required time                         -2.473    
                         arrival time                           2.592    
  -------------------------------------------------------------------
                         slack                                  0.119    

Slack (MET) :             0.119ns  (arrival time - required time)
  Source:                 mouse_ypos_pix_sync0_reg[8]/C
                            (rising edge-triggered cell FDRE clocked by clk_pixel  {rise@0.000ns fall@20.000ns period=40.000ns})
  Destination:            mouse_ypos_pix_sync1_reg[8]/D
                            (rising edge-triggered cell FDRE clocked by clk_pixel  {rise@0.000ns fall@20.000ns period=40.000ns})
  Path Group:             clk_pixel
  Path Type:              Hold (Min at Fast Process Corner)
  Requirement:            0.000ns  (clk_pixel rise@0.000ns - clk_pixel rise@0.000ns)
  Data Path Delay:        0.197ns  (logic 0.141ns (71.611%)  route 0.056ns (28.389%))
  Logic Levels:           0  
  Clock Path Skew:        0.000ns (DCD - SCD - CPR)
    Destination Clock Delay (DCD):    3.241ns
    Source Clock Delay      (SCD):    2.399ns
    Clock Pessimism Removal (CPR):    0.842ns

    Location             Delay type                Incr(ns)  Path(ns)    Netlist Resource(s)
  -------------------------------------------------------------------    -------------------
                         (clock clk_pixel rise edge)
                                                      0.000     0.000 r  
    W5                                                0.000     0.000 r  CLK100MHZ (IN)
                         net (fo=0)                   0.000     0.000    CLK100MHZ
    W5                   IBUF (Prop_ibuf_I_O)         0.226     0.226 r  CLK100MHZ_IBUF_inst/O
                         net (fo=1, routed)           0.631     0.858    CLK100MHZ_IBUF
    BUFGCTRL_X0Y0        BUFG (Prop_bufg_I_O)         0.026     0.884 r  CLK100MHZ_IBUF_BUFG_inst/O
                         net (fo=1064, routed)        0.563     1.446    clkdiv_pixel_inst/CLK100MHZ_IBUF_BUFG
    SLICE_X36Y46         FDRE (Prop_fdre_C_Q)         0.141     1.587 r  clkdiv_pixel_inst/clk_out_reg/Q
                         net (fo=2, routed)           0.229     1.816    clk_pixel
    BUFGCTRL_X0Y1        BUFG (Prop_bufg_I_O)         0.026     1.842 r  clk_pixel_BUFG_inst/O
                         net (fo=300, routed)         0.558     2.399    clk_pixel_BUFG
    SLICE_X13Y30         FDRE                                         r  mouse_ypos_pix_sync0_reg[8]/C
  -------------------------------------------------------------------    -------------------
    SLICE_X13Y30         FDRE (Prop_fdre_C_Q)         0.141     2.540 r  mouse_ypos_pix_sync0_reg[8]/Q
                         net (fo=1, routed)           0.056     2.596    mouse_ypos_pix_sync0[8]
    SLICE_X13Y30         FDRE                                         r  mouse_ypos_pix_sync1_reg[8]/D
  -------------------------------------------------------------------    -------------------

                         (clock clk_pixel rise edge)
                                                      0.000     0.000 r  
    W5                                                0.000     0.000 r  CLK100MHZ (IN)
                         net (fo=0)                   0.000     0.000    CLK100MHZ
    W5                   IBUF (Prop_ibuf_I_O)         0.414     0.414 r  CLK100MHZ_IBUF_inst/O
                         net (fo=1, routed)           0.685     1.099    CLK100MHZ_IBUF
    BUFGCTRL_X0Y0        BUFG (Prop_bufg_I_O)         0.029     1.128 r  CLK100MHZ_IBUF_BUFG_inst/O
                         net (fo=1064, routed)        0.832     1.959    clkdiv_pixel_inst/CLK100MHZ_IBUF_BUFG
    SLICE_X36Y46         FDRE (Prop_fdre_C_Q)         0.175     2.134 r  clkdiv_pixel_inst/clk_out_reg/Q
                         net (fo=2, routed)           0.253     2.387    clk_pixel
    BUFGCTRL_X0Y1        BUFG (Prop_bufg_I_O)         0.029     2.416 r  clk_pixel_BUFG_inst/O
                         net (fo=300, routed)         0.826     3.241    clk_pixel_BUFG
    SLICE_X13Y30         FDRE                                         r  mouse_ypos_pix_sync1_reg[8]/C
                         clock pessimism             -0.842     2.399    
    SLICE_X13Y30         FDRE (Hold_fdre_C_D)         0.078     2.477    mouse_ypos_pix_sync1_reg[8]
  -------------------------------------------------------------------
                         required time                         -2.477    
                         arrival time                           2.596    
  -------------------------------------------------------------------
                         slack                                  0.119    

Slack (MET) :             0.121ns  (arrival time - required time)
  Source:                 mouse_xpos_pix_sync0_reg[5]/C
                            (rising edge-triggered cell FDRE clocked by clk_pixel  {rise@0.000ns fall@20.000ns period=40.000ns})
  Destination:            mouse_xpos_pix_sync1_reg[5]/D
                            (rising edge-triggered cell FDRE clocked by clk_pixel  {rise@0.000ns fall@20.000ns period=40.000ns})
  Path Group:             clk_pixel
  Path Type:              Hold (Min at Fast Process Corner)
  Requirement:            0.000ns  (clk_pixel rise@0.000ns - clk_pixel rise@0.000ns)
  Data Path Delay:        0.197ns  (logic 0.141ns (71.611%)  route 0.056ns (28.389%))
  Logic Levels:           0  
  Clock Path Skew:        0.000ns (DCD - SCD - CPR)
    Destination Clock Delay (DCD):    3.236ns
    Source Clock Delay      (SCD):    2.395ns
    Clock Pessimism Removal (CPR):    0.841ns

    Location             Delay type                Incr(ns)  Path(ns)    Netlist Resource(s)
  -------------------------------------------------------------------    -------------------
                         (clock clk_pixel rise edge)
                                                      0.000     0.000 r  
    W5                                                0.000     0.000 r  CLK100MHZ (IN)
                         net (fo=0)                   0.000     0.000    CLK100MHZ
    W5                   IBUF (Prop_ibuf_I_O)         0.226     0.226 r  CLK100MHZ_IBUF_inst/O
                         net (fo=1, routed)           0.631     0.858    CLK100MHZ_IBUF
    BUFGCTRL_X0Y0        BUFG (Prop_bufg_I_O)         0.026     0.884 r  CLK100MHZ_IBUF_BUFG_inst/O
                         net (fo=1064, routed)        0.563     1.446    clkdiv_pixel_inst/CLK100MHZ_IBUF_BUFG
    SLICE_X36Y46         FDRE (Prop_fdre_C_Q)         0.141     1.587 r  clkdiv_pixel_inst/clk_out_reg/Q
                         net (fo=2, routed)           0.229     1.816    clk_pixel
    BUFGCTRL_X0Y1        BUFG (Prop_bufg_I_O)         0.026     1.842 r  clk_pixel_BUFG_inst/O
                         net (fo=300, routed)         0.554     2.395    clk_pixel_BUFG
    SLICE_X13Y23         FDRE                                         r  mouse_xpos_pix_sync0_reg[5]/C
  -------------------------------------------------------------------    -------------------
    SLICE_X13Y23         FDRE (Prop_fdre_C_Q)         0.141     2.536 r  mouse_xpos_pix_sync0_reg[5]/Q
                         net (fo=1, routed)           0.056     2.592    mouse_xpos_pix_sync0[5]
    SLICE_X13Y23         FDRE                                         r  mouse_xpos_pix_sync1_reg[5]/D
  -------------------------------------------------------------------    -------------------

                         (clock clk_pixel rise edge)
                                                      0.000     0.000 r  
    W5                                                0.000     0.000 r  CLK100MHZ (IN)
                         net (fo=0)                   0.000     0.000    CLK100MHZ
    W5                   IBUF (Prop_ibuf_I_O)         0.414     0.414 r  CLK100MHZ_IBUF_inst/O
                         net (fo=1, routed)           0.685     1.099    CLK100MHZ_IBUF
    BUFGCTRL_X0Y0        BUFG (Prop_bufg_I_O)         0.029     1.128 r  CLK100MHZ_IBUF_BUFG_inst/O
                         net (fo=1064, routed)        0.832     1.959    clkdiv_pixel_inst/CLK100MHZ_IBUF_BUFG
    SLICE_X36Y46         FDRE (Prop_fdre_C_Q)         0.175     2.134 r  clkdiv_pixel_inst/clk_out_reg/Q
                         net (fo=2, routed)           0.253     2.387    clk_pixel
    BUFGCTRL_X0Y1        BUFG (Prop_bufg_I_O)         0.029     2.416 r  clk_pixel_BUFG_inst/O
                         net (fo=300, routed)         0.821     3.236    clk_pixel_BUFG
    SLICE_X13Y23         FDRE                                         r  mouse_xpos_pix_sync1_reg[5]/C
                         clock pessimism             -0.841     2.395    
    SLICE_X13Y23         FDRE (Hold_fdre_C_D)         0.076     2.471    mouse_xpos_pix_sync1_reg[5]
  -------------------------------------------------------------------
                         required time                         -2.471    
                         arrival time                           2.592    
  -------------------------------------------------------------------
                         slack                                  0.121    

Slack (MET) :             0.121ns  (arrival time - required time)
  Source:                 mouse_ypos_pix_sync0_reg[7]/C
                            (rising edge-triggered cell FDRE clocked by clk_pixel  {rise@0.000ns fall@20.000ns period=40.000ns})
  Destination:            mouse_ypos_pix_sync1_reg[7]/D
                            (rising edge-triggered cell FDRE clocked by clk_pixel  {rise@0.000ns fall@20.000ns period=40.000ns})
  Path Group:             clk_pixel
  Path Type:              Hold (Min at Fast Process Corner)
  Requirement:            0.000ns  (clk_pixel rise@0.000ns - clk_pixel rise@0.000ns)
  Data Path Delay:        0.197ns  (logic 0.141ns (71.611%)  route 0.056ns (28.389%))
  Logic Levels:           0  
  Clock Path Skew:        0.000ns (DCD - SCD - CPR)
    Destination Clock Delay (DCD):    3.241ns
    Source Clock Delay      (SCD):    2.399ns
    Clock Pessimism Removal (CPR):    0.842ns

    Location             Delay type                Incr(ns)  Path(ns)    Netlist Resource(s)
  -------------------------------------------------------------------    -------------------
                         (clock clk_pixel rise edge)
                                                      0.000     0.000 r  
    W5                                                0.000     0.000 r  CLK100MHZ (IN)
                         net (fo=0)                   0.000     0.000    CLK100MHZ
    W5                   IBUF (Prop_ibuf_I_O)         0.226     0.226 r  CLK100MHZ_IBUF_inst/O
                         net (fo=1, routed)           0.631     0.858    CLK100MHZ_IBUF
    BUFGCTRL_X0Y0        BUFG (Prop_bufg_I_O)         0.026     0.884 r  CLK100MHZ_IBUF_BUFG_inst/O
                         net (fo=1064, routed)        0.563     1.446    clkdiv_pixel_inst/CLK100MHZ_IBUF_BUFG
    SLICE_X36Y46         FDRE (Prop_fdre_C_Q)         0.141     1.587 r  clkdiv_pixel_inst/clk_out_reg/Q
                         net (fo=2, routed)           0.229     1.816    clk_pixel
    BUFGCTRL_X0Y1        BUFG (Prop_bufg_I_O)         0.026     1.842 r  clk_pixel_BUFG_inst/O
                         net (fo=300, routed)         0.558     2.399    clk_pixel_BUFG
    SLICE_X13Y30         FDRE                                         r  mouse_ypos_pix_sync0_reg[7]/C
  -------------------------------------------------------------------    -------------------
    SLICE_X13Y30         FDRE (Prop_fdre_C_Q)         0.141     2.540 r  mouse_ypos_pix_sync0_reg[7]/Q
                         net (fo=1, routed)           0.056     2.596    mouse_ypos_pix_sync0[7]
    SLICE_X13Y30         FDRE                                         r  mouse_ypos_pix_sync1_reg[7]/D
  -------------------------------------------------------------------    -------------------

                         (clock clk_pixel rise edge)
                                                      0.000     0.000 r  
    W5                                                0.000     0.000 r  CLK100MHZ (IN)
                         net (fo=0)                   0.000     0.000    CLK100MHZ
    W5                   IBUF (Prop_ibuf_I_O)         0.414     0.414 r  CLK100MHZ_IBUF_inst/O
                         net (fo=1, routed)           0.685     1.099    CLK100MHZ_IBUF
    BUFGCTRL_X0Y0        BUFG (Prop_bufg_I_O)         0.029     1.128 r  CLK100MHZ_IBUF_BUFG_inst/O
                         net (fo=1064, routed)        0.832     1.959    clkdiv_pixel_inst/CLK100MHZ_IBUF_BUFG
    SLICE_X36Y46         FDRE (Prop_fdre_C_Q)         0.175     2.134 r  clkdiv_pixel_inst/clk_out_reg/Q
                         net (fo=2, routed)           0.253     2.387    clk_pixel
    BUFGCTRL_X0Y1        BUFG (Prop_bufg_I_O)         0.029     2.416 r  clk_pixel_BUFG_inst/O
                         net (fo=300, routed)         0.826     3.241    clk_pixel_BUFG
    SLICE_X13Y30         FDRE                                         r  mouse_ypos_pix_sync1_reg[7]/C
                         clock pessimism             -0.842     2.399    
    SLICE_X13Y30         FDRE (Hold_fdre_C_D)         0.076     2.475    mouse_ypos_pix_sync1_reg[7]
  -------------------------------------------------------------------
                         required time                         -2.475    
                         arrival time                           2.596    
  -------------------------------------------------------------------
                         slack                                  0.121    

Slack (MET) :             0.122ns  (arrival time - required time)
  Source:                 mouse_xpos_pix_sync0_reg[10]/C
                            (rising edge-triggered cell FDRE clocked by clk_pixel  {rise@0.000ns fall@20.000ns period=40.000ns})
  Destination:            mouse_xpos_pix_sync1_reg[10]/D
                            (rising edge-triggered cell FDRE clocked by clk_pixel  {rise@0.000ns fall@20.000ns period=40.000ns})
  Path Group:             clk_pixel
  Path Type:              Hold (Min at Fast Process Corner)
  Requirement:            0.000ns  (clk_pixel rise@0.000ns - clk_pixel rise@0.000ns)
  Data Path Delay:        0.197ns  (logic 0.141ns (71.611%)  route 0.056ns (28.389%))
  Logic Levels:           0  
  Clock Path Skew:        0.000ns (DCD - SCD - CPR)
    Destination Clock Delay (DCD):    3.241ns
    Source Clock Delay      (SCD):    2.399ns
    Clock Pessimism Removal (CPR):    0.842ns

    Location             Delay type                Incr(ns)  Path(ns)    Netlist Resource(s)
  -------------------------------------------------------------------    -------------------
                         (clock clk_pixel rise edge)
                                                      0.000     0.000 r  
    W5                                                0.000     0.000 r  CLK100MHZ (IN)
                         net (fo=0)                   0.000     0.000    CLK100MHZ
    W5                   IBUF (Prop_ibuf_I_O)         0.226     0.226 r  CLK100MHZ_IBUF_inst/O
                         net (fo=1, routed)           0.631     0.858    CLK100MHZ_IBUF
    BUFGCTRL_X0Y0        BUFG (Prop_bufg_I_O)         0.026     0.884 r  CLK100MHZ_IBUF_BUFG_inst/O
                         net (fo=1064, routed)        0.563     1.446    clkdiv_pixel_inst/CLK100MHZ_IBUF_BUFG
    SLICE_X36Y46         FDRE (Prop_fdre_C_Q)         0.141     1.587 r  clkdiv_pixel_inst/clk_out_reg/Q
                         net (fo=2, routed)           0.229     1.816    clk_pixel
    BUFGCTRL_X0Y1        BUFG (Prop_bufg_I_O)         0.026     1.842 r  clk_pixel_BUFG_inst/O
                         net (fo=300, routed)         0.558     2.399    clk_pixel_BUFG
    SLICE_X13Y30         FDRE                                         r  mouse_xpos_pix_sync0_reg[10]/C
  -------------------------------------------------------------------    -------------------
    SLICE_X13Y30         FDRE (Prop_fdre_C_Q)         0.141     2.540 r  mouse_xpos_pix_sync0_reg[10]/Q
                         net (fo=1, routed)           0.056     2.596    mouse_xpos_pix_sync0[10]
    SLICE_X13Y30         FDRE                                         r  mouse_xpos_pix_sync1_reg[10]/D
  -------------------------------------------------------------------    -------------------

                         (clock clk_pixel rise edge)
                                                      0.000     0.000 r  
    W5                                                0.000     0.000 r  CLK100MHZ (IN)
                         net (fo=0)                   0.000     0.000    CLK100MHZ
    W5                   IBUF (Prop_ibuf_I_O)         0.414     0.414 r  CLK100MHZ_IBUF_inst/O
                         net (fo=1, routed)           0.685     1.099    CLK100MHZ_IBUF
    BUFGCTRL_X0Y0        BUFG (Prop_bufg_I_O)         0.029     1.128 r  CLK100MHZ_IBUF_BUFG_inst/O
                         net (fo=1064, routed)        0.832     1.959    clkdiv_pixel_inst/CLK100MHZ_IBUF_BUFG
    SLICE_X36Y46         FDRE (Prop_fdre_C_Q)         0.175     2.134 r  clkdiv_pixel_inst/clk_out_reg/Q
                         net (fo=2, routed)           0.253     2.387    clk_pixel
    BUFGCTRL_X0Y1        BUFG (Prop_bufg_I_O)         0.029     2.416 r  clk_pixel_BUFG_inst/O
                         net (fo=300, routed)         0.826     3.241    clk_pixel_BUFG
    SLICE_X13Y30         FDRE                                         r  mouse_xpos_pix_sync1_reg[10]/C
                         clock pessimism             -0.842     2.399    
    SLICE_X13Y30         FDRE (Hold_fdre_C_D)         0.075     2.474    mouse_xpos_pix_sync1_reg[10]
  -------------------------------------------------------------------
                         required time                         -2.474    
                         arrival time                           2.596    
  -------------------------------------------------------------------
                         slack                                  0.122    

Slack (MET) :             0.122ns  (arrival time - required time)
  Source:                 mouse_xpos_pix_sync0_reg[2]/C
                            (rising edge-triggered cell FDRE clocked by clk_pixel  {rise@0.000ns fall@20.000ns period=40.000ns})
  Destination:            mouse_xpos_pix_sync1_reg[2]/D
                            (rising edge-triggered cell FDRE clocked by clk_pixel  {rise@0.000ns fall@20.000ns period=40.000ns})
  Path Group:             clk_pixel
  Path Type:              Hold (Min at Fast Process Corner)
  Requirement:            0.000ns  (clk_pixel rise@0.000ns - clk_pixel rise@0.000ns)
  Data Path Delay:        0.197ns  (logic 0.141ns (71.611%)  route 0.056ns (28.389%))
  Logic Levels:           0  
  Clock Path Skew:        0.000ns (DCD - SCD - CPR)
    Destination Clock Delay (DCD):    3.236ns
    Source Clock Delay      (SCD):    2.395ns
    Clock Pessimism Removal (CPR):    0.841ns

    Location             Delay type                Incr(ns)  Path(ns)    Netlist Resource(s)
  -------------------------------------------------------------------    -------------------
                         (clock clk_pixel rise edge)
                                                      0.000     0.000 r  
    W5                                                0.000     0.000 r  CLK100MHZ (IN)
                         net (fo=0)                   0.000     0.000    CLK100MHZ
    W5                   IBUF (Prop_ibuf_I_O)         0.226     0.226 r  CLK100MHZ_IBUF_inst/O
                         net (fo=1, routed)           0.631     0.858    CLK100MHZ_IBUF
    BUFGCTRL_X0Y0        BUFG (Prop_bufg_I_O)         0.026     0.884 r  CLK100MHZ_IBUF_BUFG_inst/O
                         net (fo=1064, routed)        0.563     1.446    clkdiv_pixel_inst/CLK100MHZ_IBUF_BUFG
    SLICE_X36Y46         FDRE (Prop_fdre_C_Q)         0.141     1.587 r  clkdiv_pixel_inst/clk_out_reg/Q
                         net (fo=2, routed)           0.229     1.816    clk_pixel
    BUFGCTRL_X0Y1        BUFG (Prop_bufg_I_O)         0.026     1.842 r  clk_pixel_BUFG_inst/O
                         net (fo=300, routed)         0.554     2.395    clk_pixel_BUFG
    SLICE_X13Y23         FDRE                                         r  mouse_xpos_pix_sync0_reg[2]/C
  -------------------------------------------------------------------    -------------------
    SLICE_X13Y23         FDRE (Prop_fdre_C_Q)         0.141     2.536 r  mouse_xpos_pix_sync0_reg[2]/Q
                         net (fo=1, routed)           0.056     2.592    mouse_xpos_pix_sync0[2]
    SLICE_X13Y23         FDRE                                         r  mouse_xpos_pix_sync1_reg[2]/D
  -------------------------------------------------------------------    -------------------

                         (clock clk_pixel rise edge)
                                                      0.000     0.000 r  
    W5                                                0.000     0.000 r  CLK100MHZ (IN)
                         net (fo=0)                   0.000     0.000    CLK100MHZ
    W5                   IBUF (Prop_ibuf_I_O)         0.414     0.414 r  CLK100MHZ_IBUF_inst/O
                         net (fo=1, routed)           0.685     1.099    CLK100MHZ_IBUF
    BUFGCTRL_X0Y0        BUFG (Prop_bufg_I_O)         0.029     1.128 r  CLK100MHZ_IBUF_BUFG_inst/O
                         net (fo=1064, routed)        0.832     1.959    clkdiv_pixel_inst/CLK100MHZ_IBUF_BUFG
    SLICE_X36Y46         FDRE (Prop_fdre_C_Q)         0.175     2.134 r  clkdiv_pixel_inst/clk_out_reg/Q
                         net (fo=2, routed)           0.253     2.387    clk_pixel
    BUFGCTRL_X0Y1        BUFG (Prop_bufg_I_O)         0.029     2.416 r  clk_pixel_BUFG_inst/O
                         net (fo=300, routed)         0.821     3.236    clk_pixel_BUFG
    SLICE_X13Y23         FDRE                                         r  mouse_xpos_pix_sync1_reg[2]/C
                         clock pessimism             -0.841     2.395    
    SLICE_X13Y23         FDRE (Hold_fdre_C_D)         0.075     2.470    mouse_xpos_pix_sync1_reg[2]
  -------------------------------------------------------------------
                         required time                         -2.470    
                         arrival time                           2.592    
  -------------------------------------------------------------------
                         slack                                  0.122    

Slack (MET) :             0.122ns  (arrival time - required time)
  Source:                 mouse_xpos_pix_sync0_reg[9]/C
                            (rising edge-triggered cell FDRE clocked by clk_pixel  {rise@0.000ns fall@20.000ns period=40.000ns})
  Destination:            mouse_xpos_pix_sync1_reg[9]/D
                            (rising edge-triggered cell FDRE clocked by clk_pixel  {rise@0.000ns fall@20.000ns period=40.000ns})
  Path Group:             clk_pixel
  Path Type:              Hold (Min at Fast Process Corner)
  Requirement:            0.000ns  (clk_pixel rise@0.000ns - clk_pixel rise@0.000ns)
  Data Path Delay:        0.197ns  (logic 0.141ns (71.611%)  route 0.056ns (28.389%))
  Logic Levels:           0  
  Clock Path Skew:        0.000ns (DCD - SCD - CPR)
    Destination Clock Delay (DCD):    3.236ns
    Source Clock Delay      (SCD):    2.395ns
    Clock Pessimism Removal (CPR):    0.841ns

    Location             Delay type                Incr(ns)  Path(ns)    Netlist Resource(s)
  -------------------------------------------------------------------    -------------------
                         (clock clk_pixel rise edge)
                                                      0.000     0.000 r  
    W5                                                0.000     0.000 r  CLK100MHZ (IN)
                         net (fo=0)                   0.000     0.000    CLK100MHZ
    W5                   IBUF (Prop_ibuf_I_O)         0.226     0.226 r  CLK100MHZ_IBUF_inst/O
                         net (fo=1, routed)           0.631     0.858    CLK100MHZ_IBUF
    BUFGCTRL_X0Y0        BUFG (Prop_bufg_I_O)         0.026     0.884 r  CLK100MHZ_IBUF_BUFG_inst/O
                         net (fo=1064, routed)        0.563     1.446    clkdiv_pixel_inst/CLK100MHZ_IBUF_BUFG
    SLICE_X36Y46         FDRE (Prop_fdre_C_Q)         0.141     1.587 r  clkdiv_pixel_inst/clk_out_reg/Q
                         net (fo=2, routed)           0.229     1.816    clk_pixel
    BUFGCTRL_X0Y1        BUFG (Prop_bufg_I_O)         0.026     1.842 r  clk_pixel_BUFG_inst/O
                         net (fo=300, routed)         0.554     2.395    clk_pixel_BUFG
    SLICE_X11Y26         FDRE                                         r  mouse_xpos_pix_sync0_reg[9]/C
  -------------------------------------------------------------------    -------------------
    SLICE_X11Y26         FDRE (Prop_fdre_C_Q)         0.141     2.536 r  mouse_xpos_pix_sync0_reg[9]/Q
                         net (fo=1, routed)           0.056     2.592    mouse_xpos_pix_sync0[9]
    SLICE_X11Y26         FDRE                                         r  mouse_xpos_pix_sync1_reg[9]/D
  -------------------------------------------------------------------    -------------------

                         (clock clk_pixel rise edge)
                                                      0.000     0.000 r  
    W5                                                0.000     0.000 r  CLK100MHZ (IN)
                         net (fo=0)                   0.000     0.000    CLK100MHZ
    W5                   IBUF (Prop_ibuf_I_O)         0.414     0.414 r  CLK100MHZ_IBUF_inst/O
                         net (fo=1, routed)           0.685     1.099    CLK100MHZ_IBUF
    BUFGCTRL_X0Y0        BUFG (Prop_bufg_I_O)         0.029     1.128 r  CLK100MHZ_IBUF_BUFG_inst/O
                         net (fo=1064, routed)        0.832     1.959    clkdiv_pixel_inst/CLK100MHZ_IBUF_BUFG
    SLICE_X36Y46         FDRE (Prop_fdre_C_Q)         0.175     2.134 r  clkdiv_pixel_inst/clk_out_reg/Q
                         net (fo=2, routed)           0.253     2.387    clk_pixel
    BUFGCTRL_X0Y1        BUFG (Prop_bufg_I_O)         0.029     2.416 r  clk_pixel_BUFG_inst/O
                         net (fo=300, routed)         0.821     3.236    clk_pixel_BUFG
    SLICE_X11Y26         FDRE                                         r  mouse_xpos_pix_sync1_reg[9]/C
                         clock pessimism             -0.841     2.395    
    SLICE_X11Y26         FDRE (Hold_fdre_C_D)         0.075     2.470    mouse_xpos_pix_sync1_reg[9]
  -------------------------------------------------------------------
                         required time                         -2.470    
                         arrival time                           2.592    
  -------------------------------------------------------------------
                         slack                                  0.122    

Slack (MET) :             0.122ns  (arrival time - required time)
  Source:                 mouse_ypos_pix_sync0_reg[11]/C
                            (rising edge-triggered cell FDRE clocked by clk_pixel  {rise@0.000ns fall@20.000ns period=40.000ns})
  Destination:            mouse_ypos_pix_sync1_reg[11]/D
                            (rising edge-triggered cell FDRE clocked by clk_pixel  {rise@0.000ns fall@20.000ns period=40.000ns})
  Path Group:             clk_pixel
  Path Type:              Hold (Min at Fast Process Corner)
  Requirement:            0.000ns  (clk_pixel rise@0.000ns - clk_pixel rise@0.000ns)
  Data Path Delay:        0.197ns  (logic 0.141ns (71.611%)  route 0.056ns (28.389%))
  Logic Levels:           0  
  Clock Path Skew:        0.000ns (DCD - SCD - CPR)
    Destination Clock Delay (DCD):    3.242ns
    Source Clock Delay      (SCD):    2.400ns
    Clock Pessimism Removal (CPR):    0.842ns

    Location             Delay type                Incr(ns)  Path(ns)    Netlist Resource(s)
  -------------------------------------------------------------------    -------------------
                         (clock clk_pixel rise edge)
                                                      0.000     0.000 r  
    W5                                                0.000     0.000 r  CLK100MHZ (IN)
                         net (fo=0)                   0.000     0.000    CLK100MHZ
    W5                   IBUF (Prop_ibuf_I_O)         0.226     0.226 r  CLK100MHZ_IBUF_inst/O
                         net (fo=1, routed)           0.631     0.858    CLK100MHZ_IBUF
    BUFGCTRL_X0Y0        BUFG (Prop_bufg_I_O)         0.026     0.884 r  CLK100MHZ_IBUF_BUFG_inst/O
                         net (fo=1064, routed)        0.563     1.446    clkdiv_pixel_inst/CLK100MHZ_IBUF_BUFG
    SLICE_X36Y46         FDRE (Prop_fdre_C_Q)         0.141     1.587 r  clkdiv_pixel_inst/clk_out_reg/Q
                         net (fo=2, routed)           0.229     1.816    clk_pixel
    BUFGCTRL_X0Y1        BUFG (Prop_bufg_I_O)         0.026     1.842 r  clk_pixel_BUFG_inst/O
                         net (fo=300, routed)         0.559     2.400    clk_pixel_BUFG
    SLICE_X15Y31         FDRE                                         r  mouse_ypos_pix_sync0_reg[11]/C
  -------------------------------------------------------------------    -------------------
    SLICE_X15Y31         FDRE (Prop_fdre_C_Q)         0.141     2.541 r  mouse_ypos_pix_sync0_reg[11]/Q
                         net (fo=1, routed)           0.056     2.597    mouse_ypos_pix_sync0[11]
    SLICE_X15Y31         FDRE                                         r  mouse_ypos_pix_sync1_reg[11]/D
  -------------------------------------------------------------------    -------------------

                         (clock clk_pixel rise edge)
                                                      0.000     0.000 r  
    W5                                                0.000     0.000 r  CLK100MHZ (IN)
                         net (fo=0)                   0.000     0.000    CLK100MHZ
    W5                   IBUF (Prop_ibuf_I_O)         0.414     0.414 r  CLK100MHZ_IBUF_inst/O
                         net (fo=1, routed)           0.685     1.099    CLK100MHZ_IBUF
    BUFGCTRL_X0Y0        BUFG (Prop_bufg_I_O)         0.029     1.128 r  CLK100MHZ_IBUF_BUFG_inst/O
                         net (fo=1064, routed)        0.832     1.959    clkdiv_pixel_inst/CLK100MHZ_IBUF_BUFG
    SLICE_X36Y46         FDRE (Prop_fdre_C_Q)         0.175     2.134 r  clkdiv_pixel_inst/clk_out_reg/Q
                         net (fo=2, routed)           0.253     2.387    clk_pixel
    BUFGCTRL_X0Y1        BUFG (Prop_bufg_I_O)         0.029     2.416 r  clk_pixel_BUFG_inst/O
                         net (fo=300, routed)         0.827     3.242    clk_pixel_BUFG
    SLICE_X15Y31         FDRE                                         r  mouse_ypos_pix_sync1_reg[11]/C
                         clock pessimism             -0.842     2.400    
    SLICE_X15Y31         FDRE (Hold_fdre_C_D)         0.075     2.475    mouse_ypos_pix_sync1_reg[11]
  -------------------------------------------------------------------
                         required time                         -2.475    
                         arrival time                           2.597    
  -------------------------------------------------------------------
                         slack                                  0.122    

Slack (MET) :             0.122ns  (arrival time - required time)
  Source:                 selected_comp_data_pix_sync0_reg[36]/C
                            (rising edge-triggered cell FDRE clocked by clk_pixel  {rise@0.000ns fall@20.000ns period=40.000ns})
  Destination:            selected_comp_data_pix_sync1_reg[36]/D
                            (rising edge-triggered cell FDRE clocked by clk_pixel  {rise@0.000ns fall@20.000ns period=40.000ns})
  Path Group:             clk_pixel
  Path Type:              Hold (Min at Fast Process Corner)
  Requirement:            0.000ns  (clk_pixel rise@0.000ns - clk_pixel rise@0.000ns)
  Data Path Delay:        0.197ns  (logic 0.141ns (71.611%)  route 0.056ns (28.389%))
  Logic Levels:           0  
  Clock Path Skew:        0.000ns (DCD - SCD - CPR)
    Destination Clock Delay (DCD):    3.274ns
    Source Clock Delay      (SCD):    2.431ns
    Clock Pessimism Removal (CPR):    0.843ns

    Location             Delay type                Incr(ns)  Path(ns)    Netlist Resource(s)
  -------------------------------------------------------------------    -------------------
                         (clock clk_pixel rise edge)
                                                      0.000     0.000 r  
    W5                                                0.000     0.000 r  CLK100MHZ (IN)
                         net (fo=0)                   0.000     0.000    CLK100MHZ
    W5                   IBUF (Prop_ibuf_I_O)         0.226     0.226 r  CLK100MHZ_IBUF_inst/O
                         net (fo=1, routed)           0.631     0.858    CLK100MHZ_IBUF
    BUFGCTRL_X0Y0        BUFG (Prop_bufg_I_O)         0.026     0.884 r  CLK100MHZ_IBUF_BUFG_inst/O
                         net (fo=1064, routed)        0.563     1.446    clkdiv_pixel_inst/CLK100MHZ_IBUF_BUFG
    SLICE_X36Y46         FDRE (Prop_fdre_C_Q)         0.141     1.587 r  clkdiv_pixel_inst/clk_out_reg/Q
                         net (fo=2, routed)           0.229     1.816    clk_pixel
    BUFGCTRL_X0Y1        BUFG (Prop_bufg_I_O)         0.026     1.842 r  clk_pixel_BUFG_inst/O
                         net (fo=300, routed)         0.590     2.431    clk_pixel_BUFG
    SLICE_X1Y33          FDRE                                         r  selected_comp_data_pix_sync0_reg[36]/C
  -------------------------------------------------------------------    -------------------
    SLICE_X1Y33          FDRE (Prop_fdre_C_Q)         0.141     2.572 r  selected_comp_data_pix_sync0_reg[36]/Q
                         net (fo=1, routed)           0.056     2.628    selected_comp_data_pix_sync0[36]
    SLICE_X1Y33          FDRE                                         r  selected_comp_data_pix_sync1_reg[36]/D
  -------------------------------------------------------------------    -------------------

                         (clock clk_pixel rise edge)
                                                      0.000     0.000 r  
    W5                                                0.000     0.000 r  CLK100MHZ (IN)
                         net (fo=0)                   0.000     0.000    CLK100MHZ
    W5                   IBUF (Prop_ibuf_I_O)         0.414     0.414 r  CLK100MHZ_IBUF_inst/O
                         net (fo=1, routed)           0.685     1.099    CLK100MHZ_IBUF
    BUFGCTRL_X0Y0        BUFG (Prop_bufg_I_O)         0.029     1.128 r  CLK100MHZ_IBUF_BUFG_inst/O
                         net (fo=1064, routed)        0.832     1.959    clkdiv_pixel_inst/CLK100MHZ_IBUF_BUFG
    SLICE_X36Y46         FDRE (Prop_fdre_C_Q)         0.175     2.134 r  clkdiv_pixel_inst/clk_out_reg/Q
                         net (fo=2, routed)           0.253     2.387    clk_pixel
    BUFGCTRL_X0Y1        BUFG (Prop_bufg_I_O)         0.029     2.416 r  clk_pixel_BUFG_inst/O
                         net (fo=300, routed)         0.859     3.274    clk_pixel_BUFG
    SLICE_X1Y33          FDRE                                         r  selected_comp_data_pix_sync1_reg[36]/C
                         clock pessimism             -0.843     2.431    
    SLICE_X1Y33          FDRE (Hold_fdre_C_D)         0.075     2.506    selected_comp_data_pix_sync1_reg[36]
  -------------------------------------------------------------------
                         required time                         -2.506    
                         arrival time                           2.628    
  -------------------------------------------------------------------
                         slack                                  0.122    

Slack (MET) :             0.122ns  (arrival time - required time)
  Source:                 mouse_left_pix_sync0_reg/C
                            (rising edge-triggered cell FDRE clocked by clk_pixel  {rise@0.000ns fall@20.000ns period=40.000ns})
  Destination:            mouse_left_pix_sync1_reg/D
                            (rising edge-triggered cell FDRE clocked by clk_pixel  {rise@0.000ns fall@20.000ns period=40.000ns})
  Path Group:             clk_pixel
  Path Type:              Hold (Min at Fast Process Corner)
  Requirement:            0.000ns  (clk_pixel rise@0.000ns - clk_pixel rise@0.000ns)
  Data Path Delay:        0.197ns  (logic 0.141ns (71.611%)  route 0.056ns (28.389%))
  Logic Levels:           0  
  Clock Path Skew:        0.000ns (DCD - SCD - CPR)
    Destination Clock Delay (DCD):    3.238ns
    Source Clock Delay      (SCD):    2.397ns
    Clock Pessimism Removal (CPR):    0.841ns

    Location             Delay type                Incr(ns)  Path(ns)    Netlist Resource(s)
  -------------------------------------------------------------------    -------------------
                         (clock clk_pixel rise edge)
                                                      0.000     0.000 r  
    W5                                                0.000     0.000 r  CLK100MHZ (IN)
                         net (fo=0)                   0.000     0.000    CLK100MHZ
    W5                   IBUF (Prop_ibuf_I_O)         0.226     0.226 r  CLK100MHZ_IBUF_inst/O
                         net (fo=1, routed)           0.631     0.858    CLK100MHZ_IBUF
    BUFGCTRL_X0Y0        BUFG (Prop_bufg_I_O)         0.026     0.884 r  CLK100MHZ_IBUF_BUFG_inst/O
                         net (fo=1064, routed)        0.563     1.446    clkdiv_pixel_inst/CLK100MHZ_IBUF_BUFG
    SLICE_X36Y46         FDRE (Prop_fdre_C_Q)         0.141     1.587 r  clkdiv_pixel_inst/clk_out_reg/Q
                         net (fo=2, routed)           0.229     1.816    clk_pixel
    BUFGCTRL_X0Y1        BUFG (Prop_bufg_I_O)         0.026     1.842 r  clk_pixel_BUFG_inst/O
                         net (fo=300, routed)         0.556     2.397    clk_pixel_BUFG
    SLICE_X11Y22         FDRE                                         r  mouse_left_pix_sync0_reg/C
  -------------------------------------------------------------------    -------------------
    SLICE_X11Y22         FDRE (Prop_fdre_C_Q)         0.141     2.538 r  mouse_left_pix_sync0_reg/Q
                         net (fo=1, routed)           0.056     2.594    mouse_left_pix_sync0
    SLICE_X11Y22         FDRE                                         r  mouse_left_pix_sync1_reg/D
  -------------------------------------------------------------------    -------------------

                         (clock clk_pixel rise edge)
                                                      0.000     0.000 r  
    W5                                                0.000     0.000 r  CLK100MHZ (IN)
                         net (fo=0)                   0.000     0.000    CLK100MHZ
    W5                   IBUF (Prop_ibuf_I_O)         0.414     0.414 r  CLK100MHZ_IBUF_inst/O
                         net (fo=1, routed)           0.685     1.099    CLK100MHZ_IBUF
    BUFGCTRL_X0Y0        BUFG (Prop_bufg_I_O)         0.029     1.128 r  CLK100MHZ_IBUF_BUFG_inst/O
                         net (fo=1064, routed)        0.832     1.959    clkdiv_pixel_inst/CLK100MHZ_IBUF_BUFG
    SLICE_X36Y46         FDRE (Prop_fdre_C_Q)         0.175     2.134 r  clkdiv_pixel_inst/clk_out_reg/Q
                         net (fo=2, routed)           0.253     2.387    clk_pixel
    BUFGCTRL_X0Y1        BUFG (Prop_bufg_I_O)         0.029     2.416 r  clk_pixel_BUFG_inst/O
                         net (fo=300, routed)         0.823     3.238    clk_pixel_BUFG
    SLICE_X11Y22         FDRE                                         r  mouse_left_pix_sync1_reg/C
                         clock pessimism             -0.841     2.397    
    SLICE_X11Y22         FDRE (Hold_fdre_C_D)         0.075     2.472    mouse_left_pix_sync1_reg
  -------------------------------------------------------------------
                         required time                         -2.472    
                         arrival time                           2.594    
  -------------------------------------------------------------------
                         slack                                  0.122    

Slack (MET) :             0.122ns  (arrival time - required time)
  Source:                 mouse_xpos_pix_sync0_reg[11]/C
                            (rising edge-triggered cell FDRE clocked by clk_pixel  {rise@0.000ns fall@20.000ns period=40.000ns})
  Destination:            mouse_xpos_pix_sync1_reg[11]/D
                            (rising edge-triggered cell FDRE clocked by clk_pixel  {rise@0.000ns fall@20.000ns period=40.000ns})
  Path Group:             clk_pixel
  Path Type:              Hold (Min at Fast Process Corner)
  Requirement:            0.000ns  (clk_pixel rise@0.000ns - clk_pixel rise@0.000ns)
  Data Path Delay:        0.197ns  (logic 0.141ns (71.611%)  route 0.056ns (28.389%))
  Logic Levels:           0  
  Clock Path Skew:        0.000ns (DCD - SCD - CPR)
    Destination Clock Delay (DCD):    3.235ns
    Source Clock Delay      (SCD):    2.394ns
    Clock Pessimism Removal (CPR):    0.841ns

    Location             Delay type                Incr(ns)  Path(ns)    Netlist Resource(s)
  -------------------------------------------------------------------    -------------------
                         (clock clk_pixel rise edge)
                                                      0.000     0.000 r  
    W5                                                0.000     0.000 r  CLK100MHZ (IN)
                         net (fo=0)                   0.000     0.000    CLK100MHZ
    W5                   IBUF (Prop_ibuf_I_O)         0.226     0.226 r  CLK100MHZ_IBUF_inst/O
                         net (fo=1, routed)           0.631     0.858    CLK100MHZ_IBUF
    BUFGCTRL_X0Y0        BUFG (Prop_bufg_I_O)         0.026     0.884 r  CLK100MHZ_IBUF_BUFG_inst/O
                         net (fo=1064, routed)        0.563     1.446    clkdiv_pixel_inst/CLK100MHZ_IBUF_BUFG
    SLICE_X36Y46         FDRE (Prop_fdre_C_Q)         0.141     1.587 r  clkdiv_pixel_inst/clk_out_reg/Q
                         net (fo=2, routed)           0.229     1.816    clk_pixel
    BUFGCTRL_X0Y1        BUFG (Prop_bufg_I_O)         0.026     1.842 r  clk_pixel_BUFG_inst/O
                         net (fo=300, routed)         0.553     2.394    clk_pixel_BUFG
    SLICE_X13Y24         FDRE                                         r  mouse_xpos_pix_sync0_reg[11]/C
  -------------------------------------------------------------------    -------------------
    SLICE_X13Y24         FDRE (Prop_fdre_C_Q)         0.141     2.535 r  mouse_xpos_pix_sync0_reg[11]/Q
                         net (fo=1, routed)           0.056     2.591    mouse_xpos_pix_sync0[11]
    SLICE_X13Y24         FDRE                                         r  mouse_xpos_pix_sync1_reg[11]/D
  -------------------------------------------------------------------    -------------------

                         (clock clk_pixel rise edge)
                                                      0.000     0.000 r  
    W5                                                0.000     0.000 r  CLK100MHZ (IN)
                         net (fo=0)                   0.000     0.000    CLK100MHZ
    W5                   IBUF (Prop_ibuf_I_O)         0.414     0.414 r  CLK100MHZ_IBUF_inst/O
                         net (fo=1, routed)           0.685     1.099    CLK100MHZ_IBUF
    BUFGCTRL_X0Y0        BUFG (Prop_bufg_I_O)         0.029     1.128 r  CLK100MHZ_IBUF_BUFG_inst/O
                         net (fo=1064, routed)        0.832     1.959    clkdiv_pixel_inst/CLK100MHZ_IBUF_BUFG
    SLICE_X36Y46         FDRE (Prop_fdre_C_Q)         0.175     2.134 r  clkdiv_pixel_inst/clk_out_reg/Q
                         net (fo=2, routed)           0.253     2.387    clk_pixel
    BUFGCTRL_X0Y1        BUFG (Prop_bufg_I_O)         0.029     2.416 r  clk_pixel_BUFG_inst/O
                         net (fo=300, routed)         0.820     3.235    clk_pixel_BUFG
    SLICE_X13Y24         FDRE                                         r  mouse_xpos_pix_sync1_reg[11]/C
                         clock pessimism             -0.841     2.394    
    SLICE_X13Y24         FDRE (Hold_fdre_C_D)         0.075     2.469    mouse_xpos_pix_sync1_reg[11]
  -------------------------------------------------------------------
                         required time                         -2.469    
                         arrival time                           2.591    
  -------------------------------------------------------------------
                         slack                                  0.122    

Slack (MET) :             0.126ns  (arrival time - required time)
  Source:                 mouse_xpos_pix_sync0_reg[3]/C
                            (rising edge-triggered cell FDRE clocked by clk_pixel  {rise@0.000ns fall@20.000ns period=40.000ns})
  Destination:            mouse_xpos_pix_sync1_reg[3]/D
                            (rising edge-triggered cell FDRE clocked by clk_pixel  {rise@0.000ns fall@20.000ns period=40.000ns})
  Path Group:             clk_pixel
  Path Type:              Hold (Min at Fast Process Corner)
  Requirement:            0.000ns  (clk_pixel rise@0.000ns - clk_pixel rise@0.000ns)
  Data Path Delay:        0.197ns  (logic 0.141ns (71.611%)  route 0.056ns (28.389%))
  Logic Levels:           0  
  Clock Path Skew:        0.000ns (DCD - SCD - CPR)
    Destination Clock Delay (DCD):    3.236ns
    Source Clock Delay      (SCD):    2.395ns
    Clock Pessimism Removal (CPR):    0.841ns

    Location             Delay type                Incr(ns)  Path(ns)    Netlist Resource(s)
  -------------------------------------------------------------------    -------------------
                         (clock clk_pixel rise edge)
                                                      0.000     0.000 r  
    W5                                                0.000     0.000 r  CLK100MHZ (IN)
                         net (fo=0)                   0.000     0.000    CLK100MHZ
    W5                   IBUF (Prop_ibuf_I_O)         0.226     0.226 r  CLK100MHZ_IBUF_inst/O
                         net (fo=1, routed)           0.631     0.858    CLK100MHZ_IBUF
    BUFGCTRL_X0Y0        BUFG (Prop_bufg_I_O)         0.026     0.884 r  CLK100MHZ_IBUF_BUFG_inst/O
                         net (fo=1064, routed)        0.563     1.446    clkdiv_pixel_inst/CLK100MHZ_IBUF_BUFG
    SLICE_X36Y46         FDRE (Prop_fdre_C_Q)         0.141     1.587 r  clkdiv_pixel_inst/clk_out_reg/Q
                         net (fo=2, routed)           0.229     1.816    clk_pixel
    BUFGCTRL_X0Y1        BUFG (Prop_bufg_I_O)         0.026     1.842 r  clk_pixel_BUFG_inst/O
                         net (fo=300, routed)         0.554     2.395    clk_pixel_BUFG
    SLICE_X13Y23         FDRE                                         r  mouse_xpos_pix_sync0_reg[3]/C
  -------------------------------------------------------------------    -------------------
    SLICE_X13Y23         FDRE (Prop_fdre_C_Q)         0.141     2.536 r  mouse_xpos_pix_sync0_reg[3]/Q
                         net (fo=1, routed)           0.056     2.592    mouse_xpos_pix_sync0[3]
    SLICE_X13Y23         FDRE                                         r  mouse_xpos_pix_sync1_reg[3]/D
  -------------------------------------------------------------------    -------------------

                         (clock clk_pixel rise edge)
                                                      0.000     0.000 r  
    W5                                                0.000     0.000 r  CLK100MHZ (IN)
                         net (fo=0)                   0.000     0.000    CLK100MHZ
    W5                   IBUF (Prop_ibuf_I_O)         0.414     0.414 r  CLK100MHZ_IBUF_inst/O
                         net (fo=1, routed)           0.685     1.099    CLK100MHZ_IBUF
    BUFGCTRL_X0Y0        BUFG (Prop_bufg_I_O)         0.029     1.128 r  CLK100MHZ_IBUF_BUFG_inst/O
                         net (fo=1064, routed)        0.832     1.959    clkdiv_pixel_inst/CLK100MHZ_IBUF_BUFG
    SLICE_X36Y46         FDRE (Prop_fdre_C_Q)         0.175     2.134 r  clkdiv_pixel_inst/clk_out_reg/Q
                         net (fo=2, routed)           0.253     2.387    clk_pixel
    BUFGCTRL_X0Y1        BUFG (Prop_bufg_I_O)         0.029     2.416 r  clk_pixel_BUFG_inst/O
                         net (fo=300, routed)         0.821     3.236    clk_pixel_BUFG
    SLICE_X13Y23         FDRE                                         r  mouse_xpos_pix_sync1_reg[3]/C
                         clock pessimism             -0.841     2.395    
    SLICE_X13Y23         FDRE (Hold_fdre_C_D)         0.071     2.466    mouse_xpos_pix_sync1_reg[3]
  -------------------------------------------------------------------
                         required time                         -2.466    
                         arrival time                           2.592    
  -------------------------------------------------------------------
                         slack                                  0.126    

Slack (MET) :             0.126ns  (arrival time - required time)
  Source:                 mouse_ypos_pix_sync0_reg[3]/C
                            (rising edge-triggered cell FDRE clocked by clk_pixel  {rise@0.000ns fall@20.000ns period=40.000ns})
  Destination:            mouse_ypos_pix_sync1_reg[3]/D
                            (rising edge-triggered cell FDRE clocked by clk_pixel  {rise@0.000ns fall@20.000ns period=40.000ns})
  Path Group:             clk_pixel
  Path Type:              Hold (Min at Fast Process Corner)
  Requirement:            0.000ns  (clk_pixel rise@0.000ns - clk_pixel rise@0.000ns)
  Data Path Delay:        0.197ns  (logic 0.141ns (71.611%)  route 0.056ns (28.389%))
  Logic Levels:           0  
  Clock Path Skew:        0.000ns (DCD - SCD - CPR)
    Destination Clock Delay (DCD):    3.236ns
    Source Clock Delay      (SCD):    2.395ns
    Clock Pessimism Removal (CPR):    0.841ns

    Location             Delay type                Incr(ns)  Path(ns)    Netlist Resource(s)
  -------------------------------------------------------------------    -------------------
                         (clock clk_pixel rise edge)
                                                      0.000     0.000 r  
    W5                                                0.000     0.000 r  CLK100MHZ (IN)
                         net (fo=0)                   0.000     0.000    CLK100MHZ
    W5                   IBUF (Prop_ibuf_I_O)         0.226     0.226 r  CLK100MHZ_IBUF_inst/O
                         net (fo=1, routed)           0.631     0.858    CLK100MHZ_IBUF
    BUFGCTRL_X0Y0        BUFG (Prop_bufg_I_O)         0.026     0.884 r  CLK100MHZ_IBUF_BUFG_inst/O
                         net (fo=1064, routed)        0.563     1.446    clkdiv_pixel_inst/CLK100MHZ_IBUF_BUFG
    SLICE_X36Y46         FDRE (Prop_fdre_C_Q)         0.141     1.587 r  clkdiv_pixel_inst/clk_out_reg/Q
                         net (fo=2, routed)           0.229     1.816    clk_pixel
    BUFGCTRL_X0Y1        BUFG (Prop_bufg_I_O)         0.026     1.842 r  clk_pixel_BUFG_inst/O
                         net (fo=300, routed)         0.554     2.395    clk_pixel_BUFG
    SLICE_X11Y26         FDRE                                         r  mouse_ypos_pix_sync0_reg[3]/C
  -------------------------------------------------------------------    -------------------
    SLICE_X11Y26         FDRE (Prop_fdre_C_Q)         0.141     2.536 r  mouse_ypos_pix_sync0_reg[3]/Q
                         net (fo=1, routed)           0.056     2.592    mouse_ypos_pix_sync0[3]
    SLICE_X11Y26         FDRE                                         r  mouse_ypos_pix_sync1_reg[3]/D
  -------------------------------------------------------------------    -------------------

                         (clock clk_pixel rise edge)
                                                      0.000     0.000 r  
    W5                                                0.000     0.000 r  CLK100MHZ (IN)
                         net (fo=0)                   0.000     0.000    CLK100MHZ
    W5                   IBUF (Prop_ibuf_I_O)         0.414     0.414 r  CLK100MHZ_IBUF_inst/O
                         net (fo=1, routed)           0.685     1.099    CLK100MHZ_IBUF
    BUFGCTRL_X0Y0        BUFG (Prop_bufg_I_O)         0.029     1.128 r  CLK100MHZ_IBUF_BUFG_inst/O
                         net (fo=1064, routed)        0.832     1.959    clkdiv_pixel_inst/CLK100MHZ_IBUF_BUFG
    SLICE_X36Y46         FDRE (Prop_fdre_C_Q)         0.175     2.134 r  clkdiv_pixel_inst/clk_out_reg/Q
                         net (fo=2, routed)           0.253     2.387    clk_pixel
    BUFGCTRL_X0Y1        BUFG (Prop_bufg_I_O)         0.029     2.416 r  clk_pixel_BUFG_inst/O
                         net (fo=300, routed)         0.821     3.236    clk_pixel_BUFG
    SLICE_X11Y26         FDRE                                         r  mouse_ypos_pix_sync1_reg[3]/C
                         clock pessimism             -0.841     2.395    
    SLICE_X11Y26         FDRE (Hold_fdre_C_D)         0.071     2.466    mouse_ypos_pix_sync1_reg[3]
  -------------------------------------------------------------------
                         required time                         -2.466    
                         arrival time                           2.592    
  -------------------------------------------------------------------
                         slack                                  0.126    

Slack (MET) :             0.126ns  (arrival time - required time)
  Source:                 mouse_ypos_pix_sync0_reg[6]/C
                            (rising edge-triggered cell FDRE clocked by clk_pixel  {rise@0.000ns fall@20.000ns period=40.000ns})
  Destination:            mouse_ypos_pix_sync1_reg[6]/D
                            (rising edge-triggered cell FDRE clocked by clk_pixel  {rise@0.000ns fall@20.000ns period=40.000ns})
  Path Group:             clk_pixel
  Path Type:              Hold (Min at Fast Process Corner)
  Requirement:            0.000ns  (clk_pixel rise@0.000ns - clk_pixel rise@0.000ns)
  Data Path Delay:        0.197ns  (logic 0.141ns (71.611%)  route 0.056ns (28.389%))
  Logic Levels:           0  
  Clock Path Skew:        0.000ns (DCD - SCD - CPR)
    Destination Clock Delay (DCD):    3.241ns
    Source Clock Delay      (SCD):    2.399ns
    Clock Pessimism Removal (CPR):    0.842ns

    Location             Delay type                Incr(ns)  Path(ns)    Netlist Resource(s)
  -------------------------------------------------------------------    -------------------
                         (clock clk_pixel rise edge)
                                                      0.000     0.000 r  
    W5                                                0.000     0.000 r  CLK100MHZ (IN)
                         net (fo=0)                   0.000     0.000    CLK100MHZ
    W5                   IBUF (Prop_ibuf_I_O)         0.226     0.226 r  CLK100MHZ_IBUF_inst/O
                         net (fo=1, routed)           0.631     0.858    CLK100MHZ_IBUF
    BUFGCTRL_X0Y0        BUFG (Prop_bufg_I_O)         0.026     0.884 r  CLK100MHZ_IBUF_BUFG_inst/O
                         net (fo=1064, routed)        0.563     1.446    clkdiv_pixel_inst/CLK100MHZ_IBUF_BUFG
    SLICE_X36Y46         FDRE (Prop_fdre_C_Q)         0.141     1.587 r  clkdiv_pixel_inst/clk_out_reg/Q
                         net (fo=2, routed)           0.229     1.816    clk_pixel
    BUFGCTRL_X0Y1        BUFG (Prop_bufg_I_O)         0.026     1.842 r  clk_pixel_BUFG_inst/O
                         net (fo=300, routed)         0.558     2.399    clk_pixel_BUFG
    SLICE_X13Y30         FDRE                                         r  mouse_ypos_pix_sync0_reg[6]/C
  -------------------------------------------------------------------    -------------------
    SLICE_X13Y30         FDRE (Prop_fdre_C_Q)         0.141     2.540 r  mouse_ypos_pix_sync0_reg[6]/Q
                         net (fo=1, routed)           0.056     2.596    mouse_ypos_pix_sync0[6]
    SLICE_X13Y30         FDRE                                         r  mouse_ypos_pix_sync1_reg[6]/D
  -------------------------------------------------------------------    -------------------

                         (clock clk_pixel rise edge)
                                                      0.000     0.000 r  
    W5                                                0.000     0.000 r  CLK100MHZ (IN)
                         net (fo=0)                   0.000     0.000    CLK100MHZ
    W5                   IBUF (Prop_ibuf_I_O)         0.414     0.414 r  CLK100MHZ_IBUF_inst/O
                         net (fo=1, routed)           0.685     1.099    CLK100MHZ_IBUF
    BUFGCTRL_X0Y0        BUFG (Prop_bufg_I_O)         0.029     1.128 r  CLK100MHZ_IBUF_BUFG_inst/O
                         net (fo=1064, routed)        0.832     1.959    clkdiv_pixel_inst/CLK100MHZ_IBUF_BUFG
    SLICE_X36Y46         FDRE (Prop_fdre_C_Q)         0.175     2.134 r  clkdiv_pixel_inst/clk_out_reg/Q
                         net (fo=2, routed)           0.253     2.387    clk_pixel
    BUFGCTRL_X0Y1        BUFG (Prop_bufg_I_O)         0.029     2.416 r  clk_pixel_BUFG_inst/O
                         net (fo=300, routed)         0.826     3.241    clk_pixel_BUFG
    SLICE_X13Y30         FDRE                                         r  mouse_ypos_pix_sync1_reg[6]/C
                         clock pessimism             -0.842     2.399    
    SLICE_X13Y30         FDRE (Hold_fdre_C_D)         0.071     2.470    mouse_ypos_pix_sync1_reg[6]
  -------------------------------------------------------------------
                         required time                         -2.470    
                         arrival time                           2.596    
  -------------------------------------------------------------------
                         slack                                  0.126    

Slack (MET) :             0.126ns  (arrival time - required time)
  Source:                 mouse_ypos_pix_sync0_reg[9]/C
                            (rising edge-triggered cell FDRE clocked by clk_pixel  {rise@0.000ns fall@20.000ns period=40.000ns})
  Destination:            mouse_ypos_pix_sync1_reg[9]/D
                            (rising edge-triggered cell FDRE clocked by clk_pixel  {rise@0.000ns fall@20.000ns period=40.000ns})
  Path Group:             clk_pixel
  Path Type:              Hold (Min at Fast Process Corner)
  Requirement:            0.000ns  (clk_pixel rise@0.000ns - clk_pixel rise@0.000ns)
  Data Path Delay:        0.197ns  (logic 0.141ns (71.611%)  route 0.056ns (28.389%))
  Logic Levels:           0  
  Clock Path Skew:        0.000ns (DCD - SCD - CPR)
    Destination Clock Delay (DCD):    3.242ns
    Source Clock Delay      (SCD):    2.400ns
    Clock Pessimism Removal (CPR):    0.842ns

    Location             Delay type                Incr(ns)  Path(ns)    Netlist Resource(s)
  -------------------------------------------------------------------    -------------------
                         (clock clk_pixel rise edge)
                                                      0.000     0.000 r  
    W5                                                0.000     0.000 r  CLK100MHZ (IN)
                         net (fo=0)                   0.000     0.000    CLK100MHZ
    W5                   IBUF (Prop_ibuf_I_O)         0.226     0.226 r  CLK100MHZ_IBUF_inst/O
                         net (fo=1, routed)           0.631     0.858    CLK100MHZ_IBUF
    BUFGCTRL_X0Y0        BUFG (Prop_bufg_I_O)         0.026     0.884 r  CLK100MHZ_IBUF_BUFG_inst/O
                         net (fo=1064, routed)        0.563     1.446    clkdiv_pixel_inst/CLK100MHZ_IBUF_BUFG
    SLICE_X36Y46         FDRE (Prop_fdre_C_Q)         0.141     1.587 r  clkdiv_pixel_inst/clk_out_reg/Q
                         net (fo=2, routed)           0.229     1.816    clk_pixel
    BUFGCTRL_X0Y1        BUFG (Prop_bufg_I_O)         0.026     1.842 r  clk_pixel_BUFG_inst/O
                         net (fo=300, routed)         0.559     2.400    clk_pixel_BUFG
    SLICE_X15Y31         FDRE                                         r  mouse_ypos_pix_sync0_reg[9]/C
  -------------------------------------------------------------------    -------------------
    SLICE_X15Y31         FDRE (Prop_fdre_C_Q)         0.141     2.541 r  mouse_ypos_pix_sync0_reg[9]/Q
                         net (fo=1, routed)           0.056     2.597    mouse_ypos_pix_sync0[9]
    SLICE_X15Y31         FDRE                                         r  mouse_ypos_pix_sync1_reg[9]/D
  -------------------------------------------------------------------    -------------------

                         (clock clk_pixel rise edge)
                                                      0.000     0.000 r  
    W5                                                0.000     0.000 r  CLK100MHZ (IN)
                         net (fo=0)                   0.000     0.000    CLK100MHZ
    W5                   IBUF (Prop_ibuf_I_O)         0.414     0.414 r  CLK100MHZ_IBUF_inst/O
                         net (fo=1, routed)           0.685     1.099    CLK100MHZ_IBUF
    BUFGCTRL_X0Y0        BUFG (Prop_bufg_I_O)         0.029     1.128 r  CLK100MHZ_IBUF_BUFG_inst/O
                         net (fo=1064, routed)        0.832     1.959    clkdiv_pixel_inst/CLK100MHZ_IBUF_BUFG
    SLICE_X36Y46         FDRE (Prop_fdre_C_Q)         0.175     2.134 r  clkdiv_pixel_inst/clk_out_reg/Q
                         net (fo=2, routed)           0.253     2.387    clk_pixel
    BUFGCTRL_X0Y1        BUFG (Prop_bufg_I_O)         0.029     2.416 r  clk_pixel_BUFG_inst/O
                         net (fo=300, routed)         0.827     3.242    clk_pixel_BUFG
    SLICE_X15Y31         FDRE                                         r  mouse_ypos_pix_sync1_reg[9]/C
                         clock pessimism             -0.842     2.400    
    SLICE_X15Y31         FDRE (Hold_fdre_C_D)         0.071     2.471    mouse_ypos_pix_sync1_reg[9]
  -------------------------------------------------------------------
                         required time                         -2.471    
                         arrival time                           2.597    
  -------------------------------------------------------------------
                         slack                                  0.126    

Slack (MET) :             0.126ns  (arrival time - required time)
  Source:                 mouse_xpos_pix_sync0_reg[1]/C
                            (rising edge-triggered cell FDRE clocked by clk_pixel  {rise@0.000ns fall@20.000ns period=40.000ns})
  Destination:            mouse_xpos_pix_sync1_reg[1]/D
                            (rising edge-triggered cell FDRE clocked by clk_pixel  {rise@0.000ns fall@20.000ns period=40.000ns})
  Path Group:             clk_pixel
  Path Type:              Hold (Min at Fast Process Corner)
  Requirement:            0.000ns  (clk_pixel rise@0.000ns - clk_pixel rise@0.000ns)
  Data Path Delay:        0.197ns  (logic 0.141ns (71.611%)  route 0.056ns (28.389%))
  Logic Levels:           0  
  Clock Path Skew:        0.000ns (DCD - SCD - CPR)
    Destination Clock Delay (DCD):    3.238ns
    Source Clock Delay      (SCD):    2.397ns
    Clock Pessimism Removal (CPR):    0.841ns

    Location             Delay type                Incr(ns)  Path(ns)    Netlist Resource(s)
  -------------------------------------------------------------------    -------------------
                         (clock clk_pixel rise edge)
                                                      0.000     0.000 r  
    W5                                                0.000     0.000 r  CLK100MHZ (IN)
                         net (fo=0)                   0.000     0.000    CLK100MHZ
    W5                   IBUF (Prop_ibuf_I_O)         0.226     0.226 r  CLK100MHZ_IBUF_inst/O
                         net (fo=1, routed)           0.631     0.858    CLK100MHZ_IBUF
    BUFGCTRL_X0Y0        BUFG (Prop_bufg_I_O)         0.026     0.884 r  CLK100MHZ_IBUF_BUFG_inst/O
                         net (fo=1064, routed)        0.563     1.446    clkdiv_pixel_inst/CLK100MHZ_IBUF_BUFG
    SLICE_X36Y46         FDRE (Prop_fdre_C_Q)         0.141     1.587 r  clkdiv_pixel_inst/clk_out_reg/Q
                         net (fo=2, routed)           0.229     1.816    clk_pixel
    BUFGCTRL_X0Y1        BUFG (Prop_bufg_I_O)         0.026     1.842 r  clk_pixel_BUFG_inst/O
                         net (fo=300, routed)         0.556     2.397    clk_pixel_BUFG
    SLICE_X11Y22         FDRE                                         r  mouse_xpos_pix_sync0_reg[1]/C
  -------------------------------------------------------------------    -------------------
    SLICE_X11Y22         FDRE (Prop_fdre_C_Q)         0.141     2.538 r  mouse_xpos_pix_sync0_reg[1]/Q
                         net (fo=1, routed)           0.056     2.594    mouse_xpos_pix_sync0[1]
    SLICE_X11Y22         FDRE                                         r  mouse_xpos_pix_sync1_reg[1]/D
  -------------------------------------------------------------------    -------------------

                         (clock clk_pixel rise edge)
                                                      0.000     0.000 r  
    W5                                                0.000     0.000 r  CLK100MHZ (IN)
                         net (fo=0)                   0.000     0.000    CLK100MHZ
    W5                   IBUF (Prop_ibuf_I_O)         0.414     0.414 r  CLK100MHZ_IBUF_inst/O
                         net (fo=1, routed)           0.685     1.099    CLK100MHZ_IBUF
    BUFGCTRL_X0Y0        BUFG (Prop_bufg_I_O)         0.029     1.128 r  CLK100MHZ_IBUF_BUFG_inst/O
                         net (fo=1064, routed)        0.832     1.959    clkdiv_pixel_inst/CLK100MHZ_IBUF_BUFG
    SLICE_X36Y46         FDRE (Prop_fdre_C_Q)         0.175     2.134 r  clkdiv_pixel_inst/clk_out_reg/Q
                         net (fo=2, routed)           0.253     2.387    clk_pixel
    BUFGCTRL_X0Y1        BUFG (Prop_bufg_I_O)         0.029     2.416 r  clk_pixel_BUFG_inst/O
                         net (fo=300, routed)         0.823     3.238    clk_pixel_BUFG
    SLICE_X11Y22         FDRE                                         r  mouse_xpos_pix_sync1_reg[1]/C
                         clock pessimism             -0.841     2.397    
    SLICE_X11Y22         FDRE (Hold_fdre_C_D)         0.071     2.468    mouse_xpos_pix_sync1_reg[1]
  -------------------------------------------------------------------
                         required time                         -2.468    
                         arrival time                           2.594    
  -------------------------------------------------------------------
                         slack                                  0.126    

Slack (MET) :             0.156ns  (arrival time - required time)
  Source:                 mouse_xpos_pix_sync0_reg[7]/C
                            (rising edge-triggered cell FDRE clocked by clk_pixel  {rise@0.000ns fall@20.000ns period=40.000ns})
  Destination:            mouse_xpos_pix_sync1_reg[7]/D
                            (rising edge-triggered cell FDRE clocked by clk_pixel  {rise@0.000ns fall@20.000ns period=40.000ns})
  Path Group:             clk_pixel
  Path Type:              Hold (Min at Fast Process Corner)
  Requirement:            0.000ns  (clk_pixel rise@0.000ns - clk_pixel rise@0.000ns)
  Data Path Delay:        0.220ns  (logic 0.164ns (74.580%)  route 0.056ns (25.420%))
  Logic Levels:           0  
  Clock Path Skew:        0.000ns (DCD - SCD - CPR)
    Destination Clock Delay (DCD):    3.236ns
    Source Clock Delay      (SCD):    2.395ns
    Clock Pessimism Removal (CPR):    0.841ns

    Location             Delay type                Incr(ns)  Path(ns)    Netlist Resource(s)
  -------------------------------------------------------------------    -------------------
                         (clock clk_pixel rise edge)
                                                      0.000     0.000 r  
    W5                                                0.000     0.000 r  CLK100MHZ (IN)
                         net (fo=0)                   0.000     0.000    CLK100MHZ
    W5                   IBUF (Prop_ibuf_I_O)         0.226     0.226 r  CLK100MHZ_IBUF_inst/O
                         net (fo=1, routed)           0.631     0.858    CLK100MHZ_IBUF
    BUFGCTRL_X0Y0        BUFG (Prop_bufg_I_O)         0.026     0.884 r  CLK100MHZ_IBUF_BUFG_inst/O
                         net (fo=1064, routed)        0.563     1.446    clkdiv_pixel_inst/CLK100MHZ_IBUF_BUFG
    SLICE_X36Y46         FDRE (Prop_fdre_C_Q)         0.141     1.587 r  clkdiv_pixel_inst/clk_out_reg/Q
                         net (fo=2, routed)           0.229     1.816    clk_pixel
    BUFGCTRL_X0Y1        BUFG (Prop_bufg_I_O)         0.026     1.842 r  clk_pixel_BUFG_inst/O
                         net (fo=300, routed)         0.554     2.395    clk_pixel_BUFG
    SLICE_X12Y23         FDRE                                         r  mouse_xpos_pix_sync0_reg[7]/C
  -------------------------------------------------------------------    -------------------
    SLICE_X12Y23         FDRE (Prop_fdre_C_Q)         0.164     2.559 r  mouse_xpos_pix_sync0_reg[7]/Q
                         net (fo=1, routed)           0.056     2.615    mouse_xpos_pix_sync0[7]
    SLICE_X12Y23         FDRE                                         r  mouse_xpos_pix_sync1_reg[7]/D
  -------------------------------------------------------------------    -------------------

                         (clock clk_pixel rise edge)
                                                      0.000     0.000 r  
    W5                                                0.000     0.000 r  CLK100MHZ (IN)
                         net (fo=0)                   0.000     0.000    CLK100MHZ
    W5                   IBUF (Prop_ibuf_I_O)         0.414     0.414 r  CLK100MHZ_IBUF_inst/O
                         net (fo=1, routed)           0.685     1.099    CLK100MHZ_IBUF
    BUFGCTRL_X0Y0        BUFG (Prop_bufg_I_O)         0.029     1.128 r  CLK100MHZ_IBUF_BUFG_inst/O
                         net (fo=1064, routed)        0.832     1.959    clkdiv_pixel_inst/CLK100MHZ_IBUF_BUFG
    SLICE_X36Y46         FDRE (Prop_fdre_C_Q)         0.175     2.134 r  clkdiv_pixel_inst/clk_out_reg/Q
                         net (fo=2, routed)           0.253     2.387    clk_pixel
    BUFGCTRL_X0Y1        BUFG (Prop_bufg_I_O)         0.029     2.416 r  clk_pixel_BUFG_inst/O
                         net (fo=300, routed)         0.821     3.236    clk_pixel_BUFG
    SLICE_X12Y23         FDRE                                         r  mouse_xpos_pix_sync1_reg[7]/C
                         clock pessimism             -0.841     2.395    
    SLICE_X12Y23         FDRE (Hold_fdre_C_D)         0.064     2.459    mouse_xpos_pix_sync1_reg[7]
  -------------------------------------------------------------------
                         required time                         -2.459    
                         arrival time                           2.615    
  -------------------------------------------------------------------
                         slack                                  0.156    

Slack (MET) :             0.156ns  (arrival time - required time)
  Source:                 mouse_ypos_pix_sync0_reg[0]/C
                            (rising edge-triggered cell FDRE clocked by clk_pixel  {rise@0.000ns fall@20.000ns period=40.000ns})
  Destination:            mouse_ypos_pix_sync1_reg[0]/D
                            (rising edge-triggered cell FDRE clocked by clk_pixel  {rise@0.000ns fall@20.000ns period=40.000ns})
  Path Group:             clk_pixel
  Path Type:              Hold (Min at Fast Process Corner)
  Requirement:            0.000ns  (clk_pixel rise@0.000ns - clk_pixel rise@0.000ns)
  Data Path Delay:        0.220ns  (logic 0.164ns (74.580%)  route 0.056ns (25.420%))
  Logic Levels:           0  
  Clock Path Skew:        0.000ns (DCD - SCD - CPR)
    Destination Clock Delay (DCD):    3.236ns
    Source Clock Delay      (SCD):    2.395ns
    Clock Pessimism Removal (CPR):    0.841ns

    Location             Delay type                Incr(ns)  Path(ns)    Netlist Resource(s)
  -------------------------------------------------------------------    -------------------
                         (clock clk_pixel rise edge)
                                                      0.000     0.000 r  
    W5                                                0.000     0.000 r  CLK100MHZ (IN)
                         net (fo=0)                   0.000     0.000    CLK100MHZ
    W5                   IBUF (Prop_ibuf_I_O)         0.226     0.226 r  CLK100MHZ_IBUF_inst/O
                         net (fo=1, routed)           0.631     0.858    CLK100MHZ_IBUF
    BUFGCTRL_X0Y0        BUFG (Prop_bufg_I_O)         0.026     0.884 r  CLK100MHZ_IBUF_BUFG_inst/O
                         net (fo=1064, routed)        0.563     1.446    clkdiv_pixel_inst/CLK100MHZ_IBUF_BUFG
    SLICE_X36Y46         FDRE (Prop_fdre_C_Q)         0.141     1.587 r  clkdiv_pixel_inst/clk_out_reg/Q
                         net (fo=2, routed)           0.229     1.816    clk_pixel
    BUFGCTRL_X0Y1        BUFG (Prop_bufg_I_O)         0.026     1.842 r  clk_pixel_BUFG_inst/O
                         net (fo=300, routed)         0.554     2.395    clk_pixel_BUFG
    SLICE_X12Y23         FDRE                                         r  mouse_ypos_pix_sync0_reg[0]/C
  -------------------------------------------------------------------    -------------------
    SLICE_X12Y23         FDRE (Prop_fdre_C_Q)         0.164     2.559 r  mouse_ypos_pix_sync0_reg[0]/Q
                         net (fo=1, routed)           0.056     2.615    mouse_ypos_pix_sync0[0]
    SLICE_X12Y23         FDRE                                         r  mouse_ypos_pix_sync1_reg[0]/D
  -------------------------------------------------------------------    -------------------

                         (clock clk_pixel rise edge)
                                                      0.000     0.000 r  
    W5                                                0.000     0.000 r  CLK100MHZ (IN)
                         net (fo=0)                   0.000     0.000    CLK100MHZ
    W5                   IBUF (Prop_ibuf_I_O)         0.414     0.414 r  CLK100MHZ_IBUF_inst/O
                         net (fo=1, routed)           0.685     1.099    CLK100MHZ_IBUF
    BUFGCTRL_X0Y0        BUFG (Prop_bufg_I_O)         0.029     1.128 r  CLK100MHZ_IBUF_BUFG_inst/O
                         net (fo=1064, routed)        0.832     1.959    clkdiv_pixel_inst/CLK100MHZ_IBUF_BUFG
    SLICE_X36Y46         FDRE (Prop_fdre_C_Q)         0.175     2.134 r  clkdiv_pixel_inst/clk_out_reg/Q
                         net (fo=2, routed)           0.253     2.387    clk_pixel
    BUFGCTRL_X0Y1        BUFG (Prop_bufg_I_O)         0.029     2.416 r  clk_pixel_BUFG_inst/O
                         net (fo=300, routed)         0.821     3.236    clk_pixel_BUFG
    SLICE_X12Y23         FDRE                                         r  mouse_ypos_pix_sync1_reg[0]/C
                         clock pessimism             -0.841     2.395    
    SLICE_X12Y23         FDRE (Hold_fdre_C_D)         0.064     2.459    mouse_ypos_pix_sync1_reg[0]
  -------------------------------------------------------------------
                         required time                         -2.459    
                         arrival time                           2.615    
  -------------------------------------------------------------------
                         slack                                  0.156    





Pulse Width Checks
--------------------------------------------------------------------------------------
Clock Name:         clk_pixel
Waveform(ns):       { 0.000 20.000 }
Period(ns):         40.000
Sources:            { clkdiv_pixel_inst/clk_pixel }

Check Type        Corner  Lib Pin             Reference Pin  Required(ns)  Actual(ns)  Slack(ns)  Location       Pin
Min Period        n/a     RAMB18E1/CLKBWRCLK  n/a            2.576         40.000      37.424     RAMB18_X0Y0    cell_ram_b_inst/mem_reg_1/CLKBWRCLK
Min Period        n/a     RAMB18E1/CLKBWRCLK  n/a            2.576         40.000      37.424     RAMB18_X0Y2    cell_ram_a_inst/mem_reg_1/CLKBWRCLK
Min Period        n/a     BUFG/I              n/a            2.155         40.000      37.845     BUFGCTRL_X0Y1  clk_pixel_BUFG_inst/I
Min Period        n/a     FDRE/C              n/a            1.000         40.000      39.000     SLICE_X6Y21    canvas_inst/grid_pos_x_reg[4]/C
Min Period        n/a     FDRE/C              n/a            1.000         40.000      39.000     SLICE_X8Y22    canvas_inst/grid_pos_x_reg[5]/C
Min Period        n/a     FDRE/C              n/a            1.000         40.000      39.000     SLICE_X6Y21    canvas_inst/grid_pos_x_reg[6]/C
Min Period        n/a     FDRE/C              n/a            1.000         40.000      39.000     SLICE_X8Y23    canvas_inst/grid_pos_x_reg[7]/C
Min Period        n/a     FDRE/C              n/a            1.000         40.000      39.000     SLICE_X8Y23    canvas_inst/grid_pos_x_reg[8]/C
Min Period        n/a     FDRE/C              n/a            1.000         40.000      39.000     SLICE_X6Y21    canvas_inst/grid_pos_x_reg[9]/C
Min Period        n/a     FDRE/C              n/a            1.000         40.000      39.000     SLICE_X9Y30    frame_grid_pos_y_pix_reg[9]/C
Min Period        n/a     FDRE/C              n/a            1.000         40.000      39.000     SLICE_X2Y35    rgb_reg[8]/C
Min Period        n/a     FDRE/C              n/a            1.000         40.000      39.000     SLICE_X2Y35    rgb_reg[9]/C
Min Period        n/a     FDRE/C              n/a            1.000         40.000      39.000     SLICE_X6Y27    canvas_inst/cached_data_i_reg[0]/C
Min Period        n/a     FDRE/C              n/a            1.000         40.000      39.000     SLICE_X5Y28    canvas_inst/cached_data_i_reg[1]/C
Min Period        n/a     FDRE/C              n/a            1.000         40.000      39.000     SLICE_X2Y20    has_selection_pix_sync0_reg/C
Min Period        n/a     FDRE/C              n/a            1.000         40.000      39.000     SLICE_X2Y20    has_selection_pix_sync1_reg/C
Min Period        n/a     FDRE/C              n/a            1.000         40.000      39.000     SLICE_X1Y33    selected_comp_data_pix_sync0_reg[36]/C
Min Period        n/a     FDRE/C              n/a            1.000         40.000      39.000     SLICE_X2Y20    selected_comp_data_pix_sync0_reg[37]/C
Min Period        n/a     FDRE/C              n/a            1.000         40.000      39.000     SLICE_X2Y20    selected_comp_data_pix_sync0_reg[38]/C
Min Period        n/a     FDRE/C              n/a            1.000         40.000      39.000     SLICE_X2Y20    selected_comp_data_pix_sync0_reg[39]/C
Low Pulse Width   Fast    FDRE/C              n/a            0.500         20.000      19.500     SLICE_X13Y29   canvas_inst/grid_pos_y_reg[10]/C
Low Pulse Width   Fast    FDRE/C              n/a            0.500         20.000      19.500     SLICE_X13Y29   canvas_inst/grid_pos_y_reg[11]/C
Low Pulse Width   Fast    FDRE/C              n/a            0.500         20.000      19.500     SLICE_X13Y29   canvas_inst/grid_pos_y_reg[12]/C
Low Pulse Width   Fast    FDRE/C              n/a            0.500         20.000      19.500     SLICE_X13Y29   canvas_inst/grid_pos_y_reg[5]/C
Low Pulse Width   Fast    FDRE/C              n/a            0.500         20.000      19.500     SLICE_X13Y29   canvas_inst/grid_pos_y_reg[8]/C
Low Pulse Width   Fast    FDRE/C              n/a            0.500         20.000      19.500     SLICE_X10Y29   canvas_inst/requested_data_j_reg[3]/C
Low Pulse Width   Fast    FDRE/C              n/a            0.500         20.000      19.500     SLICE_X10Y29   canvas_inst/requested_data_j_reg[4]/C
Low Pulse Width   Fast    FDRE/C              n/a            0.500         20.000      19.500     SLICE_X10Y29   canvas_inst/requested_data_j_reg[5]/C
Low Pulse Width   Fast    FDRE/C              n/a            0.500         20.000      19.500     SLICE_X10Y29   canvas_inst/requested_data_j_reg[6]/C
Low Pulse Width   Fast    FDRE/C              n/a            0.500         20.000      19.500     SLICE_X14Y29   mouse_ypos_pix_sync0_reg[5]/C
Low Pulse Width   Fast    FDRE/C              n/a            0.500         20.000      19.500     SLICE_X14Y29   mouse_ypos_pix_sync1_reg[5]/C
Low Pulse Width   Fast    FDRE/C              n/a            0.500         20.000      19.500     SLICE_X8Y22    canvas_inst/grid_pos_x_reg[5]/C
Low Pulse Width   Fast    FDRE/C              n/a            0.500         20.000      19.500     SLICE_X8Y23    canvas_inst/grid_pos_x_reg[7]/C
Low Pulse Width   Fast    FDRE/C              n/a            0.500         20.000      19.500     SLICE_X8Y23    canvas_inst/grid_pos_x_reg[8]/C
Low Pulse Width   Fast    FDRE/C              n/a            0.500         20.000      19.500     SLICE_X9Y30    frame_grid_pos_y_pix_reg[9]/C
Low Pulse Width   Fast    FDRE/C              n/a            0.500         20.000      19.500     SLICE_X2Y20    has_selection_pix_sync0_reg/C
Low Pulse Width   Fast    FDRE/C              n/a            0.500         20.000      19.500     SLICE_X2Y20    has_selection_pix_sync1_reg/C
Low Pulse Width   Fast    FDRE/C              n/a            0.500         20.000      19.500     SLICE_X1Y33    selected_comp_data_pix_sync0_reg[36]/C
Low Pulse Width   Fast    FDRE/C              n/a            0.500         20.000      19.500     SLICE_X2Y20    selected_comp_data_pix_sync0_reg[37]/C
Low Pulse Width   Fast    FDRE/C              n/a            0.500         20.000      19.500     SLICE_X2Y20    selected_comp_data_pix_sync0_reg[38]/C
High Pulse Width  Slow    FDRE/C              n/a            0.500         20.000      19.500     SLICE_X8Y23    canvas_inst/grid_pos_x_reg[7]/C
High Pulse Width  Slow    FDRE/C              n/a            0.500         20.000      19.500     SLICE_X8Y23    canvas_inst/grid_pos_x_reg[8]/C
High Pulse Width  Slow    FDRE/C              n/a            0.500         20.000      19.500     SLICE_X14Y26   canvas_inst/grid_pos_y_reg[6]/C
High Pulse Width  Slow    FDRE/C              n/a            0.500         20.000      19.500     SLICE_X10Y28   canvas_inst/requested_data_j_reg[0]/C
High Pulse Width  Slow    FDRE/C              n/a            0.500         20.000      19.500     SLICE_X10Y28   canvas_inst/requested_data_j_reg[1]/C
High Pulse Width  Slow    FDRE/C              n/a            0.500         20.000      19.500     SLICE_X10Y28   canvas_inst/requested_data_j_reg[2]/C
High Pulse Width  Slow    FDRE/C              n/a            0.500         20.000      19.500     SLICE_X13Y23   mouse_xpos_pix_sync0_reg[2]/C
High Pulse Width  Slow    FDRE/C              n/a            0.500         20.000      19.500     SLICE_X13Y23   mouse_xpos_pix_sync0_reg[3]/C
High Pulse Width  Slow    FDRE/C              n/a            0.500         20.000      19.500     SLICE_X12Y23   mouse_xpos_pix_sync0_reg[4]/C
High Pulse Width  Slow    FDRE/C              n/a            0.500         20.000      19.500     SLICE_X13Y23   mouse_xpos_pix_sync0_reg[5]/C
High Pulse Width  Slow    FDRE/C              n/a            0.500         20.000      19.500     SLICE_X12Y23   mouse_xpos_pix_sync0_reg[6]/C
High Pulse Width  Slow    FDRE/C              n/a            0.500         20.000      19.500     SLICE_X12Y23   mouse_xpos_pix_sync0_reg[7]/C
High Pulse Width  Slow    FDRE/C              n/a            0.500         20.000      19.500     SLICE_X13Y23   mouse_xpos_pix_sync0_reg[8]/C
High Pulse Width  Slow    FDRE/C              n/a            0.500         20.000      19.500     SLICE_X13Y23   mouse_xpos_pix_sync1_reg[2]/C
High Pulse Width  Slow    FDRE/C              n/a            0.500         20.000      19.500     SLICE_X13Y23   mouse_xpos_pix_sync1_reg[3]/C
High Pulse Width  Slow    FDRE/C              n/a            0.500         20.000      19.500     SLICE_X12Y23   mouse_xpos_pix_sync1_reg[4]/C
High Pulse Width  Slow    FDRE/C              n/a            0.500         20.000      19.500     SLICE_X13Y23   mouse_xpos_pix_sync1_reg[5]/C
High Pulse Width  Slow    FDRE/C              n/a            0.500         20.000      19.500     SLICE_X12Y23   mouse_xpos_pix_sync1_reg[6]/C
High Pulse Width  Slow    FDRE/C              n/a            0.500         20.000      19.500     SLICE_X12Y23   mouse_xpos_pix_sync1_reg[7]/C
High Pulse Width  Slow    FDRE/C              n/a            0.500         20.000      19.500     SLICE_X13Y23   mouse_xpos_pix_sync1_reg[8]/C



---------------------------------------------------------------------------------------------------
From Clock:  clk_pixel
  To Clock:  sys_clk_pin

Setup :            0  Failing Endpoints,  Worst Slack        5.356ns,  Total Violation        0.000ns
Hold  :            0  Failing Endpoints,  Worst Slack        0.879ns,  Total Violation        0.000ns
---------------------------------------------------------------------------------------------------


Max Delay Paths
--------------------------------------------------------------------------------------
Slack (MET) :             5.356ns  (required time - arrival time)
  Source:                 frame_grid_pos_x_pix_reg[5]/C
                            (rising edge-triggered cell FDRE clocked by clk_pixel  {rise@0.000ns fall@20.000ns period=40.000ns})
  Destination:            frame_grid_pos_x_bg_sync0_reg[5]/D
                            (rising edge-triggered cell FDRE clocked by sys_clk_pin  {rise@0.000ns fall@5.000ns period=10.000ns})
  Path Group:             sys_clk_pin
  Path Type:              Setup (Max at Slow Process Corner)
  Requirement:            10.000ns  (sys_clk_pin rise@10.000ns - clk_pixel rise@0.000ns)
  Data Path Delay:        1.617ns  (logic 0.456ns (28.199%)  route 1.161ns (71.801%))
  Logic Levels:           0  
  Clock Path Skew:        -2.883ns (DCD - SCD + CPR)
    Destination Clock Delay (DCD):    4.779ns = ( 14.779 - 10.000 ) 
    Source Clock Delay      (SCD):    7.842ns
    Clock Pessimism Removal (CPR):    0.180ns
  Clock Uncertainty:      0.035ns  ((TSJ^2 + TIJ^2)^1/2 + DJ) / 2 + PE
    Total System Jitter     (TSJ):    0.071ns
    Total Input Jitter      (TIJ):    0.000ns
    Discrete Jitter          (DJ):    0.000ns
    Phase Error              (PE):    0.000ns

    Location             Delay type                Incr(ns)  Path(ns)    Netlist Resource(s)
  -------------------------------------------------------------------    -------------------
                         (clock clk_pixel rise edge)
                                                      0.000     0.000 r  
    W5                                                0.000     0.000 r  CLK100MHZ (IN)
                         net (fo=0)                   0.000     0.000    CLK100MHZ
    W5                   IBUF (Prop_ibuf_I_O)         1.458     1.458 r  CLK100MHZ_IBUF_inst/O
                         net (fo=1, routed)           1.967     3.425    CLK100MHZ_IBUF
    BUFGCTRL_X0Y0        BUFG (Prop_bufg_I_O)         0.096     3.521 r  CLK100MHZ_IBUF_BUFG_inst/O
                         net (fo=1064, routed)        1.565     5.086    clkdiv_pixel_inst/CLK100MHZ_IBUF_BUFG
    SLICE_X36Y46         FDRE (Prop_fdre_C_Q)         0.456     5.542 r  clkdiv_pixel_inst/clk_out_reg/Q
                         net (fo=2, routed)           0.582     6.124    clk_pixel
    BUFGCTRL_X0Y1        BUFG (Prop_bufg_I_O)         0.096     6.220 r  clk_pixel_BUFG_inst/O
                         net (fo=300, routed)         1.622     7.842    clk_pixel_BUFG
    SLICE_X7Y20          FDRE                                         r  frame_grid_pos_x_pix_reg[5]/C
  -------------------------------------------------------------------    -------------------
    SLICE_X7Y20          FDRE (Prop_fdre_C_Q)         0.456     8.298 r  frame_grid_pos_x_pix_reg[5]/Q
                         net (fo=1, routed)           1.161     9.459    frame_grid_pos_x_pix[5]
    SLICE_X9Y21          FDRE                                         r  frame_grid_pos_x_bg_sync0_reg[5]/D
  -------------------------------------------------------------------    -------------------

                         (clock sys_clk_pin rise edge)
                                                     10.000    10.000 r  
    W5                                                0.000    10.000 r  CLK100MHZ (IN)
                         net (fo=0)                   0.000    10.000    CLK100MHZ
    W5                   IBUF (Prop_ibuf_I_O)         1.388    11.388 r  CLK100MHZ_IBUF_inst/O
                         net (fo=1, routed)           1.862    13.250    CLK100MHZ_IBUF
    BUFGCTRL_X0Y0        BUFG (Prop_bufg_I_O)         0.091    13.341 r  CLK100MHZ_IBUF_BUFG_inst/O
                         net (fo=1064, routed)        1.438    14.779    CLK100MHZ_IBUF_BUFG
    SLICE_X9Y21          FDRE                                         r  frame_grid_pos_x_bg_sync0_reg[5]/C
                         clock pessimism              0.180    14.959    
                         clock uncertainty           -0.035    14.924    
    SLICE_X9Y21          FDRE (Setup_fdre_C_D)       -0.109    14.815    frame_grid_pos_x_bg_sync0_reg[5]
  -------------------------------------------------------------------
                         required time                         14.815    
                         arrival time                          -9.459    
  -------------------------------------------------------------------
                         slack                                  5.356    

Slack (MET) :             5.543ns  (required time - arrival time)
  Source:                 frame_grid_pos_y_pix_reg[1]/C
                            (rising edge-triggered cell FDRE clocked by clk_pixel  {rise@0.000ns fall@20.000ns period=40.000ns})
  Destination:            frame_grid_pos_y_bg_sync0_reg[1]/D
                            (rising edge-triggered cell FDRE clocked by sys_clk_pin  {rise@0.000ns fall@5.000ns period=10.000ns})
  Path Group:             sys_clk_pin
  Path Type:              Setup (Max at Slow Process Corner)
  Requirement:            10.000ns  (sys_clk_pin rise@10.000ns - clk_pixel rise@0.000ns)
  Data Path Delay:        1.504ns  (logic 0.518ns (34.446%)  route 0.986ns (65.554%))
  Logic Levels:           0  
  Clock Path Skew:        -2.813ns (DCD - SCD + CPR)
    Destination Clock Delay (DCD):    4.779ns = ( 14.779 - 10.000 ) 
    Source Clock Delay      (SCD):    7.772ns
    Clock Pessimism Removal (CPR):    0.180ns
  Clock Uncertainty:      0.035ns  ((TSJ^2 + TIJ^2)^1/2 + DJ) / 2 + PE
    Total System Jitter     (TSJ):    0.071ns
    Total Input Jitter      (TIJ):    0.000ns
    Discrete Jitter          (DJ):    0.000ns
    Phase Error              (PE):    0.000ns

    Location             Delay type                Incr(ns)  Path(ns)    Netlist Resource(s)
  -------------------------------------------------------------------    -------------------
                         (clock clk_pixel rise edge)
                                                      0.000     0.000 r  
    W5                                                0.000     0.000 r  CLK100MHZ (IN)
                         net (fo=0)                   0.000     0.000    CLK100MHZ
    W5                   IBUF (Prop_ibuf_I_O)         1.458     1.458 r  CLK100MHZ_IBUF_inst/O
                         net (fo=1, routed)           1.967     3.425    CLK100MHZ_IBUF
    BUFGCTRL_X0Y0        BUFG (Prop_bufg_I_O)         0.096     3.521 r  CLK100MHZ_IBUF_BUFG_inst/O
                         net (fo=1064, routed)        1.565     5.086    clkdiv_pixel_inst/CLK100MHZ_IBUF_BUFG
    SLICE_X36Y46         FDRE (Prop_fdre_C_Q)         0.456     5.542 r  clkdiv_pixel_inst/clk_out_reg/Q
                         net (fo=2, routed)           0.582     6.124    clk_pixel
    BUFGCTRL_X0Y1        BUFG (Prop_bufg_I_O)         0.096     6.220 r  clk_pixel_BUFG_inst/O
                         net (fo=300, routed)         1.552     7.772    clk_pixel_BUFG
    SLICE_X12Y22         FDRE                                         r  frame_grid_pos_y_pix_reg[1]/C
  -------------------------------------------------------------------    -------------------
    SLICE_X12Y22         FDRE (Prop_fdre_C_Q)         0.518     8.290 r  frame_grid_pos_y_pix_reg[1]/Q
                         net (fo=1, routed)           0.986     9.276    frame_grid_pos_y_pix[1]
    SLICE_X13Y21         FDRE                                         r  frame_grid_pos_y_bg_sync0_reg[1]/D
  -------------------------------------------------------------------    -------------------

                         (clock sys_clk_pin rise edge)
                                                     10.000    10.000 r  
    W5                                                0.000    10.000 r  CLK100MHZ (IN)
                         net (fo=0)                   0.000    10.000    CLK100MHZ
    W5                   IBUF (Prop_ibuf_I_O)         1.388    11.388 r  CLK100MHZ_IBUF_inst/O
                         net (fo=1, routed)           1.862    13.250    CLK100MHZ_IBUF
    BUFGCTRL_X0Y0        BUFG (Prop_bufg_I_O)         0.091    13.341 r  CLK100MHZ_IBUF_BUFG_inst/O
                         net (fo=1064, routed)        1.438    14.779    CLK100MHZ_IBUF_BUFG
    SLICE_X13Y21         FDRE                                         r  frame_grid_pos_y_bg_sync0_reg[1]/C
                         clock pessimism              0.180    14.959    
                         clock uncertainty           -0.035    14.924    
    SLICE_X13Y21         FDRE (Setup_fdre_C_D)       -0.105    14.819    frame_grid_pos_y_bg_sync0_reg[1]
  -------------------------------------------------------------------
                         required time                         14.819    
                         arrival time                          -9.276    
  -------------------------------------------------------------------
                         slack                                  5.543    

Slack (MET) :             5.669ns  (required time - arrival time)
  Source:                 frame_grid_pos_y_pix_reg[8]/C
                            (rising edge-triggered cell FDRE clocked by clk_pixel  {rise@0.000ns fall@20.000ns period=40.000ns})
  Destination:            frame_grid_pos_y_bg_sync0_reg[8]/D
                            (rising edge-triggered cell FDRE clocked by sys_clk_pin  {rise@0.000ns fall@5.000ns period=10.000ns})
  Path Group:             sys_clk_pin
  Path Type:              Setup (Max at Slow Process Corner)
  Requirement:            10.000ns  (sys_clk_pin rise@10.000ns - clk_pixel rise@0.000ns)
  Data Path Delay:        1.369ns  (logic 0.456ns (33.299%)  route 0.913ns (66.701%))
  Logic Levels:           0  
  Clock Path Skew:        -2.821ns (DCD - SCD + CPR)
    Destination Clock Delay (DCD):    4.777ns = ( 14.777 - 10.000 ) 
    Source Clock Delay      (SCD):    7.778ns
    Clock Pessimism Removal (CPR):    0.180ns
  Clock Uncertainty:      0.035ns  ((TSJ^2 + TIJ^2)^1/2 + DJ) / 2 + PE
    Total System Jitter     (TSJ):    0.071ns
    Total Input Jitter      (TIJ):    0.000ns
    Discrete Jitter          (DJ):    0.000ns
    Phase Error              (PE):    0.000ns

    Location             Delay type                Incr(ns)  Path(ns)    Netlist Resource(s)
  -------------------------------------------------------------------    -------------------
                         (clock clk_pixel rise edge)
                                                      0.000     0.000 r  
    W5                                                0.000     0.000 r  CLK100MHZ (IN)
                         net (fo=0)                   0.000     0.000    CLK100MHZ
    W5                   IBUF (Prop_ibuf_I_O)         1.458     1.458 r  CLK100MHZ_IBUF_inst/O
                         net (fo=1, routed)           1.967     3.425    CLK100MHZ_IBUF
    BUFGCTRL_X0Y0        BUFG (Prop_bufg_I_O)         0.096     3.521 r  CLK100MHZ_IBUF_BUFG_inst/O
                         net (fo=1064, routed)        1.565     5.086    clkdiv_pixel_inst/CLK100MHZ_IBUF_BUFG
    SLICE_X36Y46         FDRE (Prop_fdre_C_Q)         0.456     5.542 r  clkdiv_pixel_inst/clk_out_reg/Q
                         net (fo=2, routed)           0.582     6.124    clk_pixel
    BUFGCTRL_X0Y1        BUFG (Prop_bufg_I_O)         0.096     6.220 r  clk_pixel_BUFG_inst/O
                         net (fo=300, routed)         1.558     7.778    clk_pixel_BUFG
    SLICE_X13Y31         FDRE                                         r  frame_grid_pos_y_pix_reg[8]/C
  -------------------------------------------------------------------    -------------------
    SLICE_X13Y31         FDRE (Prop_fdre_C_Q)         0.456     8.234 r  frame_grid_pos_y_pix_reg[8]/Q
                         net (fo=1, routed)           0.913     9.148    frame_grid_pos_y_pix[8]
    SLICE_X15Y27         FDRE                                         r  frame_grid_pos_y_bg_sync0_reg[8]/D
  -------------------------------------------------------------------    -------------------

                         (clock sys_clk_pin rise edge)
                                                     10.000    10.000 r  
    W5                                                0.000    10.000 r  CLK100MHZ (IN)
                         net (fo=0)                   0.000    10.000    CLK100MHZ
    W5                   IBUF (Prop_ibuf_I_O)         1.388    11.388 r  CLK100MHZ_IBUF_inst/O
                         net (fo=1, routed)           1.862    13.250    CLK100MHZ_IBUF
    BUFGCTRL_X0Y0        BUFG (Prop_bufg_I_O)         0.091    13.341 r  CLK100MHZ_IBUF_BUFG_inst/O
                         net (fo=1064, routed)        1.436    14.777    CLK100MHZ_IBUF_BUFG
    SLICE_X15Y27         FDRE                                         r  frame_grid_pos_y_bg_sync0_reg[8]/C
                         clock pessimism              0.180    14.957    
                         clock uncertainty           -0.035    14.922    
    SLICE_X15Y27         FDRE (Setup_fdre_C_D)       -0.105    14.817    frame_grid_pos_y_bg_sync0_reg[8]
  -------------------------------------------------------------------
                         required time                         14.817    
                         arrival time                          -9.148    
  -------------------------------------------------------------------
                         slack                                  5.669    

Slack (MET) :             5.712ns  (required time - arrival time)
  Source:                 frame_grid_pos_y_pix_reg[2]/C
                            (rising edge-triggered cell FDRE clocked by clk_pixel  {rise@0.000ns fall@20.000ns period=40.000ns})
  Destination:            frame_grid_pos_y_bg_sync0_reg[2]/D
                            (rising edge-triggered cell FDRE clocked by sys_clk_pin  {rise@0.000ns fall@5.000ns period=10.000ns})
  Path Group:             sys_clk_pin
  Path Type:              Setup (Max at Slow Process Corner)
  Requirement:            10.000ns  (sys_clk_pin rise@10.000ns - clk_pixel rise@0.000ns)
  Data Path Delay:        1.335ns  (logic 0.518ns (38.797%)  route 0.817ns (61.204%))
  Logic Levels:           0  
  Clock Path Skew:        -2.813ns (DCD - SCD + CPR)
    Destination Clock Delay (DCD):    4.779ns = ( 14.779 - 10.000 ) 
    Source Clock Delay      (SCD):    7.772ns
    Clock Pessimism Removal (CPR):    0.180ns
  Clock Uncertainty:      0.035ns  ((TSJ^2 + TIJ^2)^1/2 + DJ) / 2 + PE
    Total System Jitter     (TSJ):    0.071ns
    Total Input Jitter      (TIJ):    0.000ns
    Discrete Jitter          (DJ):    0.000ns
    Phase Error              (PE):    0.000ns

    Location             Delay type                Incr(ns)  Path(ns)    Netlist Resource(s)
  -------------------------------------------------------------------    -------------------
                         (clock clk_pixel rise edge)
                                                      0.000     0.000 r  
    W5                                                0.000     0.000 r  CLK100MHZ (IN)
                         net (fo=0)                   0.000     0.000    CLK100MHZ
    W5                   IBUF (Prop_ibuf_I_O)         1.458     1.458 r  CLK100MHZ_IBUF_inst/O
                         net (fo=1, routed)           1.967     3.425    CLK100MHZ_IBUF
    BUFGCTRL_X0Y0        BUFG (Prop_bufg_I_O)         0.096     3.521 r  CLK100MHZ_IBUF_BUFG_inst/O
                         net (fo=1064, routed)        1.565     5.086    clkdiv_pixel_inst/CLK100MHZ_IBUF_BUFG
    SLICE_X36Y46         FDRE (Prop_fdre_C_Q)         0.456     5.542 r  clkdiv_pixel_inst/clk_out_reg/Q
                         net (fo=2, routed)           0.582     6.124    clk_pixel
    BUFGCTRL_X0Y1        BUFG (Prop_bufg_I_O)         0.096     6.220 r  clk_pixel_BUFG_inst/O
                         net (fo=300, routed)         1.552     7.772    clk_pixel_BUFG
    SLICE_X12Y22         FDRE                                         r  frame_grid_pos_y_pix_reg[2]/C
  -------------------------------------------------------------------    -------------------
    SLICE_X12Y22         FDRE (Prop_fdre_C_Q)         0.518     8.290 r  frame_grid_pos_y_pix_reg[2]/Q
                         net (fo=1, routed)           0.817     9.107    frame_grid_pos_y_pix[2]
    SLICE_X13Y21         FDRE                                         r  frame_grid_pos_y_bg_sync0_reg[2]/D
  -------------------------------------------------------------------    -------------------

                         (clock sys_clk_pin rise edge)
                                                     10.000    10.000 r  
    W5                                                0.000    10.000 r  CLK100MHZ (IN)
                         net (fo=0)                   0.000    10.000    CLK100MHZ
    W5                   IBUF (Prop_ibuf_I_O)         1.388    11.388 r  CLK100MHZ_IBUF_inst/O
                         net (fo=1, routed)           1.862    13.250    CLK100MHZ_IBUF
    BUFGCTRL_X0Y0        BUFG (Prop_bufg_I_O)         0.091    13.341 r  CLK100MHZ_IBUF_BUFG_inst/O
                         net (fo=1064, routed)        1.438    14.779    CLK100MHZ_IBUF_BUFG
    SLICE_X13Y21         FDRE                                         r  frame_grid_pos_y_bg_sync0_reg[2]/C
                         clock pessimism              0.180    14.959    
                         clock uncertainty           -0.035    14.924    
    SLICE_X13Y21         FDRE (Setup_fdre_C_D)       -0.105    14.819    frame_grid_pos_y_bg_sync0_reg[2]
  -------------------------------------------------------------------
                         required time                         14.819    
                         arrival time                          -9.107    
  -------------------------------------------------------------------
                         slack                                  5.712    

Slack (MET) :             5.728ns  (required time - arrival time)
  Source:                 frame_grid_pos_y_pix_reg[3]/C
                            (rising edge-triggered cell FDRE clocked by clk_pixel  {rise@0.000ns fall@20.000ns period=40.000ns})
  Destination:            frame_grid_pos_y_bg_sync0_reg[3]/D
                            (rising edge-triggered cell FDRE clocked by sys_clk_pin  {rise@0.000ns fall@5.000ns period=10.000ns})
  Path Group:             sys_clk_pin
  Path Type:              Setup (Max at Slow Process Corner)
  Requirement:            10.000ns  (sys_clk_pin rise@10.000ns - clk_pixel rise@0.000ns)
  Data Path Delay:        1.315ns  (logic 0.518ns (39.386%)  route 0.797ns (60.614%))
  Logic Levels:           0  
  Clock Path Skew:        -2.813ns (DCD - SCD + CPR)
    Destination Clock Delay (DCD):    4.779ns = ( 14.779 - 10.000 ) 
    Source Clock Delay      (SCD):    7.772ns
    Clock Pessimism Removal (CPR):    0.180ns
  Clock Uncertainty:      0.035ns  ((TSJ^2 + TIJ^2)^1/2 + DJ) / 2 + PE
    Total System Jitter     (TSJ):    0.071ns
    Total Input Jitter      (TIJ):    0.000ns
    Discrete Jitter          (DJ):    0.000ns
    Phase Error              (PE):    0.000ns

    Location             Delay type                Incr(ns)  Path(ns)    Netlist Resource(s)
  -------------------------------------------------------------------    -------------------
                         (clock clk_pixel rise edge)
                                                      0.000     0.000 r  
    W5                                                0.000     0.000 r  CLK100MHZ (IN)
                         net (fo=0)                   0.000     0.000    CLK100MHZ
    W5                   IBUF (Prop_ibuf_I_O)         1.458     1.458 r  CLK100MHZ_IBUF_inst/O
                         net (fo=1, routed)           1.967     3.425    CLK100MHZ_IBUF
    BUFGCTRL_X0Y0        BUFG (Prop_bufg_I_O)         0.096     3.521 r  CLK100MHZ_IBUF_BUFG_inst/O
                         net (fo=1064, routed)        1.565     5.086    clkdiv_pixel_inst/CLK100MHZ_IBUF_BUFG
    SLICE_X36Y46         FDRE (Prop_fdre_C_Q)         0.456     5.542 r  clkdiv_pixel_inst/clk_out_reg/Q
                         net (fo=2, routed)           0.582     6.124    clk_pixel
    BUFGCTRL_X0Y1        BUFG (Prop_bufg_I_O)         0.096     6.220 r  clk_pixel_BUFG_inst/O
                         net (fo=300, routed)         1.552     7.772    clk_pixel_BUFG
    SLICE_X12Y22         FDRE                                         r  frame_grid_pos_y_pix_reg[3]/C
  -------------------------------------------------------------------    -------------------
    SLICE_X12Y22         FDRE (Prop_fdre_C_Q)         0.518     8.290 r  frame_grid_pos_y_pix_reg[3]/Q
                         net (fo=1, routed)           0.797     9.087    frame_grid_pos_y_pix[3]
    SLICE_X13Y21         FDRE                                         r  frame_grid_pos_y_bg_sync0_reg[3]/D
  -------------------------------------------------------------------    -------------------

                         (clock sys_clk_pin rise edge)
                                                     10.000    10.000 r  
    W5                                                0.000    10.000 r  CLK100MHZ (IN)
                         net (fo=0)                   0.000    10.000    CLK100MHZ
    W5                   IBUF (Prop_ibuf_I_O)         1.388    11.388 r  CLK100MHZ_IBUF_inst/O
                         net (fo=1, routed)           1.862    13.250    CLK100MHZ_IBUF
    BUFGCTRL_X0Y0        BUFG (Prop_bufg_I_O)         0.091    13.341 r  CLK100MHZ_IBUF_BUFG_inst/O
                         net (fo=1064, routed)        1.438    14.779    CLK100MHZ_IBUF_BUFG
    SLICE_X13Y21         FDRE                                         r  frame_grid_pos_y_bg_sync0_reg[3]/C
                         clock pessimism              0.180    14.959    
                         clock uncertainty           -0.035    14.924    
    SLICE_X13Y21         FDRE (Setup_fdre_C_D)       -0.109    14.815    frame_grid_pos_y_bg_sync0_reg[3]
  -------------------------------------------------------------------
                         required time                         14.815    
                         arrival time                          -9.087    
  -------------------------------------------------------------------
                         slack                                  5.728    

Slack (MET) :             5.733ns  (required time - arrival time)
  Source:                 frame_grid_pos_y_pix_reg[4]/C
                            (rising edge-triggered cell FDRE clocked by clk_pixel  {rise@0.000ns fall@20.000ns period=40.000ns})
  Destination:            frame_grid_pos_y_bg_sync0_reg[4]/D
                            (rising edge-triggered cell FDRE clocked by sys_clk_pin  {rise@0.000ns fall@5.000ns period=10.000ns})
  Path Group:             sys_clk_pin
  Path Type:              Setup (Max at Slow Process Corner)
  Requirement:            10.000ns  (sys_clk_pin rise@10.000ns - clk_pixel rise@0.000ns)
  Data Path Delay:        1.310ns  (logic 0.456ns (34.799%)  route 0.854ns (65.201%))
  Logic Levels:           0  
  Clock Path Skew:        -2.816ns (DCD - SCD + CPR)
    Destination Clock Delay (DCD):    4.776ns = ( 14.776 - 10.000 ) 
    Source Clock Delay      (SCD):    7.772ns
    Clock Pessimism Removal (CPR):    0.180ns
  Clock Uncertainty:      0.035ns  ((TSJ^2 + TIJ^2)^1/2 + DJ) / 2 + PE
    Total System Jitter     (TSJ):    0.071ns
    Total Input Jitter      (TIJ):    0.000ns
    Discrete Jitter          (DJ):    0.000ns
    Phase Error              (PE):    0.000ns

    Location             Delay type                Incr(ns)  Path(ns)    Netlist Resource(s)
  -------------------------------------------------------------------    -------------------
                         (clock clk_pixel rise edge)
                                                      0.000     0.000 r  
    W5                                                0.000     0.000 r  CLK100MHZ (IN)
                         net (fo=0)                   0.000     0.000    CLK100MHZ
    W5                   IBUF (Prop_ibuf_I_O)         1.458     1.458 r  CLK100MHZ_IBUF_inst/O
                         net (fo=1, routed)           1.967     3.425    CLK100MHZ_IBUF
    BUFGCTRL_X0Y0        BUFG (Prop_bufg_I_O)         0.096     3.521 r  CLK100MHZ_IBUF_BUFG_inst/O
                         net (fo=1064, routed)        1.565     5.086    clkdiv_pixel_inst/CLK100MHZ_IBUF_BUFG
    SLICE_X36Y46         FDRE (Prop_fdre_C_Q)         0.456     5.542 r  clkdiv_pixel_inst/clk_out_reg/Q
                         net (fo=2, routed)           0.582     6.124    clk_pixel
    BUFGCTRL_X0Y1        BUFG (Prop_bufg_I_O)         0.096     6.220 r  clk_pixel_BUFG_inst/O
                         net (fo=300, routed)         1.552     7.772    clk_pixel_BUFG
    SLICE_X9Y27          FDRE                                         r  frame_grid_pos_y_pix_reg[4]/C
  -------------------------------------------------------------------    -------------------
    SLICE_X9Y27          FDRE (Prop_fdre_C_Q)         0.456     8.228 r  frame_grid_pos_y_pix_reg[4]/Q
                         net (fo=1, routed)           0.854     9.083    frame_grid_pos_y_pix[4]
    SLICE_X9Y26          FDRE                                         r  frame_grid_pos_y_bg_sync0_reg[4]/D
  -------------------------------------------------------------------    -------------------

                         (clock sys_clk_pin rise edge)
                                                     10.000    10.000 r  
    W5                                                0.000    10.000 r  CLK100MHZ (IN)
                         net (fo=0)                   0.000    10.000    CLK100MHZ
    W5                   IBUF (Prop_ibuf_I_O)         1.388    11.388 r  CLK100MHZ_IBUF_inst/O
                         net (fo=1, routed)           1.862    13.250    CLK100MHZ_IBUF
    BUFGCTRL_X0Y0        BUFG (Prop_bufg_I_O)         0.091    13.341 r  CLK100MHZ_IBUF_BUFG_inst/O
                         net (fo=1064, routed)        1.435    14.776    CLK100MHZ_IBUF_BUFG
    SLICE_X9Y26          FDRE                                         r  frame_grid_pos_y_bg_sync0_reg[4]/C
                         clock pessimism              0.180    14.956    
                         clock uncertainty           -0.035    14.921    
    SLICE_X9Y26          FDRE (Setup_fdre_C_D)       -0.105    14.816    frame_grid_pos_y_bg_sync0_reg[4]
  -------------------------------------------------------------------
                         required time                         14.816    
                         arrival time                          -9.083    
  -------------------------------------------------------------------
                         slack                                  5.733    

Slack (MET) :             5.813ns  (required time - arrival time)
  Source:                 frame_grid_pos_x_pix_reg[0]/C
                            (rising edge-triggered cell FDRE clocked by clk_pixel  {rise@0.000ns fall@20.000ns period=40.000ns})
  Destination:            frame_grid_pos_x_bg_sync0_reg[0]/D
                            (rising edge-triggered cell FDRE clocked by sys_clk_pin  {rise@0.000ns fall@5.000ns period=10.000ns})
  Path Group:             sys_clk_pin
  Path Type:              Setup (Max at Slow Process Corner)
  Requirement:            10.000ns  (sys_clk_pin rise@10.000ns - clk_pixel rise@0.000ns)
  Data Path Delay:        1.212ns  (logic 0.518ns (42.737%)  route 0.694ns (57.263%))
  Logic Levels:           0  
  Clock Path Skew:        -2.882ns (DCD - SCD + CPR)
    Destination Clock Delay (DCD):    4.780ns = ( 14.780 - 10.000 ) 
    Source Clock Delay      (SCD):    7.842ns
    Clock Pessimism Removal (CPR):    0.180ns
  Clock Uncertainty:      0.035ns  ((TSJ^2 + TIJ^2)^1/2 + DJ) / 2 + PE
    Total System Jitter     (TSJ):    0.071ns
    Total Input Jitter      (TIJ):    0.000ns
    Discrete Jitter          (DJ):    0.000ns
    Phase Error              (PE):    0.000ns

    Location             Delay type                Incr(ns)  Path(ns)    Netlist Resource(s)
  -------------------------------------------------------------------    -------------------
                         (clock clk_pixel rise edge)
                                                      0.000     0.000 r  
    W5                                                0.000     0.000 r  CLK100MHZ (IN)
                         net (fo=0)                   0.000     0.000    CLK100MHZ
    W5                   IBUF (Prop_ibuf_I_O)         1.458     1.458 r  CLK100MHZ_IBUF_inst/O
                         net (fo=1, routed)           1.967     3.425    CLK100MHZ_IBUF
    BUFGCTRL_X0Y0        BUFG (Prop_bufg_I_O)         0.096     3.521 r  CLK100MHZ_IBUF_BUFG_inst/O
                         net (fo=1064, routed)        1.565     5.086    clkdiv_pixel_inst/CLK100MHZ_IBUF_BUFG
    SLICE_X36Y46         FDRE (Prop_fdre_C_Q)         0.456     5.542 r  clkdiv_pixel_inst/clk_out_reg/Q
                         net (fo=2, routed)           0.582     6.124    clk_pixel
    BUFGCTRL_X0Y1        BUFG (Prop_bufg_I_O)         0.096     6.220 r  clk_pixel_BUFG_inst/O
                         net (fo=300, routed)         1.622     7.842    clk_pixel_BUFG
    SLICE_X6Y20          FDRE                                         r  frame_grid_pos_x_pix_reg[0]/C
  -------------------------------------------------------------------    -------------------
    SLICE_X6Y20          FDRE (Prop_fdre_C_Q)         0.518     8.360 r  frame_grid_pos_x_pix_reg[0]/Q
                         net (fo=1, routed)           0.694     9.054    frame_grid_pos_x_pix[0]
    SLICE_X9Y19          FDRE                                         r  frame_grid_pos_x_bg_sync0_reg[0]/D
  -------------------------------------------------------------------    -------------------

                         (clock sys_clk_pin rise edge)
                                                     10.000    10.000 r  
    W5                                                0.000    10.000 r  CLK100MHZ (IN)
                         net (fo=0)                   0.000    10.000    CLK100MHZ
    W5                   IBUF (Prop_ibuf_I_O)         1.388    11.388 r  CLK100MHZ_IBUF_inst/O
                         net (fo=1, routed)           1.862    13.250    CLK100MHZ_IBUF
    BUFGCTRL_X0Y0        BUFG (Prop_bufg_I_O)         0.091    13.341 r  CLK100MHZ_IBUF_BUFG_inst/O
                         net (fo=1064, routed)        1.439    14.780    CLK100MHZ_IBUF_BUFG
    SLICE_X9Y19          FDRE                                         r  frame_grid_pos_x_bg_sync0_reg[0]/C
                         clock pessimism              0.180    14.960    
                         clock uncertainty           -0.035    14.925    
    SLICE_X9Y19          FDRE (Setup_fdre_C_D)       -0.058    14.867    frame_grid_pos_x_bg_sync0_reg[0]
  -------------------------------------------------------------------
                         required time                         14.867    
                         arrival time                          -9.054    
  -------------------------------------------------------------------
                         slack                                  5.813    

Slack (MET) :             5.887ns  (required time - arrival time)
  Source:                 frame_grid_pos_y_pix_reg[6]/C
                            (rising edge-triggered cell FDRE clocked by clk_pixel  {rise@0.000ns fall@20.000ns period=40.000ns})
  Destination:            frame_grid_pos_y_bg_sync0_reg[6]/D
                            (rising edge-triggered cell FDRE clocked by sys_clk_pin  {rise@0.000ns fall@5.000ns period=10.000ns})
  Path Group:             sys_clk_pin
  Path Type:              Setup (Max at Slow Process Corner)
  Requirement:            10.000ns  (sys_clk_pin rise@10.000ns - clk_pixel rise@0.000ns)
  Data Path Delay:        1.196ns  (logic 0.518ns (43.327%)  route 0.678ns (56.673%))
  Logic Levels:           0  
  Clock Path Skew:        -2.815ns (DCD - SCD + CPR)
    Destination Clock Delay (DCD):    4.776ns = ( 14.776 - 10.000 ) 
    Source Clock Delay      (SCD):    7.771ns
    Clock Pessimism Removal (CPR):    0.180ns
  Clock Uncertainty:      0.035ns  ((TSJ^2 + TIJ^2)^1/2 + DJ) / 2 + PE
    Total System Jitter     (TSJ):    0.071ns
    Total Input Jitter      (TIJ):    0.000ns
    Discrete Jitter          (DJ):    0.000ns
    Phase Error              (PE):    0.000ns

    Location             Delay type                Incr(ns)  Path(ns)    Netlist Resource(s)
  -------------------------------------------------------------------    -------------------
                         (clock clk_pixel rise edge)
                                                      0.000     0.000 r  
    W5                                                0.000     0.000 r  CLK100MHZ (IN)
                         net (fo=0)                   0.000     0.000    CLK100MHZ
    W5                   IBUF (Prop_ibuf_I_O)         1.458     1.458 r  CLK100MHZ_IBUF_inst/O
                         net (fo=1, routed)           1.967     3.425    CLK100MHZ_IBUF
    BUFGCTRL_X0Y0        BUFG (Prop_bufg_I_O)         0.096     3.521 r  CLK100MHZ_IBUF_BUFG_inst/O
                         net (fo=1064, routed)        1.565     5.086    clkdiv_pixel_inst/CLK100MHZ_IBUF_BUFG
    SLICE_X36Y46         FDRE (Prop_fdre_C_Q)         0.456     5.542 r  clkdiv_pixel_inst/clk_out_reg/Q
                         net (fo=2, routed)           0.582     6.124    clk_pixel
    BUFGCTRL_X0Y1        BUFG (Prop_bufg_I_O)         0.096     6.220 r  clk_pixel_BUFG_inst/O
                         net (fo=300, routed)         1.551     7.771    clk_pixel_BUFG
    SLICE_X14Y23         FDRE                                         r  frame_grid_pos_y_pix_reg[6]/C
  -------------------------------------------------------------------    -------------------
    SLICE_X14Y23         FDRE (Prop_fdre_C_Q)         0.518     8.289 r  frame_grid_pos_y_pix_reg[6]/Q
                         net (fo=1, routed)           0.678     8.967    frame_grid_pos_y_pix[6]
    SLICE_X15Y23         FDRE                                         r  frame_grid_pos_y_bg_sync0_reg[6]/D
  -------------------------------------------------------------------    -------------------

                         (clock sys_clk_pin rise edge)
                                                     10.000    10.000 r  
    W5                                                0.000    10.000 r  CLK100MHZ (IN)
                         net (fo=0)                   0.000    10.000    CLK100MHZ
    W5                   IBUF (Prop_ibuf_I_O)         1.388    11.388 r  CLK100MHZ_IBUF_inst/O
                         net (fo=1, routed)           1.862    13.250    CLK100MHZ_IBUF
    BUFGCTRL_X0Y0        BUFG (Prop_bufg_I_O)         0.091    13.341 r  CLK100MHZ_IBUF_BUFG_inst/O
                         net (fo=1064, routed)        1.435    14.776    CLK100MHZ_IBUF_BUFG
    SLICE_X15Y23         FDRE                                         r  frame_grid_pos_y_bg_sync0_reg[6]/C
                         clock pessimism              0.180    14.956    
                         clock uncertainty           -0.035    14.921    
    SLICE_X15Y23         FDRE (Setup_fdre_C_D)       -0.067    14.854    frame_grid_pos_y_bg_sync0_reg[6]
  -------------------------------------------------------------------
                         required time                         14.854    
                         arrival time                          -8.967    
  -------------------------------------------------------------------
                         slack                                  5.887    

Slack (MET) :             5.892ns  (required time - arrival time)
  Source:                 frame_grid_pos_y_pix_reg[5]/C
                            (rising edge-triggered cell FDRE clocked by clk_pixel  {rise@0.000ns fall@20.000ns period=40.000ns})
  Destination:            frame_grid_pos_y_bg_sync0_reg[5]/D
                            (rising edge-triggered cell FDRE clocked by sys_clk_pin  {rise@0.000ns fall@5.000ns period=10.000ns})
  Path Group:             sys_clk_pin
  Path Type:              Setup (Max at Slow Process Corner)
  Requirement:            10.000ns  (sys_clk_pin rise@10.000ns - clk_pixel rise@0.000ns)
  Data Path Delay:        1.152ns  (logic 0.518ns (44.959%)  route 0.634ns (55.041%))
  Logic Levels:           0  
  Clock Path Skew:        -2.818ns (DCD - SCD + CPR)
    Destination Clock Delay (DCD):    4.777ns = ( 14.777 - 10.000 ) 
    Source Clock Delay      (SCD):    7.775ns
    Clock Pessimism Removal (CPR):    0.180ns
  Clock Uncertainty:      0.035ns  ((TSJ^2 + TIJ^2)^1/2 + DJ) / 2 + PE
    Total System Jitter     (TSJ):    0.071ns
    Total Input Jitter      (TIJ):    0.000ns
    Discrete Jitter          (DJ):    0.000ns
    Phase Error              (PE):    0.000ns

    Location             Delay type                Incr(ns)  Path(ns)    Netlist Resource(s)
  -------------------------------------------------------------------    -------------------
                         (clock clk_pixel rise edge)
                                                      0.000     0.000 r  
    W5                                                0.000     0.000 r  CLK100MHZ (IN)
                         net (fo=0)                   0.000     0.000    CLK100MHZ
    W5                   IBUF (Prop_ibuf_I_O)         1.458     1.458 r  CLK100MHZ_IBUF_inst/O
                         net (fo=1, routed)           1.967     3.425    CLK100MHZ_IBUF
    BUFGCTRL_X0Y0        BUFG (Prop_bufg_I_O)         0.096     3.521 r  CLK100MHZ_IBUF_BUFG_inst/O
                         net (fo=1064, routed)        1.565     5.086    clkdiv_pixel_inst/CLK100MHZ_IBUF_BUFG
    SLICE_X36Y46         FDRE (Prop_fdre_C_Q)         0.456     5.542 r  clkdiv_pixel_inst/clk_out_reg/Q
                         net (fo=2, routed)           0.582     6.124    clk_pixel
    BUFGCTRL_X0Y1        BUFG (Prop_bufg_I_O)         0.096     6.220 r  clk_pixel_BUFG_inst/O
                         net (fo=300, routed)         1.555     7.775    clk_pixel_BUFG
    SLICE_X14Y28         FDRE                                         r  frame_grid_pos_y_pix_reg[5]/C
  -------------------------------------------------------------------    -------------------
    SLICE_X14Y28         FDRE (Prop_fdre_C_Q)         0.518     8.293 r  frame_grid_pos_y_pix_reg[5]/Q
                         net (fo=1, routed)           0.634     8.927    frame_grid_pos_y_pix[5]
    SLICE_X15Y27         FDRE                                         r  frame_grid_pos_y_bg_sync0_reg[5]/D
  -------------------------------------------------------------------    -------------------

                         (clock sys_clk_pin rise edge)
                                                     10.000    10.000 r  
    W5                                                0.000    10.000 r  CLK100MHZ (IN)
                         net (fo=0)                   0.000    10.000    CLK100MHZ
    W5                   IBUF (Prop_ibuf_I_O)         1.388    11.388 r  CLK100MHZ_IBUF_inst/O
                         net (fo=1, routed)           1.862    13.250    CLK100MHZ_IBUF
    BUFGCTRL_X0Y0        BUFG (Prop_bufg_I_O)         0.091    13.341 r  CLK100MHZ_IBUF_BUFG_inst/O
                         net (fo=1064, routed)        1.436    14.777    CLK100MHZ_IBUF_BUFG
    SLICE_X15Y27         FDRE                                         r  frame_grid_pos_y_bg_sync0_reg[5]/C
                         clock pessimism              0.180    14.957    
                         clock uncertainty           -0.035    14.922    
    SLICE_X15Y27         FDRE (Setup_fdre_C_D)       -0.103    14.819    frame_grid_pos_y_bg_sync0_reg[5]
  -------------------------------------------------------------------
                         required time                         14.819    
                         arrival time                          -8.927    
  -------------------------------------------------------------------
                         slack                                  5.892    

Slack (MET) :             5.898ns  (required time - arrival time)
  Source:                 frame_grid_pos_x_pix_reg[6]/C
                            (rising edge-triggered cell FDRE clocked by clk_pixel  {rise@0.000ns fall@20.000ns period=40.000ns})
  Destination:            frame_grid_pos_x_bg_sync0_reg[6]/D
                            (rising edge-triggered cell FDRE clocked by sys_clk_pin  {rise@0.000ns fall@5.000ns period=10.000ns})
  Path Group:             sys_clk_pin
  Path Type:              Setup (Max at Slow Process Corner)
  Requirement:            10.000ns  (sys_clk_pin rise@10.000ns - clk_pixel rise@0.000ns)
  Data Path Delay:        1.139ns  (logic 0.456ns (40.021%)  route 0.683ns (59.979%))
  Logic Levels:           0  
  Clock Path Skew:        -2.882ns (DCD - SCD + CPR)
    Destination Clock Delay (DCD):    4.780ns = ( 14.780 - 10.000 ) 
    Source Clock Delay      (SCD):    7.842ns
    Clock Pessimism Removal (CPR):    0.180ns
  Clock Uncertainty:      0.035ns  ((TSJ^2 + TIJ^2)^1/2 + DJ) / 2 + PE
    Total System Jitter     (TSJ):    0.071ns
    Total Input Jitter      (TIJ):    0.000ns
    Discrete Jitter          (DJ):    0.000ns
    Phase Error              (PE):    0.000ns

    Location             Delay type                Incr(ns)  Path(ns)    Netlist Resource(s)
  -------------------------------------------------------------------    -------------------
                         (clock clk_pixel rise edge)
                                                      0.000     0.000 r  
    W5                                                0.000     0.000 r  CLK100MHZ (IN)
                         net (fo=0)                   0.000     0.000    CLK100MHZ
    W5                   IBUF (Prop_ibuf_I_O)         1.458     1.458 r  CLK100MHZ_IBUF_inst/O
                         net (fo=1, routed)           1.967     3.425    CLK100MHZ_IBUF
    BUFGCTRL_X0Y0        BUFG (Prop_bufg_I_O)         0.096     3.521 r  CLK100MHZ_IBUF_BUFG_inst/O
                         net (fo=1064, routed)        1.565     5.086    clkdiv_pixel_inst/CLK100MHZ_IBUF_BUFG
    SLICE_X36Y46         FDRE (Prop_fdre_C_Q)         0.456     5.542 r  clkdiv_pixel_inst/clk_out_reg/Q
                         net (fo=2, routed)           0.582     6.124    clk_pixel
    BUFGCTRL_X0Y1        BUFG (Prop_bufg_I_O)         0.096     6.220 r  clk_pixel_BUFG_inst/O
                         net (fo=300, routed)         1.622     7.842    clk_pixel_BUFG
    SLICE_X7Y20          FDRE                                         r  frame_grid_pos_x_pix_reg[6]/C
  -------------------------------------------------------------------    -------------------
    SLICE_X7Y20          FDRE (Prop_fdre_C_Q)         0.456     8.298 r  frame_grid_pos_x_pix_reg[6]/Q
                         net (fo=1, routed)           0.683     8.982    frame_grid_pos_x_pix[6]
    SLICE_X8Y19          FDRE                                         r  frame_grid_pos_x_bg_sync0_reg[6]/D
  -------------------------------------------------------------------    -------------------

                         (clock sys_clk_pin rise edge)
                                                     10.000    10.000 r  
    W5                                                0.000    10.000 r  CLK100MHZ (IN)
                         net (fo=0)                   0.000    10.000    CLK100MHZ
    W5                   IBUF (Prop_ibuf_I_O)         1.388    11.388 r  CLK100MHZ_IBUF_inst/O
                         net (fo=1, routed)           1.862    13.250    CLK100MHZ_IBUF
    BUFGCTRL_X0Y0        BUFG (Prop_bufg_I_O)         0.091    13.341 r  CLK100MHZ_IBUF_BUFG_inst/O
                         net (fo=1064, routed)        1.439    14.780    CLK100MHZ_IBUF_BUFG
    SLICE_X8Y19          FDRE                                         r  frame_grid_pos_x_bg_sync0_reg[6]/C
                         clock pessimism              0.180    14.960    
                         clock uncertainty           -0.035    14.925    
    SLICE_X8Y19          FDRE (Setup_fdre_C_D)       -0.045    14.880    frame_grid_pos_x_bg_sync0_reg[6]
  -------------------------------------------------------------------
                         required time                         14.880    
                         arrival time                          -8.982    
  -------------------------------------------------------------------
                         slack                                  5.898    

Slack (MET) :             5.915ns  (required time - arrival time)
  Source:                 frame_grid_pos_y_pix_reg[7]/C
                            (rising edge-triggered cell FDRE clocked by clk_pixel  {rise@0.000ns fall@20.000ns period=40.000ns})
  Destination:            frame_grid_pos_y_bg_sync0_reg[7]/D
                            (rising edge-triggered cell FDRE clocked by sys_clk_pin  {rise@0.000ns fall@5.000ns period=10.000ns})
  Path Group:             sys_clk_pin
  Path Type:              Setup (Max at Slow Process Corner)
  Requirement:            10.000ns  (sys_clk_pin rise@10.000ns - clk_pixel rise@0.000ns)
  Data Path Delay:        1.181ns  (logic 0.518ns (43.855%)  route 0.663ns (56.145%))
  Logic Levels:           0  
  Clock Path Skew:        -2.813ns (DCD - SCD + CPR)
    Destination Clock Delay (DCD):    4.776ns = ( 14.776 - 10.000 ) 
    Source Clock Delay      (SCD):    7.769ns
    Clock Pessimism Removal (CPR):    0.180ns
  Clock Uncertainty:      0.035ns  ((TSJ^2 + TIJ^2)^1/2 + DJ) / 2 + PE
    Total System Jitter     (TSJ):    0.071ns
    Total Input Jitter      (TIJ):    0.000ns
    Discrete Jitter          (DJ):    0.000ns
    Phase Error              (PE):    0.000ns

    Location             Delay type                Incr(ns)  Path(ns)    Netlist Resource(s)
  -------------------------------------------------------------------    -------------------
                         (clock clk_pixel rise edge)
                                                      0.000     0.000 r  
    W5                                                0.000     0.000 r  CLK100MHZ (IN)
                         net (fo=0)                   0.000     0.000    CLK100MHZ
    W5                   IBUF (Prop_ibuf_I_O)         1.458     1.458 r  CLK100MHZ_IBUF_inst/O
                         net (fo=1, routed)           1.967     3.425    CLK100MHZ_IBUF
    BUFGCTRL_X0Y0        BUFG (Prop_bufg_I_O)         0.096     3.521 r  CLK100MHZ_IBUF_BUFG_inst/O
                         net (fo=1064, routed)        1.565     5.086    clkdiv_pixel_inst/CLK100MHZ_IBUF_BUFG
    SLICE_X36Y46         FDRE (Prop_fdre_C_Q)         0.456     5.542 r  clkdiv_pixel_inst/clk_out_reg/Q
                         net (fo=2, routed)           0.582     6.124    clk_pixel
    BUFGCTRL_X0Y1        BUFG (Prop_bufg_I_O)         0.096     6.220 r  clk_pixel_BUFG_inst/O
                         net (fo=300, routed)         1.549     7.769    clk_pixel_BUFG
    SLICE_X8Y25          FDRE                                         r  frame_grid_pos_y_pix_reg[7]/C
  -------------------------------------------------------------------    -------------------
    SLICE_X8Y25          FDRE (Prop_fdre_C_Q)         0.518     8.287 r  frame_grid_pos_y_pix_reg[7]/Q
                         net (fo=1, routed)           0.663     8.950    frame_grid_pos_y_pix[7]
    SLICE_X8Y26          FDRE                                         r  frame_grid_pos_y_bg_sync0_reg[7]/D
  -------------------------------------------------------------------    -------------------

                         (clock sys_clk_pin rise edge)
                                                     10.000    10.000 r  
    W5                                                0.000    10.000 r  CLK100MHZ (IN)
                         net (fo=0)                   0.000    10.000    CLK100MHZ
    W5                   IBUF (Prop_ibuf_I_O)         1.388    11.388 r  CLK100MHZ_IBUF_inst/O
                         net (fo=1, routed)           1.862    13.250    CLK100MHZ_IBUF
    BUFGCTRL_X0Y0        BUFG (Prop_bufg_I_O)         0.091    13.341 r  CLK100MHZ_IBUF_BUFG_inst/O
                         net (fo=1064, routed)        1.435    14.776    CLK100MHZ_IBUF_BUFG
    SLICE_X8Y26          FDRE                                         r  frame_grid_pos_y_bg_sync0_reg[7]/C
                         clock pessimism              0.180    14.956    
                         clock uncertainty           -0.035    14.921    
    SLICE_X8Y26          FDRE (Setup_fdre_C_D)       -0.056    14.865    frame_grid_pos_y_bg_sync0_reg[7]
  -------------------------------------------------------------------
                         required time                         14.865    
                         arrival time                          -8.950    
  -------------------------------------------------------------------
                         slack                                  5.915    

Slack (MET) :             5.917ns  (required time - arrival time)
  Source:                 frame_grid_pos_x_pix_reg[4]/C
                            (rising edge-triggered cell FDRE clocked by clk_pixel  {rise@0.000ns fall@20.000ns period=40.000ns})
  Destination:            frame_grid_pos_x_bg_sync0_reg[4]/D
                            (rising edge-triggered cell FDRE clocked by sys_clk_pin  {rise@0.000ns fall@5.000ns period=10.000ns})
  Path Group:             sys_clk_pin
  Path Type:              Setup (Max at Slow Process Corner)
  Requirement:            10.000ns  (sys_clk_pin rise@10.000ns - clk_pixel rise@0.000ns)
  Data Path Delay:        1.180ns  (logic 0.518ns (43.892%)  route 0.662ns (56.108%))
  Logic Levels:           0  
  Clock Path Skew:        -2.812ns (DCD - SCD + CPR)
    Destination Clock Delay (DCD):    4.843ns = ( 14.843 - 10.000 ) 
    Source Clock Delay      (SCD):    7.835ns
    Clock Pessimism Removal (CPR):    0.180ns
  Clock Uncertainty:      0.035ns  ((TSJ^2 + TIJ^2)^1/2 + DJ) / 2 + PE
    Total System Jitter     (TSJ):    0.071ns
    Total Input Jitter      (TIJ):    0.000ns
    Discrete Jitter          (DJ):    0.000ns
    Phase Error              (PE):    0.000ns

    Location             Delay type                Incr(ns)  Path(ns)    Netlist Resource(s)
  -------------------------------------------------------------------    -------------------
                         (clock clk_pixel rise edge)
                                                      0.000     0.000 r  
    W5                                                0.000     0.000 r  CLK100MHZ (IN)
                         net (fo=0)                   0.000     0.000    CLK100MHZ
    W5                   IBUF (Prop_ibuf_I_O)         1.458     1.458 r  CLK100MHZ_IBUF_inst/O
                         net (fo=1, routed)           1.967     3.425    CLK100MHZ_IBUF
    BUFGCTRL_X0Y0        BUFG (Prop_bufg_I_O)         0.096     3.521 r  CLK100MHZ_IBUF_BUFG_inst/O
                         net (fo=1064, routed)        1.565     5.086    clkdiv_pixel_inst/CLK100MHZ_IBUF_BUFG
    SLICE_X36Y46         FDRE (Prop_fdre_C_Q)         0.456     5.542 r  clkdiv_pixel_inst/clk_out_reg/Q
                         net (fo=2, routed)           0.582     6.124    clk_pixel
    BUFGCTRL_X0Y1        BUFG (Prop_bufg_I_O)         0.096     6.220 r  clk_pixel_BUFG_inst/O
                         net (fo=300, routed)         1.615     7.835    clk_pixel_BUFG
    SLICE_X6Y24          FDRE                                         r  frame_grid_pos_x_pix_reg[4]/C
  -------------------------------------------------------------------    -------------------
    SLICE_X6Y24          FDRE (Prop_fdre_C_Q)         0.518     8.353 r  frame_grid_pos_x_pix_reg[4]/Q
                         net (fo=1, routed)           0.662     9.015    frame_grid_pos_x_pix[4]
    SLICE_X6Y23          FDRE                                         r  frame_grid_pos_x_bg_sync0_reg[4]/D
  -------------------------------------------------------------------    -------------------

                         (clock sys_clk_pin rise edge)
                                                     10.000    10.000 r  
    W5                                                0.000    10.000 r  CLK100MHZ (IN)
                         net (fo=0)                   0.000    10.000    CLK100MHZ
    W5                   IBUF (Prop_ibuf_I_O)         1.388    11.388 r  CLK100MHZ_IBUF_inst/O
                         net (fo=1, routed)           1.862    13.250    CLK100MHZ_IBUF
    BUFGCTRL_X0Y0        BUFG (Prop_bufg_I_O)         0.091    13.341 r  CLK100MHZ_IBUF_BUFG_inst/O
                         net (fo=1064, routed)        1.502    14.843    CLK100MHZ_IBUF_BUFG
    SLICE_X6Y23          FDRE                                         r  frame_grid_pos_x_bg_sync0_reg[4]/C
                         clock pessimism              0.180    15.023    
                         clock uncertainty           -0.035    14.988    
    SLICE_X6Y23          FDRE (Setup_fdre_C_D)       -0.056    14.932    frame_grid_pos_x_bg_sync0_reg[4]
  -------------------------------------------------------------------
                         required time                         14.932    
                         arrival time                          -9.015    
  -------------------------------------------------------------------
                         slack                                  5.917    

Slack (MET) :             5.925ns  (required time - arrival time)
  Source:                 render_bank_sel_pix_reg/C
                            (rising edge-triggered cell FDRE clocked by clk_pixel  {rise@0.000ns fall@20.000ns period=40.000ns})
  Destination:            render_bank_sel_bg_sync0_reg/D
                            (rising edge-triggered cell FDRE clocked by sys_clk_pin  {rise@0.000ns fall@5.000ns period=10.000ns})
  Path Group:             sys_clk_pin
  Path Type:              Setup (Max at Slow Process Corner)
  Requirement:            10.000ns  (sys_clk_pin rise@10.000ns - clk_pixel rise@0.000ns)
  Data Path Delay:        1.178ns  (logic 0.518ns (43.955%)  route 0.660ns (56.045%))
  Logic Levels:           0  
  Clock Path Skew:        -2.816ns (DCD - SCD + CPR)
    Destination Clock Delay (DCD):    4.786ns = ( 14.786 - 10.000 ) 
    Source Clock Delay      (SCD):    7.782ns
    Clock Pessimism Removal (CPR):    0.180ns
  Clock Uncertainty:      0.035ns  ((TSJ^2 + TIJ^2)^1/2 + DJ) / 2 + PE
    Total System Jitter     (TSJ):    0.071ns
    Total Input Jitter      (TIJ):    0.000ns
    Discrete Jitter          (DJ):    0.000ns
    Phase Error              (PE):    0.000ns

    Location             Delay type                Incr(ns)  Path(ns)    Netlist Resource(s)
  -------------------------------------------------------------------    -------------------
                         (clock clk_pixel rise edge)
                                                      0.000     0.000 r  
    W5                                                0.000     0.000 r  CLK100MHZ (IN)
                         net (fo=0)                   0.000     0.000    CLK100MHZ
    W5                   IBUF (Prop_ibuf_I_O)         1.458     1.458 r  CLK100MHZ_IBUF_inst/O
                         net (fo=1, routed)           1.967     3.425    CLK100MHZ_IBUF
    BUFGCTRL_X0Y0        BUFG (Prop_bufg_I_O)         0.096     3.521 r  CLK100MHZ_IBUF_BUFG_inst/O
                         net (fo=1064, routed)        1.565     5.086    clkdiv_pixel_inst/CLK100MHZ_IBUF_BUFG
    SLICE_X36Y46         FDRE (Prop_fdre_C_Q)         0.456     5.542 r  clkdiv_pixel_inst/clk_out_reg/Q
                         net (fo=2, routed)           0.582     6.124    clk_pixel
    BUFGCTRL_X0Y1        BUFG (Prop_bufg_I_O)         0.096     6.220 r  clk_pixel_BUFG_inst/O
                         net (fo=300, routed)         1.562     7.782    clk_pixel_BUFG
    SLICE_X10Y15         FDRE                                         r  render_bank_sel_pix_reg/C
  -------------------------------------------------------------------    -------------------
    SLICE_X10Y15         FDRE (Prop_fdre_C_Q)         0.518     8.300 r  render_bank_sel_pix_reg/Q
                         net (fo=20, routed)          0.660     8.961    render_bank_sel_pix
    SLICE_X12Y13         FDRE                                         r  render_bank_sel_bg_sync0_reg/D
  -------------------------------------------------------------------    -------------------

                         (clock sys_clk_pin rise edge)
                                                     10.000    10.000 r  
    W5                                                0.000    10.000 r  CLK100MHZ (IN)
                         net (fo=0)                   0.000    10.000    CLK100MHZ
    W5                   IBUF (Prop_ibuf_I_O)         1.388    11.388 r  CLK100MHZ_IBUF_inst/O
                         net (fo=1, routed)           1.862    13.250    CLK100MHZ_IBUF
    BUFGCTRL_X0Y0        BUFG (Prop_bufg_I_O)         0.091    13.341 r  CLK100MHZ_IBUF_BUFG_inst/O
                         net (fo=1064, routed)        1.445    14.786    CLK100MHZ_IBUF_BUFG
    SLICE_X12Y13         FDRE                                         r  render_bank_sel_bg_sync0_reg/C
                         clock pessimism              0.180    14.966    
                         clock uncertainty           -0.035    14.931    
    SLICE_X12Y13         FDRE (Setup_fdre_C_D)       -0.045    14.886    render_bank_sel_bg_sync0_reg
  -------------------------------------------------------------------
                         required time                         14.886    
                         arrival time                          -8.961    
  -------------------------------------------------------------------
                         slack                                  5.925    

Slack (MET) :             5.942ns  (required time - arrival time)
  Source:                 frame_grid_pos_x_pix_reg[11]/C
                            (rising edge-triggered cell FDRE clocked by clk_pixel  {rise@0.000ns fall@20.000ns period=40.000ns})
  Destination:            frame_grid_pos_x_bg_sync0_reg[11]/D
                            (rising edge-triggered cell FDRE clocked by sys_clk_pin  {rise@0.000ns fall@5.000ns period=10.000ns})
  Path Group:             sys_clk_pin
  Path Type:              Setup (Max at Slow Process Corner)
  Requirement:            10.000ns  (sys_clk_pin rise@10.000ns - clk_pixel rise@0.000ns)
  Data Path Delay:        1.141ns  (logic 0.518ns (45.405%)  route 0.623ns (54.595%))
  Logic Levels:           0  
  Clock Path Skew:        -2.815ns (DCD - SCD + CPR)
    Destination Clock Delay (DCD):    4.777ns = ( 14.777 - 10.000 ) 
    Source Clock Delay      (SCD):    7.772ns
    Clock Pessimism Removal (CPR):    0.180ns
  Clock Uncertainty:      0.035ns  ((TSJ^2 + TIJ^2)^1/2 + DJ) / 2 + PE
    Total System Jitter     (TSJ):    0.071ns
    Total Input Jitter      (TIJ):    0.000ns
    Discrete Jitter          (DJ):    0.000ns
    Phase Error              (PE):    0.000ns

    Location             Delay type                Incr(ns)  Path(ns)    Netlist Resource(s)
  -------------------------------------------------------------------    -------------------
                         (clock clk_pixel rise edge)
                                                      0.000     0.000 r  
    W5                                                0.000     0.000 r  CLK100MHZ (IN)
                         net (fo=0)                   0.000     0.000    CLK100MHZ
    W5                   IBUF (Prop_ibuf_I_O)         1.458     1.458 r  CLK100MHZ_IBUF_inst/O
                         net (fo=1, routed)           1.967     3.425    CLK100MHZ_IBUF
    BUFGCTRL_X0Y0        BUFG (Prop_bufg_I_O)         0.096     3.521 r  CLK100MHZ_IBUF_BUFG_inst/O
                         net (fo=1064, routed)        1.565     5.086    clkdiv_pixel_inst/CLK100MHZ_IBUF_BUFG
    SLICE_X36Y46         FDRE (Prop_fdre_C_Q)         0.456     5.542 r  clkdiv_pixel_inst/clk_out_reg/Q
                         net (fo=2, routed)           0.582     6.124    clk_pixel
    BUFGCTRL_X0Y1        BUFG (Prop_bufg_I_O)         0.096     6.220 r  clk_pixel_BUFG_inst/O
                         net (fo=300, routed)         1.552     7.772    clk_pixel_BUFG
    SLICE_X10Y22         FDRE                                         r  frame_grid_pos_x_pix_reg[11]/C
  -------------------------------------------------------------------    -------------------
    SLICE_X10Y22         FDRE (Prop_fdre_C_Q)         0.518     8.290 r  frame_grid_pos_x_pix_reg[11]/Q
                         net (fo=1, routed)           0.623     8.913    frame_grid_pos_x_pix[11]
    SLICE_X11Y23         FDRE                                         r  frame_grid_pos_x_bg_sync0_reg[11]/D
  -------------------------------------------------------------------    -------------------

                         (clock sys_clk_pin rise edge)
                                                     10.000    10.000 r  
    W5                                                0.000    10.000 r  CLK100MHZ (IN)
                         net (fo=0)                   0.000    10.000    CLK100MHZ
    W5                   IBUF (Prop_ibuf_I_O)         1.388    11.388 r  CLK100MHZ_IBUF_inst/O
                         net (fo=1, routed)           1.862    13.250    CLK100MHZ_IBUF
    BUFGCTRL_X0Y0        BUFG (Prop_bufg_I_O)         0.091    13.341 r  CLK100MHZ_IBUF_BUFG_inst/O
                         net (fo=1064, routed)        1.436    14.777    CLK100MHZ_IBUF_BUFG
    SLICE_X11Y23         FDRE                                         r  frame_grid_pos_x_bg_sync0_reg[11]/C
                         clock pessimism              0.180    14.957    
                         clock uncertainty           -0.035    14.922    
    SLICE_X11Y23         FDRE (Setup_fdre_C_D)       -0.067    14.855    frame_grid_pos_x_bg_sync0_reg[11]
  -------------------------------------------------------------------
                         required time                         14.855    
                         arrival time                          -8.913    
  -------------------------------------------------------------------
                         slack                                  5.942    

Slack (MET) :             5.958ns  (required time - arrival time)
  Source:                 frame_grid_pos_x_pix_reg[2]/C
                            (rising edge-triggered cell FDRE clocked by clk_pixel  {rise@0.000ns fall@20.000ns period=40.000ns})
  Destination:            frame_grid_pos_x_bg_sync0_reg[2]/D
                            (rising edge-triggered cell FDRE clocked by sys_clk_pin  {rise@0.000ns fall@5.000ns period=10.000ns})
  Path Group:             sys_clk_pin
  Path Type:              Setup (Max at Slow Process Corner)
  Requirement:            10.000ns  (sys_clk_pin rise@10.000ns - clk_pixel rise@0.000ns)
  Data Path Delay:        1.081ns  (logic 0.518ns (47.908%)  route 0.563ns (52.092%))
  Logic Levels:           0  
  Clock Path Skew:        -2.881ns (DCD - SCD + CPR)
    Destination Clock Delay (DCD):    4.781ns = ( 14.781 - 10.000 ) 
    Source Clock Delay      (SCD):    7.842ns
    Clock Pessimism Removal (CPR):    0.180ns
  Clock Uncertainty:      0.035ns  ((TSJ^2 + TIJ^2)^1/2 + DJ) / 2 + PE
    Total System Jitter     (TSJ):    0.071ns
    Total Input Jitter      (TIJ):    0.000ns
    Discrete Jitter          (DJ):    0.000ns
    Phase Error              (PE):    0.000ns

    Location             Delay type                Incr(ns)  Path(ns)    Netlist Resource(s)
  -------------------------------------------------------------------    -------------------
                         (clock clk_pixel rise edge)
                                                      0.000     0.000 r  
    W5                                                0.000     0.000 r  CLK100MHZ (IN)
                         net (fo=0)                   0.000     0.000    CLK100MHZ
    W5                   IBUF (Prop_ibuf_I_O)         1.458     1.458 r  CLK100MHZ_IBUF_inst/O
                         net (fo=1, routed)           1.967     3.425    CLK100MHZ_IBUF
    BUFGCTRL_X0Y0        BUFG (Prop_bufg_I_O)         0.096     3.521 r  CLK100MHZ_IBUF_BUFG_inst/O
                         net (fo=1064, routed)        1.565     5.086    clkdiv_pixel_inst/CLK100MHZ_IBUF_BUFG
    SLICE_X36Y46         FDRE (Prop_fdre_C_Q)         0.456     5.542 r  clkdiv_pixel_inst/clk_out_reg/Q
                         net (fo=2, routed)           0.582     6.124    clk_pixel
    BUFGCTRL_X0Y1        BUFG (Prop_bufg_I_O)         0.096     6.220 r  clk_pixel_BUFG_inst/O
                         net (fo=300, routed)         1.622     7.842    clk_pixel_BUFG
    SLICE_X6Y20          FDRE                                         r  frame_grid_pos_x_pix_reg[2]/C
  -------------------------------------------------------------------    -------------------
    SLICE_X6Y20          FDRE (Prop_fdre_C_Q)         0.518     8.360 r  frame_grid_pos_x_pix_reg[2]/Q
                         net (fo=1, routed)           0.563     8.923    frame_grid_pos_x_pix[2]
    SLICE_X10Y20         FDRE                                         r  frame_grid_pos_x_bg_sync0_reg[2]/D
  -------------------------------------------------------------------    -------------------

                         (clock sys_clk_pin rise edge)
                                                     10.000    10.000 r  
    W5                                                0.000    10.000 r  CLK100MHZ (IN)
                         net (fo=0)                   0.000    10.000    CLK100MHZ
    W5                   IBUF (Prop_ibuf_I_O)         1.388    11.388 r  CLK100MHZ_IBUF_inst/O
                         net (fo=1, routed)           1.862    13.250    CLK100MHZ_IBUF
    BUFGCTRL_X0Y0        BUFG (Prop_bufg_I_O)         0.091    13.341 r  CLK100MHZ_IBUF_BUFG_inst/O
                         net (fo=1064, routed)        1.440    14.781    CLK100MHZ_IBUF_BUFG
    SLICE_X10Y20         FDRE                                         r  frame_grid_pos_x_bg_sync0_reg[2]/C
                         clock pessimism              0.180    14.961    
                         clock uncertainty           -0.035    14.926    
    SLICE_X10Y20         FDRE (Setup_fdre_C_D)       -0.045    14.881    frame_grid_pos_x_bg_sync0_reg[2]
  -------------------------------------------------------------------
                         required time                         14.881    
                         arrival time                          -8.923    
  -------------------------------------------------------------------
                         slack                                  5.958    

Slack (MET) :             5.964ns  (required time - arrival time)
  Source:                 frame_grid_pos_x_pix_reg[7]/C
                            (rising edge-triggered cell FDRE clocked by clk_pixel  {rise@0.000ns fall@20.000ns period=40.000ns})
  Destination:            frame_grid_pos_x_bg_sync0_reg[7]/D
                            (rising edge-triggered cell FDRE clocked by sys_clk_pin  {rise@0.000ns fall@5.000ns period=10.000ns})
  Path Group:             sys_clk_pin
  Path Type:              Setup (Max at Slow Process Corner)
  Requirement:            10.000ns  (sys_clk_pin rise@10.000ns - clk_pixel rise@0.000ns)
  Data Path Delay:        1.124ns  (logic 0.456ns (40.554%)  route 0.668ns (59.446%))
  Logic Levels:           0  
  Clock Path Skew:        -2.817ns (DCD - SCD + CPR)
    Destination Clock Delay (DCD):    4.843ns = ( 14.843 - 10.000 ) 
    Source Clock Delay      (SCD):    7.840ns
    Clock Pessimism Removal (CPR):    0.180ns
  Clock Uncertainty:      0.035ns  ((TSJ^2 + TIJ^2)^1/2 + DJ) / 2 + PE
    Total System Jitter     (TSJ):    0.071ns
    Total Input Jitter      (TIJ):    0.000ns
    Discrete Jitter          (DJ):    0.000ns
    Phase Error              (PE):    0.000ns

    Location             Delay type                Incr(ns)  Path(ns)    Netlist Resource(s)
  -------------------------------------------------------------------    -------------------
                         (clock clk_pixel rise edge)
                                                      0.000     0.000 r  
    W5                                                0.000     0.000 r  CLK100MHZ (IN)
                         net (fo=0)                   0.000     0.000    CLK100MHZ
    W5                   IBUF (Prop_ibuf_I_O)         1.458     1.458 r  CLK100MHZ_IBUF_inst/O
                         net (fo=1, routed)           1.967     3.425    CLK100MHZ_IBUF
    BUFGCTRL_X0Y0        BUFG (Prop_bufg_I_O)         0.096     3.521 r  CLK100MHZ_IBUF_BUFG_inst/O
                         net (fo=1064, routed)        1.565     5.086    clkdiv_pixel_inst/CLK100MHZ_IBUF_BUFG
    SLICE_X36Y46         FDRE (Prop_fdre_C_Q)         0.456     5.542 r  clkdiv_pixel_inst/clk_out_reg/Q
                         net (fo=2, routed)           0.582     6.124    clk_pixel
    BUFGCTRL_X0Y1        BUFG (Prop_bufg_I_O)         0.096     6.220 r  clk_pixel_BUFG_inst/O
                         net (fo=300, routed)         1.620     7.840    clk_pixel_BUFG
    SLICE_X3Y23          FDRE                                         r  frame_grid_pos_x_pix_reg[7]/C
  -------------------------------------------------------------------    -------------------
    SLICE_X3Y23          FDRE (Prop_fdre_C_Q)         0.456     8.296 r  frame_grid_pos_x_pix_reg[7]/Q
                         net (fo=1, routed)           0.668     8.965    frame_grid_pos_x_pix[7]
    SLICE_X6Y23          FDRE                                         r  frame_grid_pos_x_bg_sync0_reg[7]/D
  -------------------------------------------------------------------    -------------------

                         (clock sys_clk_pin rise edge)
                                                     10.000    10.000 r  
    W5                                                0.000    10.000 r  CLK100MHZ (IN)
                         net (fo=0)                   0.000    10.000    CLK100MHZ
    W5                   IBUF (Prop_ibuf_I_O)         1.388    11.388 r  CLK100MHZ_IBUF_inst/O
                         net (fo=1, routed)           1.862    13.250    CLK100MHZ_IBUF
    BUFGCTRL_X0Y0        BUFG (Prop_bufg_I_O)         0.091    13.341 r  CLK100MHZ_IBUF_BUFG_inst/O
                         net (fo=1064, routed)        1.502    14.843    CLK100MHZ_IBUF_BUFG
    SLICE_X6Y23          FDRE                                         r  frame_grid_pos_x_bg_sync0_reg[7]/C
                         clock pessimism              0.180    15.023    
                         clock uncertainty           -0.035    14.988    
    SLICE_X6Y23          FDRE (Setup_fdre_C_D)       -0.059    14.929    frame_grid_pos_x_bg_sync0_reg[7]
  -------------------------------------------------------------------
                         required time                         14.929    
                         arrival time                          -8.965    
  -------------------------------------------------------------------
                         slack                                  5.964    

Slack (MET) :             5.968ns  (required time - arrival time)
  Source:                 frame_grid_pos_y_pix_reg[9]/C
                            (rising edge-triggered cell FDRE clocked by clk_pixel  {rise@0.000ns fall@20.000ns period=40.000ns})
  Destination:            frame_grid_pos_y_bg_sync0_reg[9]/D
                            (rising edge-triggered cell FDRE clocked by sys_clk_pin  {rise@0.000ns fall@5.000ns period=10.000ns})
  Path Group:             sys_clk_pin
  Path Type:              Setup (Max at Slow Process Corner)
  Requirement:            10.000ns  (sys_clk_pin rise@10.000ns - clk_pixel rise@0.000ns)
  Data Path Delay:        1.126ns  (logic 0.456ns (40.497%)  route 0.670ns (59.503%))
  Logic Levels:           0  
  Clock Path Skew:        -2.815ns (DCD - SCD + CPR)
    Destination Clock Delay (DCD):    4.782ns = ( 14.782 - 10.000 ) 
    Source Clock Delay      (SCD):    7.777ns
    Clock Pessimism Removal (CPR):    0.180ns
  Clock Uncertainty:      0.035ns  ((TSJ^2 + TIJ^2)^1/2 + DJ) / 2 + PE
    Total System Jitter     (TSJ):    0.071ns
    Total Input Jitter      (TIJ):    0.000ns
    Discrete Jitter          (DJ):    0.000ns
    Phase Error              (PE):    0.000ns

    Location             Delay type                Incr(ns)  Path(ns)    Netlist Resource(s)
  -------------------------------------------------------------------    -------------------
                         (clock clk_pixel rise edge)
                                                      0.000     0.000 r  
    W5                                                0.000     0.000 r  CLK100MHZ (IN)
                         net (fo=0)                   0.000     0.000    CLK100MHZ
    W5                   IBUF (Prop_ibuf_I_O)         1.458     1.458 r  CLK100MHZ_IBUF_inst/O
                         net (fo=1, routed)           1.967     3.425    CLK100MHZ_IBUF
    BUFGCTRL_X0Y0        BUFG (Prop_bufg_I_O)         0.096     3.521 r  CLK100MHZ_IBUF_BUFG_inst/O
                         net (fo=1064, routed)        1.565     5.086    clkdiv_pixel_inst/CLK100MHZ_IBUF_BUFG
    SLICE_X36Y46         FDRE (Prop_fdre_C_Q)         0.456     5.542 r  clkdiv_pixel_inst/clk_out_reg/Q
                         net (fo=2, routed)           0.582     6.124    clk_pixel
    BUFGCTRL_X0Y1        BUFG (Prop_bufg_I_O)         0.096     6.220 r  clk_pixel_BUFG_inst/O
                         net (fo=300, routed)         1.557     7.777    clk_pixel_BUFG
    SLICE_X9Y30          FDRE                                         r  frame_grid_pos_y_pix_reg[9]/C
  -------------------------------------------------------------------    -------------------
    SLICE_X9Y30          FDRE (Prop_fdre_C_Q)         0.456     8.233 r  frame_grid_pos_y_pix_reg[9]/Q
                         net (fo=1, routed)           0.670     8.903    frame_grid_pos_y_pix[9]
    SLICE_X10Y31         FDRE                                         r  frame_grid_pos_y_bg_sync0_reg[9]/D
  -------------------------------------------------------------------    -------------------

                         (clock sys_clk_pin rise edge)
                                                     10.000    10.000 r  
    W5                                                0.000    10.000 r  CLK100MHZ (IN)
                         net (fo=0)                   0.000    10.000    CLK100MHZ
    W5                   IBUF (Prop_ibuf_I_O)         1.388    11.388 r  CLK100MHZ_IBUF_inst/O
                         net (fo=1, routed)           1.862    13.250    CLK100MHZ_IBUF
    BUFGCTRL_X0Y0        BUFG (Prop_bufg_I_O)         0.091    13.341 r  CLK100MHZ_IBUF_BUFG_inst/O
                         net (fo=1064, routed)        1.441    14.782    CLK100MHZ_IBUF_BUFG
    SLICE_X10Y31         FDRE                                         r  frame_grid_pos_y_bg_sync0_reg[9]/C
                         clock pessimism              0.180    14.962    
                         clock uncertainty           -0.035    14.927    
    SLICE_X10Y31         FDRE (Setup_fdre_C_D)       -0.056    14.871    frame_grid_pos_y_bg_sync0_reg[9]
  -------------------------------------------------------------------
                         required time                         14.871    
                         arrival time                          -8.903    
  -------------------------------------------------------------------
                         slack                                  5.968    

Slack (MET) :             5.974ns  (required time - arrival time)
  Source:                 frame_grid_pos_x_pix_reg[1]/C
                            (rising edge-triggered cell FDRE clocked by clk_pixel  {rise@0.000ns fall@20.000ns period=40.000ns})
  Destination:            frame_grid_pos_x_bg_sync0_reg[1]/D
                            (rising edge-triggered cell FDRE clocked by sys_clk_pin  {rise@0.000ns fall@5.000ns period=10.000ns})
  Path Group:             sys_clk_pin
  Path Type:              Setup (Max at Slow Process Corner)
  Requirement:            10.000ns  (sys_clk_pin rise@10.000ns - clk_pixel rise@0.000ns)
  Data Path Delay:        1.062ns  (logic 0.518ns (48.795%)  route 0.544ns (51.205%))
  Logic Levels:           0  
  Clock Path Skew:        -2.882ns (DCD - SCD + CPR)
    Destination Clock Delay (DCD):    4.780ns = ( 14.780 - 10.000 ) 
    Source Clock Delay      (SCD):    7.842ns
    Clock Pessimism Removal (CPR):    0.180ns
  Clock Uncertainty:      0.035ns  ((TSJ^2 + TIJ^2)^1/2 + DJ) / 2 + PE
    Total System Jitter     (TSJ):    0.071ns
    Total Input Jitter      (TIJ):    0.000ns
    Discrete Jitter          (DJ):    0.000ns
    Phase Error              (PE):    0.000ns

    Location             Delay type                Incr(ns)  Path(ns)    Netlist Resource(s)
  -------------------------------------------------------------------    -------------------
                         (clock clk_pixel rise edge)
                                                      0.000     0.000 r  
    W5                                                0.000     0.000 r  CLK100MHZ (IN)
                         net (fo=0)                   0.000     0.000    CLK100MHZ
    W5                   IBUF (Prop_ibuf_I_O)         1.458     1.458 r  CLK100MHZ_IBUF_inst/O
                         net (fo=1, routed)           1.967     3.425    CLK100MHZ_IBUF
    BUFGCTRL_X0Y0        BUFG (Prop_bufg_I_O)         0.096     3.521 r  CLK100MHZ_IBUF_BUFG_inst/O
                         net (fo=1064, routed)        1.565     5.086    clkdiv_pixel_inst/CLK100MHZ_IBUF_BUFG
    SLICE_X36Y46         FDRE (Prop_fdre_C_Q)         0.456     5.542 r  clkdiv_pixel_inst/clk_out_reg/Q
                         net (fo=2, routed)           0.582     6.124    clk_pixel
    BUFGCTRL_X0Y1        BUFG (Prop_bufg_I_O)         0.096     6.220 r  clk_pixel_BUFG_inst/O
                         net (fo=300, routed)         1.622     7.842    clk_pixel_BUFG
    SLICE_X6Y20          FDRE                                         r  frame_grid_pos_x_pix_reg[1]/C
  -------------------------------------------------------------------    -------------------
    SLICE_X6Y20          FDRE (Prop_fdre_C_Q)         0.518     8.360 r  frame_grid_pos_x_pix_reg[1]/Q
                         net (fo=1, routed)           0.544     8.904    frame_grid_pos_x_pix[1]
    SLICE_X8Y19          FDRE                                         r  frame_grid_pos_x_bg_sync0_reg[1]/D
  -------------------------------------------------------------------    -------------------

                         (clock sys_clk_pin rise edge)
                                                     10.000    10.000 r  
    W5                                                0.000    10.000 r  CLK100MHZ (IN)
                         net (fo=0)                   0.000    10.000    CLK100MHZ
    W5                   IBUF (Prop_ibuf_I_O)         1.388    11.388 r  CLK100MHZ_IBUF_inst/O
                         net (fo=1, routed)           1.862    13.250    CLK100MHZ_IBUF
    BUFGCTRL_X0Y0        BUFG (Prop_bufg_I_O)         0.091    13.341 r  CLK100MHZ_IBUF_BUFG_inst/O
                         net (fo=1064, routed)        1.439    14.780    CLK100MHZ_IBUF_BUFG
    SLICE_X8Y19          FDRE                                         r  frame_grid_pos_x_bg_sync0_reg[1]/C
                         clock pessimism              0.180    14.960    
                         clock uncertainty           -0.035    14.925    
    SLICE_X8Y19          FDRE (Setup_fdre_C_D)       -0.047    14.878    frame_grid_pos_x_bg_sync0_reg[1]
  -------------------------------------------------------------------
                         required time                         14.878    
                         arrival time                          -8.904    
  -------------------------------------------------------------------
                         slack                                  5.974    

Slack (MET) :             6.032ns  (required time - arrival time)
  Source:                 frame_grid_pos_y_pix_reg[11]/C
                            (rising edge-triggered cell FDRE clocked by clk_pixel  {rise@0.000ns fall@20.000ns period=40.000ns})
  Destination:            frame_grid_pos_y_bg_sync0_reg[11]/D
                            (rising edge-triggered cell FDRE clocked by sys_clk_pin  {rise@0.000ns fall@5.000ns period=10.000ns})
  Path Group:             sys_clk_pin
  Path Type:              Setup (Max at Slow Process Corner)
  Requirement:            10.000ns  (sys_clk_pin rise@10.000ns - clk_pixel rise@0.000ns)
  Data Path Delay:        1.071ns  (logic 0.456ns (42.576%)  route 0.615ns (57.424%))
  Logic Levels:           0  
  Clock Path Skew:        -2.817ns (DCD - SCD + CPR)
    Destination Clock Delay (DCD):    4.780ns = ( 14.780 - 10.000 ) 
    Source Clock Delay      (SCD):    7.777ns
    Clock Pessimism Removal (CPR):    0.180ns
  Clock Uncertainty:      0.035ns  ((TSJ^2 + TIJ^2)^1/2 + DJ) / 2 + PE
    Total System Jitter     (TSJ):    0.071ns
    Total Input Jitter      (TIJ):    0.000ns
    Discrete Jitter          (DJ):    0.000ns
    Phase Error              (PE):    0.000ns

    Location             Delay type                Incr(ns)  Path(ns)    Netlist Resource(s)
  -------------------------------------------------------------------    -------------------
                         (clock clk_pixel rise edge)
                                                      0.000     0.000 r  
    W5                                                0.000     0.000 r  CLK100MHZ (IN)
                         net (fo=0)                   0.000     0.000    CLK100MHZ
    W5                   IBUF (Prop_ibuf_I_O)         1.458     1.458 r  CLK100MHZ_IBUF_inst/O
                         net (fo=1, routed)           1.967     3.425    CLK100MHZ_IBUF
    BUFGCTRL_X0Y0        BUFG (Prop_bufg_I_O)         0.096     3.521 r  CLK100MHZ_IBUF_BUFG_inst/O
                         net (fo=1064, routed)        1.565     5.086    clkdiv_pixel_inst/CLK100MHZ_IBUF_BUFG
    SLICE_X36Y46         FDRE (Prop_fdre_C_Q)         0.456     5.542 r  clkdiv_pixel_inst/clk_out_reg/Q
                         net (fo=2, routed)           0.582     6.124    clk_pixel
    BUFGCTRL_X0Y1        BUFG (Prop_bufg_I_O)         0.096     6.220 r  clk_pixel_BUFG_inst/O
                         net (fo=300, routed)         1.557     7.777    clk_pixel_BUFG
    SLICE_X9Y30          FDRE                                         r  frame_grid_pos_y_pix_reg[11]/C
  -------------------------------------------------------------------    -------------------
    SLICE_X9Y30          FDRE (Prop_fdre_C_Q)         0.456     8.233 r  frame_grid_pos_y_pix_reg[11]/Q
                         net (fo=1, routed)           0.615     8.848    frame_grid_pos_y_pix[11]
    SLICE_X8Y30          FDRE                                         r  frame_grid_pos_y_bg_sync0_reg[11]/D
  -------------------------------------------------------------------    -------------------

                         (clock sys_clk_pin rise edge)
                                                     10.000    10.000 r  
    W5                                                0.000    10.000 r  CLK100MHZ (IN)
                         net (fo=0)                   0.000    10.000    CLK100MHZ
    W5                   IBUF (Prop_ibuf_I_O)         1.388    11.388 r  CLK100MHZ_IBUF_inst/O
                         net (fo=1, routed)           1.862    13.250    CLK100MHZ_IBUF
    BUFGCTRL_X0Y0        BUFG (Prop_bufg_I_O)         0.091    13.341 r  CLK100MHZ_IBUF_BUFG_inst/O
                         net (fo=1064, routed)        1.439    14.780    CLK100MHZ_IBUF_BUFG
    SLICE_X8Y30          FDRE                                         r  frame_grid_pos_y_bg_sync0_reg[11]/C
                         clock pessimism              0.180    14.960    
                         clock uncertainty           -0.035    14.925    
    SLICE_X8Y30          FDRE (Setup_fdre_C_D)       -0.045    14.880    frame_grid_pos_y_bg_sync0_reg[11]
  -------------------------------------------------------------------
                         required time                         14.880    
                         arrival time                          -8.848    
  -------------------------------------------------------------------
                         slack                                  6.032    

Slack (MET) :             6.040ns  (required time - arrival time)
  Source:                 frame_grid_pos_y_pix_reg[12]/C
                            (rising edge-triggered cell FDRE clocked by clk_pixel  {rise@0.000ns fall@20.000ns period=40.000ns})
  Destination:            frame_grid_pos_y_bg_sync0_reg[12]/D
                            (rising edge-triggered cell FDRE clocked by sys_clk_pin  {rise@0.000ns fall@5.000ns period=10.000ns})
  Path Group:             sys_clk_pin
  Path Type:              Setup (Max at Slow Process Corner)
  Requirement:            10.000ns  (sys_clk_pin rise@10.000ns - clk_pixel rise@0.000ns)
  Data Path Delay:        1.080ns  (logic 0.456ns (42.222%)  route 0.624ns (57.778%))
  Logic Levels:           0  
  Clock Path Skew:        -2.817ns (DCD - SCD + CPR)
    Destination Clock Delay (DCD):    4.780ns = ( 14.780 - 10.000 ) 
    Source Clock Delay      (SCD):    7.777ns
    Clock Pessimism Removal (CPR):    0.180ns
  Clock Uncertainty:      0.035ns  ((TSJ^2 + TIJ^2)^1/2 + DJ) / 2 + PE
    Total System Jitter     (TSJ):    0.071ns
    Total Input Jitter      (TIJ):    0.000ns
    Discrete Jitter          (DJ):    0.000ns
    Phase Error              (PE):    0.000ns

    Location             Delay type                Incr(ns)  Path(ns)    Netlist Resource(s)
  -------------------------------------------------------------------    -------------------
                         (clock clk_pixel rise edge)
                                                      0.000     0.000 r  
    W5                                                0.000     0.000 r  CLK100MHZ (IN)
                         net (fo=0)                   0.000     0.000    CLK100MHZ
    W5                   IBUF (Prop_ibuf_I_O)         1.458     1.458 r  CLK100MHZ_IBUF_inst/O
                         net (fo=1, routed)           1.967     3.425    CLK100MHZ_IBUF
    BUFGCTRL_X0Y0        BUFG (Prop_bufg_I_O)         0.096     3.521 r  CLK100MHZ_IBUF_BUFG_inst/O
                         net (fo=1064, routed)        1.565     5.086    clkdiv_pixel_inst/CLK100MHZ_IBUF_BUFG
    SLICE_X36Y46         FDRE (Prop_fdre_C_Q)         0.456     5.542 r  clkdiv_pixel_inst/clk_out_reg/Q
                         net (fo=2, routed)           0.582     6.124    clk_pixel
    BUFGCTRL_X0Y1        BUFG (Prop_bufg_I_O)         0.096     6.220 r  clk_pixel_BUFG_inst/O
                         net (fo=300, routed)         1.557     7.777    clk_pixel_BUFG
    SLICE_X9Y30          FDRE                                         r  frame_grid_pos_y_pix_reg[12]/C
  -------------------------------------------------------------------    -------------------
    SLICE_X9Y30          FDRE (Prop_fdre_C_Q)         0.456     8.233 r  frame_grid_pos_y_pix_reg[12]/Q
                         net (fo=1, routed)           0.624     8.857    frame_grid_pos_y_pix[12]
    SLICE_X8Y30          FDRE                                         r  frame_grid_pos_y_bg_sync0_reg[12]/D
  -------------------------------------------------------------------    -------------------

                         (clock sys_clk_pin rise edge)
                                                     10.000    10.000 r  
    W5                                                0.000    10.000 r  CLK100MHZ (IN)
                         net (fo=0)                   0.000    10.000    CLK100MHZ
    W5                   IBUF (Prop_ibuf_I_O)         1.388    11.388 r  CLK100MHZ_IBUF_inst/O
                         net (fo=1, routed)           1.862    13.250    CLK100MHZ_IBUF
    BUFGCTRL_X0Y0        BUFG (Prop_bufg_I_O)         0.091    13.341 r  CLK100MHZ_IBUF_BUFG_inst/O
                         net (fo=1064, routed)        1.439    14.780    CLK100MHZ_IBUF_BUFG
    SLICE_X8Y30          FDRE                                         r  frame_grid_pos_y_bg_sync0_reg[12]/C
                         clock pessimism              0.180    14.960    
                         clock uncertainty           -0.035    14.925    
    SLICE_X8Y30          FDRE (Setup_fdre_C_D)       -0.028    14.897    frame_grid_pos_y_bg_sync0_reg[12]
  -------------------------------------------------------------------
                         required time                         14.897    
                         arrival time                          -8.857    
  -------------------------------------------------------------------
                         slack                                  6.040    





Min Delay Paths
--------------------------------------------------------------------------------------
Slack (MET) :             0.879ns  (arrival time - required time)
  Source:                 frame_grid_pos_x_pix_reg[12]/C
                            (rising edge-triggered cell FDRE clocked by clk_pixel  {rise@0.000ns fall@20.000ns period=40.000ns})
  Destination:            frame_grid_pos_x_bg_sync0_reg[12]/D
                            (rising edge-triggered cell FDRE clocked by sys_clk_pin  {rise@0.000ns fall@5.000ns period=10.000ns})
  Path Group:             sys_clk_pin
  Path Type:              Hold (Min at Fast Process Corner)
  Requirement:            0.000ns  (sys_clk_pin rise@0.000ns - clk_pixel rise@0.000ns)
  Data Path Delay:        0.246ns  (logic 0.164ns (66.639%)  route 0.082ns (33.362%))
  Logic Levels:           0  
  Clock Path Skew:        -0.690ns (DCD - SCD - CPR)
    Destination Clock Delay (DCD):    1.951ns
    Source Clock Delay      (SCD):    2.397ns
    Clock Pessimism Removal (CPR):    0.244ns

    Location             Delay type                Incr(ns)  Path(ns)    Netlist Resource(s)
  -------------------------------------------------------------------    -------------------
                         (clock clk_pixel rise edge)
                                                      0.000     0.000 r  
    W5                                                0.000     0.000 r  CLK100MHZ (IN)
                         net (fo=0)                   0.000     0.000    CLK100MHZ
    W5                   IBUF (Prop_ibuf_I_O)         0.226     0.226 r  CLK100MHZ_IBUF_inst/O
                         net (fo=1, routed)           0.631     0.858    CLK100MHZ_IBUF
    BUFGCTRL_X0Y0        BUFG (Prop_bufg_I_O)         0.026     0.884 r  CLK100MHZ_IBUF_BUFG_inst/O
                         net (fo=1064, routed)        0.563     1.446    clkdiv_pixel_inst/CLK100MHZ_IBUF_BUFG
    SLICE_X36Y46         FDRE (Prop_fdre_C_Q)         0.141     1.587 r  clkdiv_pixel_inst/clk_out_reg/Q
                         net (fo=2, routed)           0.229     1.816    clk_pixel
    BUFGCTRL_X0Y1        BUFG (Prop_bufg_I_O)         0.026     1.842 r  clk_pixel_BUFG_inst/O
                         net (fo=300, routed)         0.556     2.397    clk_pixel_BUFG
    SLICE_X8Y28          FDRE                                         r  frame_grid_pos_x_pix_reg[12]/C
  -------------------------------------------------------------------    -------------------
    SLICE_X8Y28          FDRE (Prop_fdre_C_Q)         0.164     2.561 r  frame_grid_pos_x_pix_reg[12]/Q
                         net (fo=1, routed)           0.082     2.643    frame_grid_pos_x_pix[12]
    SLICE_X9Y28          FDRE                                         r  frame_grid_pos_x_bg_sync0_reg[12]/D
  -------------------------------------------------------------------    -------------------

                         (clock sys_clk_pin rise edge)
                                                      0.000     0.000 r  
    W5                                                0.000     0.000 r  CLK100MHZ (IN)
                         net (fo=0)                   0.000     0.000    CLK100MHZ
    W5                   IBUF (Prop_ibuf_I_O)         0.414     0.414 r  CLK100MHZ_IBUF_inst/O
                         net (fo=1, routed)           0.685     1.099    CLK100MHZ_IBUF
    BUFGCTRL_X0Y0        BUFG (Prop_bufg_I_O)         0.029     1.128 r  CLK100MHZ_IBUF_BUFG_inst/O
                         net (fo=1064, routed)        0.824     1.951    CLK100MHZ_IBUF_BUFG
    SLICE_X9Y28          FDRE                                         r  frame_grid_pos_x_bg_sync0_reg[12]/C
                         clock pessimism             -0.244     1.707    
    SLICE_X9Y28          FDRE (Hold_fdre_C_D)         0.057     1.764    frame_grid_pos_x_bg_sync0_reg[12]
  -------------------------------------------------------------------
                         required time                         -1.764    
                         arrival time                           2.643    
  -------------------------------------------------------------------
                         slack                                  0.879    

Slack (MET) :             0.901ns  (arrival time - required time)
  Source:                 frame_grid_pos_x_pix_reg[8]/C
                            (rising edge-triggered cell FDRE clocked by clk_pixel  {rise@0.000ns fall@20.000ns period=40.000ns})
  Destination:            frame_grid_pos_x_bg_sync0_reg[8]/D
                            (rising edge-triggered cell FDRE clocked by sys_clk_pin  {rise@0.000ns fall@5.000ns period=10.000ns})
  Path Group:             sys_clk_pin
  Path Type:              Hold (Min at Fast Process Corner)
  Requirement:            0.000ns  (sys_clk_pin rise@0.000ns - clk_pixel rise@0.000ns)
  Data Path Delay:        0.274ns  (logic 0.164ns (59.853%)  route 0.110ns (40.147%))
  Logic Levels:           0  
  Clock Path Skew:        -0.693ns (DCD - SCD - CPR)
    Destination Clock Delay (DCD):    1.948ns
    Source Clock Delay      (SCD):    2.397ns
    Clock Pessimism Removal (CPR):    0.244ns

    Location             Delay type                Incr(ns)  Path(ns)    Netlist Resource(s)
  -------------------------------------------------------------------    -------------------
                         (clock clk_pixel rise edge)
                                                      0.000     0.000 r  
    W5                                                0.000     0.000 r  CLK100MHZ (IN)
                         net (fo=0)                   0.000     0.000    CLK100MHZ
    W5                   IBUF (Prop_ibuf_I_O)         0.226     0.226 r  CLK100MHZ_IBUF_inst/O
                         net (fo=1, routed)           0.631     0.858    CLK100MHZ_IBUF
    BUFGCTRL_X0Y0        BUFG (Prop_bufg_I_O)         0.026     0.884 r  CLK100MHZ_IBUF_BUFG_inst/O
                         net (fo=1064, routed)        0.563     1.446    clkdiv_pixel_inst/CLK100MHZ_IBUF_BUFG
    SLICE_X36Y46         FDRE (Prop_fdre_C_Q)         0.141     1.587 r  clkdiv_pixel_inst/clk_out_reg/Q
                         net (fo=2, routed)           0.229     1.816    clk_pixel
    BUFGCTRL_X0Y1        BUFG (Prop_bufg_I_O)         0.026     1.842 r  clk_pixel_BUFG_inst/O
                         net (fo=300, routed)         0.556     2.397    clk_pixel_BUFG
    SLICE_X10Y22         FDRE                                         r  frame_grid_pos_x_pix_reg[8]/C
  -------------------------------------------------------------------    -------------------
    SLICE_X10Y22         FDRE (Prop_fdre_C_Q)         0.164     2.561 r  frame_grid_pos_x_pix_reg[8]/Q
                         net (fo=1, routed)           0.110     2.671    frame_grid_pos_x_pix[8]
    SLICE_X11Y23         FDRE                                         r  frame_grid_pos_x_bg_sync0_reg[8]/D
  -------------------------------------------------------------------    -------------------

                         (clock sys_clk_pin rise edge)
                                                      0.000     0.000 r  
    W5                                                0.000     0.000 r  CLK100MHZ (IN)
                         net (fo=0)                   0.000     0.000    CLK100MHZ
    W5                   IBUF (Prop_ibuf_I_O)         0.414     0.414 r  CLK100MHZ_IBUF_inst/O
                         net (fo=1, routed)           0.685     1.099    CLK100MHZ_IBUF
    BUFGCTRL_X0Y0        BUFG (Prop_bufg_I_O)         0.029     1.128 r  CLK100MHZ_IBUF_BUFG_inst/O
                         net (fo=1064, routed)        0.821     1.948    CLK100MHZ_IBUF_BUFG
    SLICE_X11Y23         FDRE                                         r  frame_grid_pos_x_bg_sync0_reg[8]/C
                         clock pessimism             -0.244     1.704    
    SLICE_X11Y23         FDRE (Hold_fdre_C_D)         0.066     1.770    frame_grid_pos_x_bg_sync0_reg[8]
  -------------------------------------------------------------------
                         required time                         -1.770    
                         arrival time                           2.671    
  -------------------------------------------------------------------
                         slack                                  0.901    

Slack (MET) :             0.903ns  (arrival time - required time)
  Source:                 frame_grid_pos_x_pix_reg[10]/C
                            (rising edge-triggered cell FDRE clocked by clk_pixel  {rise@0.000ns fall@20.000ns period=40.000ns})
  Destination:            frame_grid_pos_x_bg_sync0_reg[10]/D
                            (rising edge-triggered cell FDRE clocked by sys_clk_pin  {rise@0.000ns fall@5.000ns period=10.000ns})
  Path Group:             sys_clk_pin
  Path Type:              Hold (Min at Fast Process Corner)
  Requirement:            0.000ns  (sys_clk_pin rise@0.000ns - clk_pixel rise@0.000ns)
  Data Path Delay:        0.279ns  (logic 0.164ns (58.746%)  route 0.115ns (41.254%))
  Logic Levels:           0  
  Clock Path Skew:        -0.690ns (DCD - SCD - CPR)
    Destination Clock Delay (DCD):    1.951ns
    Source Clock Delay      (SCD):    2.397ns
    Clock Pessimism Removal (CPR):    0.244ns

    Location             Delay type                Incr(ns)  Path(ns)    Netlist Resource(s)
  -------------------------------------------------------------------    -------------------
                         (clock clk_pixel rise edge)
                                                      0.000     0.000 r  
    W5                                                0.000     0.000 r  CLK100MHZ (IN)
                         net (fo=0)                   0.000     0.000    CLK100MHZ
    W5                   IBUF (Prop_ibuf_I_O)         0.226     0.226 r  CLK100MHZ_IBUF_inst/O
                         net (fo=1, routed)           0.631     0.858    CLK100MHZ_IBUF
    BUFGCTRL_X0Y0        BUFG (Prop_bufg_I_O)         0.026     0.884 r  CLK100MHZ_IBUF_BUFG_inst/O
                         net (fo=1064, routed)        0.563     1.446    clkdiv_pixel_inst/CLK100MHZ_IBUF_BUFG
    SLICE_X36Y46         FDRE (Prop_fdre_C_Q)         0.141     1.587 r  clkdiv_pixel_inst/clk_out_reg/Q
                         net (fo=2, routed)           0.229     1.816    clk_pixel
    BUFGCTRL_X0Y1        BUFG (Prop_bufg_I_O)         0.026     1.842 r  clk_pixel_BUFG_inst/O
                         net (fo=300, routed)         0.556     2.397    clk_pixel_BUFG
    SLICE_X10Y22         FDRE                                         r  frame_grid_pos_x_pix_reg[10]/C
  -------------------------------------------------------------------    -------------------
    SLICE_X10Y22         FDRE (Prop_fdre_C_Q)         0.164     2.561 r  frame_grid_pos_x_pix_reg[10]/Q
                         net (fo=1, routed)           0.115     2.676    frame_grid_pos_x_pix[10]
    SLICE_X9Y21          FDRE                                         r  frame_grid_pos_x_bg_sync0_reg[10]/D
  -------------------------------------------------------------------    -------------------

                         (clock sys_clk_pin rise edge)
                                                      0.000     0.000 r  
    W5                                                0.000     0.000 r  CLK100MHZ (IN)
                         net (fo=0)                   0.000     0.000    CLK100MHZ
    W5                   IBUF (Prop_ibuf_I_O)         0.414     0.414 r  CLK100MHZ_IBUF_inst/O
                         net (fo=1, routed)           0.685     1.099    CLK100MHZ_IBUF
    BUFGCTRL_X0Y0        BUFG (Prop_bufg_I_O)         0.029     1.128 r  CLK100MHZ_IBUF_BUFG_inst/O
                         net (fo=1064, routed)        0.824     1.951    CLK100MHZ_IBUF_BUFG
    SLICE_X9Y21          FDRE                                         r  frame_grid_pos_x_bg_sync0_reg[10]/C
                         clock pessimism             -0.244     1.707    
    SLICE_X9Y21          FDRE (Hold_fdre_C_D)         0.066     1.773    frame_grid_pos_x_bg_sync0_reg[10]
  -------------------------------------------------------------------
                         required time                         -1.773    
                         arrival time                           2.676    
  -------------------------------------------------------------------
                         slack                                  0.903    

Slack (MET) :             0.937ns  (arrival time - required time)
  Source:                 frame_grid_pos_y_pix_reg[0]/C
                            (rising edge-triggered cell FDRE clocked by clk_pixel  {rise@0.000ns fall@20.000ns period=40.000ns})
  Destination:            frame_grid_pos_y_bg_sync0_reg[0]/D
                            (rising edge-triggered cell FDRE clocked by sys_clk_pin  {rise@0.000ns fall@5.000ns period=10.000ns})
  Path Group:             sys_clk_pin
  Path Type:              Hold (Min at Fast Process Corner)
  Requirement:            0.000ns  (sys_clk_pin rise@0.000ns - clk_pixel rise@0.000ns)
  Data Path Delay:        0.309ns  (logic 0.164ns (53.012%)  route 0.145ns (46.988%))
  Logic Levels:           0  
  Clock Path Skew:        -0.692ns (DCD - SCD - CPR)
    Destination Clock Delay (DCD):    1.952ns
    Source Clock Delay      (SCD):    2.400ns
    Clock Pessimism Removal (CPR):    0.244ns

    Location             Delay type                Incr(ns)  Path(ns)    Netlist Resource(s)
  -------------------------------------------------------------------    -------------------
                         (clock clk_pixel rise edge)
                                                      0.000     0.000 r  
    W5                                                0.000     0.000 r  CLK100MHZ (IN)
                         net (fo=0)                   0.000     0.000    CLK100MHZ
    W5                   IBUF (Prop_ibuf_I_O)         0.226     0.226 r  CLK100MHZ_IBUF_inst/O
                         net (fo=1, routed)           0.631     0.858    CLK100MHZ_IBUF
    BUFGCTRL_X0Y0        BUFG (Prop_bufg_I_O)         0.026     0.884 r  CLK100MHZ_IBUF_BUFG_inst/O
                         net (fo=1064, routed)        0.563     1.446    clkdiv_pixel_inst/CLK100MHZ_IBUF_BUFG
    SLICE_X36Y46         FDRE (Prop_fdre_C_Q)         0.141     1.587 r  clkdiv_pixel_inst/clk_out_reg/Q
                         net (fo=2, routed)           0.229     1.816    clk_pixel
    BUFGCTRL_X0Y1        BUFG (Prop_bufg_I_O)         0.026     1.842 r  clk_pixel_BUFG_inst/O
                         net (fo=300, routed)         0.559     2.400    clk_pixel_BUFG
    SLICE_X10Y18         FDRE                                         r  frame_grid_pos_y_pix_reg[0]/C
  -------------------------------------------------------------------    -------------------
    SLICE_X10Y18         FDRE (Prop_fdre_C_Q)         0.164     2.564 r  frame_grid_pos_y_pix_reg[0]/Q
                         net (fo=1, routed)           0.145     2.710    frame_grid_pos_y_pix[0]
    SLICE_X10Y20         FDRE                                         r  frame_grid_pos_y_bg_sync0_reg[0]/D
  -------------------------------------------------------------------    -------------------

                         (clock sys_clk_pin rise edge)
                                                      0.000     0.000 r  
    W5                                                0.000     0.000 r  CLK100MHZ (IN)
                         net (fo=0)                   0.000     0.000    CLK100MHZ
    W5                   IBUF (Prop_ibuf_I_O)         0.414     0.414 r  CLK100MHZ_IBUF_inst/O
                         net (fo=1, routed)           0.685     1.099    CLK100MHZ_IBUF
    BUFGCTRL_X0Y0        BUFG (Prop_bufg_I_O)         0.029     1.128 r  CLK100MHZ_IBUF_BUFG_inst/O
                         net (fo=1064, routed)        0.825     1.952    CLK100MHZ_IBUF_BUFG
    SLICE_X10Y20         FDRE                                         r  frame_grid_pos_y_bg_sync0_reg[0]/C
                         clock pessimism             -0.244     1.708    
    SLICE_X10Y20         FDRE (Hold_fdre_C_D)         0.064     1.772    frame_grid_pos_y_bg_sync0_reg[0]
  -------------------------------------------------------------------
                         required time                         -1.772    
                         arrival time                           2.710    
  -------------------------------------------------------------------
                         slack                                  0.937    

Slack (MET) :             0.964ns  (arrival time - required time)
  Source:                 frame_grid_pos_y_pix_reg[9]/C
                            (rising edge-triggered cell FDRE clocked by clk_pixel  {rise@0.000ns fall@20.000ns period=40.000ns})
  Destination:            frame_grid_pos_y_bg_sync0_reg[9]/D
                            (rising edge-triggered cell FDRE clocked by sys_clk_pin  {rise@0.000ns fall@5.000ns period=10.000ns})
  Path Group:             sys_clk_pin
  Path Type:              Hold (Min at Fast Process Corner)
  Requirement:            0.000ns  (sys_clk_pin rise@0.000ns - clk_pixel rise@0.000ns)
  Data Path Delay:        0.365ns  (logic 0.141ns (38.628%)  route 0.224ns (61.372%))
  Logic Levels:           0  
  Clock Path Skew:        -0.689ns (DCD - SCD - CPR)
    Destination Clock Delay (DCD):    1.954ns
    Source Clock Delay      (SCD):    2.399ns
    Clock Pessimism Removal (CPR):    0.244ns

    Location             Delay type                Incr(ns)  Path(ns)    Netlist Resource(s)
  -------------------------------------------------------------------    -------------------
                         (clock clk_pixel rise edge)
                                                      0.000     0.000 r  
    W5                                                0.000     0.000 r  CLK100MHZ (IN)
                         net (fo=0)                   0.000     0.000    CLK100MHZ
    W5                   IBUF (Prop_ibuf_I_O)         0.226     0.226 r  CLK100MHZ_IBUF_inst/O
                         net (fo=1, routed)           0.631     0.858    CLK100MHZ_IBUF
    BUFGCTRL_X0Y0        BUFG (Prop_bufg_I_O)         0.026     0.884 r  CLK100MHZ_IBUF_BUFG_inst/O
                         net (fo=1064, routed)        0.563     1.446    clkdiv_pixel_inst/CLK100MHZ_IBUF_BUFG
    SLICE_X36Y46         FDRE (Prop_fdre_C_Q)         0.141     1.587 r  clkdiv_pixel_inst/clk_out_reg/Q
                         net (fo=2, routed)           0.229     1.816    clk_pixel
    BUFGCTRL_X0Y1        BUFG (Prop_bufg_I_O)         0.026     1.842 r  clk_pixel_BUFG_inst/O
                         net (fo=300, routed)         0.558     2.399    clk_pixel_BUFG
    SLICE_X9Y30          FDRE                                         r  frame_grid_pos_y_pix_reg[9]/C
  -------------------------------------------------------------------    -------------------
    SLICE_X9Y30          FDRE (Prop_fdre_C_Q)         0.141     2.540 r  frame_grid_pos_y_pix_reg[9]/Q
                         net (fo=1, routed)           0.224     2.764    frame_grid_pos_y_pix[9]
    SLICE_X10Y31         FDRE                                         r  frame_grid_pos_y_bg_sync0_reg[9]/D
  -------------------------------------------------------------------    -------------------

                         (clock sys_clk_pin rise edge)
                                                      0.000     0.000 r  
    W5                                                0.000     0.000 r  CLK100MHZ (IN)
                         net (fo=0)                   0.000     0.000    CLK100MHZ
    W5                   IBUF (Prop_ibuf_I_O)         0.414     0.414 r  CLK100MHZ_IBUF_inst/O
                         net (fo=1, routed)           0.685     1.099    CLK100MHZ_IBUF
    BUFGCTRL_X0Y0        BUFG (Prop_bufg_I_O)         0.029     1.128 r  CLK100MHZ_IBUF_BUFG_inst/O
                         net (fo=1064, routed)        0.827     1.954    CLK100MHZ_IBUF_BUFG
    SLICE_X10Y31         FDRE                                         r  frame_grid_pos_y_bg_sync0_reg[9]/C
                         clock pessimism             -0.244     1.710    
    SLICE_X10Y31         FDRE (Hold_fdre_C_D)         0.090     1.800    frame_grid_pos_y_bg_sync0_reg[9]
  -------------------------------------------------------------------
                         required time                         -1.800    
                         arrival time                           2.764    
  -------------------------------------------------------------------
                         slack                                  0.964    

Slack (MET) :             0.967ns  (arrival time - required time)
  Source:                 frame_grid_pos_x_pix_reg[7]/C
                            (rising edge-triggered cell FDRE clocked by clk_pixel  {rise@0.000ns fall@20.000ns period=40.000ns})
  Destination:            frame_grid_pos_x_bg_sync0_reg[7]/D
                            (rising edge-triggered cell FDRE clocked by sys_clk_pin  {rise@0.000ns fall@5.000ns period=10.000ns})
  Path Group:             sys_clk_pin
  Path Type:              Hold (Min at Fast Process Corner)
  Requirement:            0.000ns  (sys_clk_pin rise@0.000ns - clk_pixel rise@0.000ns)
  Data Path Delay:        0.364ns  (logic 0.141ns (38.692%)  route 0.223ns (61.308%))
  Logic Levels:           0  
  Clock Path Skew:        -0.692ns (DCD - SCD - CPR)
    Destination Clock Delay (DCD):    1.976ns
    Source Clock Delay      (SCD):    2.424ns
    Clock Pessimism Removal (CPR):    0.244ns

    Location             Delay type                Incr(ns)  Path(ns)    Netlist Resource(s)
  -------------------------------------------------------------------    -------------------
                         (clock clk_pixel rise edge)
                                                      0.000     0.000 r  
    W5                                                0.000     0.000 r  CLK100MHZ (IN)
                         net (fo=0)                   0.000     0.000    CLK100MHZ
    W5                   IBUF (Prop_ibuf_I_O)         0.226     0.226 r  CLK100MHZ_IBUF_inst/O
                         net (fo=1, routed)           0.631     0.858    CLK100MHZ_IBUF
    BUFGCTRL_X0Y0        BUFG (Prop_bufg_I_O)         0.026     0.884 r  CLK100MHZ_IBUF_BUFG_inst/O
                         net (fo=1064, routed)        0.563     1.446    clkdiv_pixel_inst/CLK100MHZ_IBUF_BUFG
    SLICE_X36Y46         FDRE (Prop_fdre_C_Q)         0.141     1.587 r  clkdiv_pixel_inst/clk_out_reg/Q
                         net (fo=2, routed)           0.229     1.816    clk_pixel
    BUFGCTRL_X0Y1        BUFG (Prop_bufg_I_O)         0.026     1.842 r  clk_pixel_BUFG_inst/O
                         net (fo=300, routed)         0.583     2.424    clk_pixel_BUFG
    SLICE_X3Y23          FDRE                                         r  frame_grid_pos_x_pix_reg[7]/C
  -------------------------------------------------------------------    -------------------
    SLICE_X3Y23          FDRE (Prop_fdre_C_Q)         0.141     2.565 r  frame_grid_pos_x_pix_reg[7]/Q
                         net (fo=1, routed)           0.223     2.789    frame_grid_pos_x_pix[7]
    SLICE_X6Y23          FDRE                                         r  frame_grid_pos_x_bg_sync0_reg[7]/D
  -------------------------------------------------------------------    -------------------

                         (clock sys_clk_pin rise edge)
                                                      0.000     0.000 r  
    W5                                                0.000     0.000 r  CLK100MHZ (IN)
                         net (fo=0)                   0.000     0.000    CLK100MHZ
    W5                   IBUF (Prop_ibuf_I_O)         0.414     0.414 r  CLK100MHZ_IBUF_inst/O
                         net (fo=1, routed)           0.685     1.099    CLK100MHZ_IBUF
    BUFGCTRL_X0Y0        BUFG (Prop_bufg_I_O)         0.029     1.128 r  CLK100MHZ_IBUF_BUFG_inst/O
                         net (fo=1064, routed)        0.849     1.976    CLK100MHZ_IBUF_BUFG
    SLICE_X6Y23          FDRE                                         r  frame_grid_pos_x_bg_sync0_reg[7]/C
                         clock pessimism             -0.244     1.732    
    SLICE_X6Y23          FDRE (Hold_fdre_C_D)         0.090     1.822    frame_grid_pos_x_bg_sync0_reg[7]
  -------------------------------------------------------------------
                         required time                         -1.822    
                         arrival time                           2.789    
  -------------------------------------------------------------------
                         slack                                  0.967    

Slack (MET) :             0.980ns  (arrival time - required time)
  Source:                 frame_grid_pos_x_pix_reg[4]/C
                            (rising edge-triggered cell FDRE clocked by clk_pixel  {rise@0.000ns fall@20.000ns period=40.000ns})
  Destination:            frame_grid_pos_x_bg_sync0_reg[4]/D
                            (rising edge-triggered cell FDRE clocked by sys_clk_pin  {rise@0.000ns fall@5.000ns period=10.000ns})
  Path Group:             sys_clk_pin
  Path Type:              Hold (Min at Fast Process Corner)
  Requirement:            0.000ns  (sys_clk_pin rise@0.000ns - clk_pixel rise@0.000ns)
  Data Path Delay:        0.381ns  (logic 0.164ns (43.025%)  route 0.217ns (56.975%))
  Logic Levels:           0  
  Clock Path Skew:        -0.689ns (DCD - SCD - CPR)
    Destination Clock Delay (DCD):    1.976ns
    Source Clock Delay      (SCD):    2.421ns
    Clock Pessimism Removal (CPR):    0.244ns

    Location             Delay type                Incr(ns)  Path(ns)    Netlist Resource(s)
  -------------------------------------------------------------------    -------------------
                         (clock clk_pixel rise edge)
                                                      0.000     0.000 r  
    W5                                                0.000     0.000 r  CLK100MHZ (IN)
                         net (fo=0)                   0.000     0.000    CLK100MHZ
    W5                   IBUF (Prop_ibuf_I_O)         0.226     0.226 r  CLK100MHZ_IBUF_inst/O
                         net (fo=1, routed)           0.631     0.858    CLK100MHZ_IBUF
    BUFGCTRL_X0Y0        BUFG (Prop_bufg_I_O)         0.026     0.884 r  CLK100MHZ_IBUF_BUFG_inst/O
                         net (fo=1064, routed)        0.563     1.446    clkdiv_pixel_inst/CLK100MHZ_IBUF_BUFG
    SLICE_X36Y46         FDRE (Prop_fdre_C_Q)         0.141     1.587 r  clkdiv_pixel_inst/clk_out_reg/Q
                         net (fo=2, routed)           0.229     1.816    clk_pixel
    BUFGCTRL_X0Y1        BUFG (Prop_bufg_I_O)         0.026     1.842 r  clk_pixel_BUFG_inst/O
                         net (fo=300, routed)         0.580     2.421    clk_pixel_BUFG
    SLICE_X6Y24          FDRE                                         r  frame_grid_pos_x_pix_reg[4]/C
  -------------------------------------------------------------------    -------------------
    SLICE_X6Y24          FDRE (Prop_fdre_C_Q)         0.164     2.585 r  frame_grid_pos_x_pix_reg[4]/Q
                         net (fo=1, routed)           0.217     2.802    frame_grid_pos_x_pix[4]
    SLICE_X6Y23          FDRE                                         r  frame_grid_pos_x_bg_sync0_reg[4]/D
  -------------------------------------------------------------------    -------------------

                         (clock sys_clk_pin rise edge)
                                                      0.000     0.000 r  
    W5                                                0.000     0.000 r  CLK100MHZ (IN)
                         net (fo=0)                   0.000     0.000    CLK100MHZ
    W5                   IBUF (Prop_ibuf_I_O)         0.414     0.414 r  CLK100MHZ_IBUF_inst/O
                         net (fo=1, routed)           0.685     1.099    CLK100MHZ_IBUF
    BUFGCTRL_X0Y0        BUFG (Prop_bufg_I_O)         0.029     1.128 r  CLK100MHZ_IBUF_BUFG_inst/O
                         net (fo=1064, routed)        0.849     1.976    CLK100MHZ_IBUF_BUFG
    SLICE_X6Y23          FDRE                                         r  frame_grid_pos_x_bg_sync0_reg[4]/C
                         clock pessimism             -0.244     1.732    
    SLICE_X6Y23          FDRE (Hold_fdre_C_D)         0.090     1.822    frame_grid_pos_x_bg_sync0_reg[4]
  -------------------------------------------------------------------
                         required time                         -1.822    
                         arrival time                           2.802    
  -------------------------------------------------------------------
                         slack                                  0.980    

Slack (MET) :             0.983ns  (arrival time - required time)
  Source:                 frame_grid_pos_y_pix_reg[7]/C
                            (rising edge-triggered cell FDRE clocked by clk_pixel  {rise@0.000ns fall@20.000ns period=40.000ns})
  Destination:            frame_grid_pos_y_bg_sync0_reg[7]/D
                            (rising edge-triggered cell FDRE clocked by sys_clk_pin  {rise@0.000ns fall@5.000ns period=10.000ns})
  Path Group:             sys_clk_pin
  Path Type:              Hold (Min at Fast Process Corner)
  Requirement:            0.000ns  (sys_clk_pin rise@0.000ns - clk_pixel rise@0.000ns)
  Data Path Delay:        0.383ns  (logic 0.164ns (42.801%)  route 0.219ns (57.199%))
  Logic Levels:           0  
  Clock Path Skew:        -0.690ns (DCD - SCD - CPR)
    Destination Clock Delay (DCD):    1.948ns
    Source Clock Delay      (SCD):    2.394ns
    Clock Pessimism Removal (CPR):    0.244ns

    Location             Delay type                Incr(ns)  Path(ns)    Netlist Resource(s)
  -------------------------------------------------------------------    -------------------
                         (clock clk_pixel rise edge)
                                                      0.000     0.000 r  
    W5                                                0.000     0.000 r  CLK100MHZ (IN)
                         net (fo=0)                   0.000     0.000    CLK100MHZ
    W5                   IBUF (Prop_ibuf_I_O)         0.226     0.226 r  CLK100MHZ_IBUF_inst/O
                         net (fo=1, routed)           0.631     0.858    CLK100MHZ_IBUF
    BUFGCTRL_X0Y0        BUFG (Prop_bufg_I_O)         0.026     0.884 r  CLK100MHZ_IBUF_BUFG_inst/O
                         net (fo=1064, routed)        0.563     1.446    clkdiv_pixel_inst/CLK100MHZ_IBUF_BUFG
    SLICE_X36Y46         FDRE (Prop_fdre_C_Q)         0.141     1.587 r  clkdiv_pixel_inst/clk_out_reg/Q
                         net (fo=2, routed)           0.229     1.816    clk_pixel
    BUFGCTRL_X0Y1        BUFG (Prop_bufg_I_O)         0.026     1.842 r  clk_pixel_BUFG_inst/O
                         net (fo=300, routed)         0.553     2.394    clk_pixel_BUFG
    SLICE_X8Y25          FDRE                                         r  frame_grid_pos_y_pix_reg[7]/C
  -------------------------------------------------------------------    -------------------
    SLICE_X8Y25          FDRE (Prop_fdre_C_Q)         0.164     2.558 r  frame_grid_pos_y_pix_reg[7]/Q
                         net (fo=1, routed)           0.219     2.777    frame_grid_pos_y_pix[7]
    SLICE_X8Y26          FDRE                                         r  frame_grid_pos_y_bg_sync0_reg[7]/D
  -------------------------------------------------------------------    -------------------

                         (clock sys_clk_pin rise edge)
                                                      0.000     0.000 r  
    W5                                                0.000     0.000 r  CLK100MHZ (IN)
                         net (fo=0)                   0.000     0.000    CLK100MHZ
    W5                   IBUF (Prop_ibuf_I_O)         0.414     0.414 r  CLK100MHZ_IBUF_inst/O
                         net (fo=1, routed)           0.685     1.099    CLK100MHZ_IBUF
    BUFGCTRL_X0Y0        BUFG (Prop_bufg_I_O)         0.029     1.128 r  CLK100MHZ_IBUF_BUFG_inst/O
                         net (fo=1064, routed)        0.821     1.948    CLK100MHZ_IBUF_BUFG
    SLICE_X8Y26          FDRE                                         r  frame_grid_pos_y_bg_sync0_reg[7]/C
                         clock pessimism             -0.244     1.704    
    SLICE_X8Y26          FDRE (Hold_fdre_C_D)         0.090     1.794    frame_grid_pos_y_bg_sync0_reg[7]
  -------------------------------------------------------------------
                         required time                         -1.794    
                         arrival time                           2.777    
  -------------------------------------------------------------------
                         slack                                  0.983    

Slack (MET) :             0.995ns  (arrival time - required time)
  Source:                 frame_grid_pos_y_pix_reg[12]/C
                            (rising edge-triggered cell FDRE clocked by clk_pixel  {rise@0.000ns fall@20.000ns period=40.000ns})
  Destination:            frame_grid_pos_y_bg_sync0_reg[12]/D
                            (rising edge-triggered cell FDRE clocked by sys_clk_pin  {rise@0.000ns fall@5.000ns period=10.000ns})
  Path Group:             sys_clk_pin
  Path Type:              Hold (Min at Fast Process Corner)
  Requirement:            0.000ns  (sys_clk_pin rise@0.000ns - clk_pixel rise@0.000ns)
  Data Path Delay:        0.368ns  (logic 0.141ns (38.314%)  route 0.227ns (61.686%))
  Logic Levels:           0  
  Clock Path Skew:        -0.690ns (DCD - SCD - CPR)
    Destination Clock Delay (DCD):    1.953ns
    Source Clock Delay      (SCD):    2.399ns
    Clock Pessimism Removal (CPR):    0.244ns

    Location             Delay type                Incr(ns)  Path(ns)    Netlist Resource(s)
  -------------------------------------------------------------------    -------------------
                         (clock clk_pixel rise edge)
                                                      0.000     0.000 r  
    W5                                                0.000     0.000 r  CLK100MHZ (IN)
                         net (fo=0)                   0.000     0.000    CLK100MHZ
    W5                   IBUF (Prop_ibuf_I_O)         0.226     0.226 r  CLK100MHZ_IBUF_inst/O
                         net (fo=1, routed)           0.631     0.858    CLK100MHZ_IBUF
    BUFGCTRL_X0Y0        BUFG (Prop_bufg_I_O)         0.026     0.884 r  CLK100MHZ_IBUF_BUFG_inst/O
                         net (fo=1064, routed)        0.563     1.446    clkdiv_pixel_inst/CLK100MHZ_IBUF_BUFG
    SLICE_X36Y46         FDRE (Prop_fdre_C_Q)         0.141     1.587 r  clkdiv_pixel_inst/clk_out_reg/Q
                         net (fo=2, routed)           0.229     1.816    clk_pixel
    BUFGCTRL_X0Y1        BUFG (Prop_bufg_I_O)         0.026     1.842 r  clk_pixel_BUFG_inst/O
                         net (fo=300, routed)         0.558     2.399    clk_pixel_BUFG
    SLICE_X9Y30          FDRE                                         r  frame_grid_pos_y_pix_reg[12]/C
  -------------------------------------------------------------------    -------------------
    SLICE_X9Y30          FDRE (Prop_fdre_C_Q)         0.141     2.540 r  frame_grid_pos_y_pix_reg[12]/Q
                         net (fo=1, routed)           0.227     2.767    frame_grid_pos_y_pix[12]
    SLICE_X8Y30          FDRE                                         r  frame_grid_pos_y_bg_sync0_reg[12]/D
  -------------------------------------------------------------------    -------------------

                         (clock sys_clk_pin rise edge)
                                                      0.000     0.000 r  
    W5                                                0.000     0.000 r  CLK100MHZ (IN)
                         net (fo=0)                   0.000     0.000    CLK100MHZ
    W5                   IBUF (Prop_ibuf_I_O)         0.414     0.414 r  CLK100MHZ_IBUF_inst/O
                         net (fo=1, routed)           0.685     1.099    CLK100MHZ_IBUF
    BUFGCTRL_X0Y0        BUFG (Prop_bufg_I_O)         0.029     1.128 r  CLK100MHZ_IBUF_BUFG_inst/O
                         net (fo=1064, routed)        0.826     1.953    CLK100MHZ_IBUF_BUFG
    SLICE_X8Y30          FDRE                                         r  frame_grid_pos_y_bg_sync0_reg[12]/C
                         clock pessimism             -0.244     1.709    
    SLICE_X8Y30          FDRE (Hold_fdre_C_D)         0.063     1.772    frame_grid_pos_y_bg_sync0_reg[12]
  -------------------------------------------------------------------
                         required time                         -1.772    
                         arrival time                           2.767    
  -------------------------------------------------------------------
                         slack                                  0.995    

Slack (MET) :             0.998ns  (arrival time - required time)
  Source:                 frame_grid_pos_y_pix_reg[10]/C
                            (rising edge-triggered cell FDRE clocked by clk_pixel  {rise@0.000ns fall@20.000ns period=40.000ns})
  Destination:            frame_grid_pos_y_bg_sync0_reg[10]/D
                            (rising edge-triggered cell FDRE clocked by sys_clk_pin  {rise@0.000ns fall@5.000ns period=10.000ns})
  Path Group:             sys_clk_pin
  Path Type:              Hold (Min at Fast Process Corner)
  Requirement:            0.000ns  (sys_clk_pin rise@0.000ns - clk_pixel rise@0.000ns)
  Data Path Delay:        0.367ns  (logic 0.141ns (38.418%)  route 0.226ns (61.582%))
  Logic Levels:           0  
  Clock Path Skew:        -0.690ns (DCD - SCD - CPR)
    Destination Clock Delay (DCD):    1.953ns
    Source Clock Delay      (SCD):    2.399ns
    Clock Pessimism Removal (CPR):    0.244ns

    Location             Delay type                Incr(ns)  Path(ns)    Netlist Resource(s)
  -------------------------------------------------------------------    -------------------
                         (clock clk_pixel rise edge)
                                                      0.000     0.000 r  
    W5                                                0.000     0.000 r  CLK100MHZ (IN)
                         net (fo=0)                   0.000     0.000    CLK100MHZ
    W5                   IBUF (Prop_ibuf_I_O)         0.226     0.226 r  CLK100MHZ_IBUF_inst/O
                         net (fo=1, routed)           0.631     0.858    CLK100MHZ_IBUF
    BUFGCTRL_X0Y0        BUFG (Prop_bufg_I_O)         0.026     0.884 r  CLK100MHZ_IBUF_BUFG_inst/O
                         net (fo=1064, routed)        0.563     1.446    clkdiv_pixel_inst/CLK100MHZ_IBUF_BUFG
    SLICE_X36Y46         FDRE (Prop_fdre_C_Q)         0.141     1.587 r  clkdiv_pixel_inst/clk_out_reg/Q
                         net (fo=2, routed)           0.229     1.816    clk_pixel
    BUFGCTRL_X0Y1        BUFG (Prop_bufg_I_O)         0.026     1.842 r  clk_pixel_BUFG_inst/O
                         net (fo=300, routed)         0.558     2.399    clk_pixel_BUFG
    SLICE_X9Y30          FDRE                                         r  frame_grid_pos_y_pix_reg[10]/C
  -------------------------------------------------------------------    -------------------
    SLICE_X9Y30          FDRE (Prop_fdre_C_Q)         0.141     2.540 r  frame_grid_pos_y_pix_reg[10]/Q
                         net (fo=1, routed)           0.226     2.766    frame_grid_pos_y_pix[10]
    SLICE_X8Y30          FDRE                                         r  frame_grid_pos_y_bg_sync0_reg[10]/D
  -------------------------------------------------------------------    -------------------

                         (clock sys_clk_pin rise edge)
                                                      0.000     0.000 r  
    W5                                                0.000     0.000 r  CLK100MHZ (IN)
                         net (fo=0)                   0.000     0.000    CLK100MHZ
    W5                   IBUF (Prop_ibuf_I_O)         0.414     0.414 r  CLK100MHZ_IBUF_inst/O
                         net (fo=1, routed)           0.685     1.099    CLK100MHZ_IBUF
    BUFGCTRL_X0Y0        BUFG (Prop_bufg_I_O)         0.029     1.128 r  CLK100MHZ_IBUF_BUFG_inst/O
                         net (fo=1064, routed)        0.826     1.953    CLK100MHZ_IBUF_BUFG
    SLICE_X8Y30          FDRE                                         r  frame_grid_pos_y_bg_sync0_reg[10]/C
                         clock pessimism             -0.244     1.709    
    SLICE_X8Y30          FDRE (Hold_fdre_C_D)         0.059     1.768    frame_grid_pos_y_bg_sync0_reg[10]
  -------------------------------------------------------------------
                         required time                         -1.768    
                         arrival time                           2.766    
  -------------------------------------------------------------------
                         slack                                  0.998    

Slack (MET) :             1.002ns  (arrival time - required time)
  Source:                 frame_grid_pos_y_pix_reg[5]/C
                            (rising edge-triggered cell FDRE clocked by clk_pixel  {rise@0.000ns fall@20.000ns period=40.000ns})
  Destination:            frame_grid_pos_y_bg_sync0_reg[5]/D
                            (rising edge-triggered cell FDRE clocked by sys_clk_pin  {rise@0.000ns fall@5.000ns period=10.000ns})
  Path Group:             sys_clk_pin
  Path Type:              Hold (Min at Fast Process Corner)
  Requirement:            0.000ns  (sys_clk_pin rise@0.000ns - clk_pixel rise@0.000ns)
  Data Path Delay:        0.374ns  (logic 0.164ns (43.830%)  route 0.210ns (56.170%))
  Logic Levels:           0  
  Clock Path Skew:        -0.691ns (DCD - SCD - CPR)
    Destination Clock Delay (DCD):    1.950ns
    Source Clock Delay      (SCD):    2.397ns
    Clock Pessimism Removal (CPR):    0.244ns

    Location             Delay type                Incr(ns)  Path(ns)    Netlist Resource(s)
  -------------------------------------------------------------------    -------------------
                         (clock clk_pixel rise edge)
                                                      0.000     0.000 r  
    W5                                                0.000     0.000 r  CLK100MHZ (IN)
                         net (fo=0)                   0.000     0.000    CLK100MHZ
    W5                   IBUF (Prop_ibuf_I_O)         0.226     0.226 r  CLK100MHZ_IBUF_inst/O
                         net (fo=1, routed)           0.631     0.858    CLK100MHZ_IBUF
    BUFGCTRL_X0Y0        BUFG (Prop_bufg_I_O)         0.026     0.884 r  CLK100MHZ_IBUF_BUFG_inst/O
                         net (fo=1064, routed)        0.563     1.446    clkdiv_pixel_inst/CLK100MHZ_IBUF_BUFG
    SLICE_X36Y46         FDRE (Prop_fdre_C_Q)         0.141     1.587 r  clkdiv_pixel_inst/clk_out_reg/Q
                         net (fo=2, routed)           0.229     1.816    clk_pixel
    BUFGCTRL_X0Y1        BUFG (Prop_bufg_I_O)         0.026     1.842 r  clk_pixel_BUFG_inst/O
                         net (fo=300, routed)         0.556     2.397    clk_pixel_BUFG
    SLICE_X14Y28         FDRE                                         r  frame_grid_pos_y_pix_reg[5]/C
  -------------------------------------------------------------------    -------------------
    SLICE_X14Y28         FDRE (Prop_fdre_C_Q)         0.164     2.561 r  frame_grid_pos_y_pix_reg[5]/Q
                         net (fo=1, routed)           0.210     2.771    frame_grid_pos_y_pix[5]
    SLICE_X15Y27         FDRE                                         r  frame_grid_pos_y_bg_sync0_reg[5]/D
  -------------------------------------------------------------------    -------------------

                         (clock sys_clk_pin rise edge)
                                                      0.000     0.000 r  
    W5                                                0.000     0.000 r  CLK100MHZ (IN)
                         net (fo=0)                   0.000     0.000    CLK100MHZ
    W5                   IBUF (Prop_ibuf_I_O)         0.414     0.414 r  CLK100MHZ_IBUF_inst/O
                         net (fo=1, routed)           0.685     1.099    CLK100MHZ_IBUF
    BUFGCTRL_X0Y0        BUFG (Prop_bufg_I_O)         0.029     1.128 r  CLK100MHZ_IBUF_BUFG_inst/O
                         net (fo=1064, routed)        0.823     1.950    CLK100MHZ_IBUF_BUFG
    SLICE_X15Y27         FDRE                                         r  frame_grid_pos_y_bg_sync0_reg[5]/C
                         clock pessimism             -0.244     1.706    
    SLICE_X15Y27         FDRE (Hold_fdre_C_D)         0.063     1.769    frame_grid_pos_y_bg_sync0_reg[5]
  -------------------------------------------------------------------
                         required time                         -1.769    
                         arrival time                           2.771    
  -------------------------------------------------------------------
                         slack                                  1.002    

Slack (MET) :             1.005ns  (arrival time - required time)
  Source:                 frame_grid_pos_y_pix_reg[11]/C
                            (rising edge-triggered cell FDRE clocked by clk_pixel  {rise@0.000ns fall@20.000ns period=40.000ns})
  Destination:            frame_grid_pos_y_bg_sync0_reg[11]/D
                            (rising edge-triggered cell FDRE clocked by sys_clk_pin  {rise@0.000ns fall@5.000ns period=10.000ns})
  Path Group:             sys_clk_pin
  Path Type:              Hold (Min at Fast Process Corner)
  Requirement:            0.000ns  (sys_clk_pin rise@0.000ns - clk_pixel rise@0.000ns)
  Data Path Delay:        0.367ns  (logic 0.141ns (38.418%)  route 0.226ns (61.582%))
  Logic Levels:           0  
  Clock Path Skew:        -0.690ns (DCD - SCD - CPR)
    Destination Clock Delay (DCD):    1.953ns
    Source Clock Delay      (SCD):    2.399ns
    Clock Pessimism Removal (CPR):    0.244ns

    Location             Delay type                Incr(ns)  Path(ns)    Netlist Resource(s)
  -------------------------------------------------------------------    -------------------
                         (clock clk_pixel rise edge)
                                                      0.000     0.000 r  
    W5                                                0.000     0.000 r  CLK100MHZ (IN)
                         net (fo=0)                   0.000     0.000    CLK100MHZ
    W5                   IBUF (Prop_ibuf_I_O)         0.226     0.226 r  CLK100MHZ_IBUF_inst/O
                         net (fo=1, routed)           0.631     0.858    CLK100MHZ_IBUF
    BUFGCTRL_X0Y0        BUFG (Prop_bufg_I_O)         0.026     0.884 r  CLK100MHZ_IBUF_BUFG_inst/O
                         net (fo=1064, routed)        0.563     1.446    clkdiv_pixel_inst/CLK100MHZ_IBUF_BUFG
    SLICE_X36Y46         FDRE (Prop_fdre_C_Q)         0.141     1.587 r  clkdiv_pixel_inst/clk_out_reg/Q
                         net (fo=2, routed)           0.229     1.816    clk_pixel
    BUFGCTRL_X0Y1        BUFG (Prop_bufg_I_O)         0.026     1.842 r  clk_pixel_BUFG_inst/O
                         net (fo=300, routed)         0.558     2.399    clk_pixel_BUFG
    SLICE_X9Y30          FDRE                                         r  frame_grid_pos_y_pix_reg[11]/C
  -------------------------------------------------------------------    -------------------
    SLICE_X9Y30          FDRE (Prop_fdre_C_Q)         0.141     2.540 r  frame_grid_pos_y_pix_reg[11]/Q
                         net (fo=1, routed)           0.226     2.766    frame_grid_pos_y_pix[11]
    SLICE_X8Y30          FDRE                                         r  frame_grid_pos_y_bg_sync0_reg[11]/D
  -------------------------------------------------------------------    -------------------

                         (clock sys_clk_pin rise edge)
                                                      0.000     0.000 r  
    W5                                                0.000     0.000 r  CLK100MHZ (IN)
                         net (fo=0)                   0.000     0.000    CLK100MHZ
    W5                   IBUF (Prop_ibuf_I_O)         0.414     0.414 r  CLK100MHZ_IBUF_inst/O
                         net (fo=1, routed)           0.685     1.099    CLK100MHZ_IBUF
    BUFGCTRL_X0Y0        BUFG (Prop_bufg_I_O)         0.029     1.128 r  CLK100MHZ_IBUF_BUFG_inst/O
                         net (fo=1064, routed)        0.826     1.953    CLK100MHZ_IBUF_BUFG
    SLICE_X8Y30          FDRE                                         r  frame_grid_pos_y_bg_sync0_reg[11]/C
                         clock pessimism             -0.244     1.709    
    SLICE_X8Y30          FDRE (Hold_fdre_C_D)         0.052     1.761    frame_grid_pos_y_bg_sync0_reg[11]
  -------------------------------------------------------------------
                         required time                         -1.761    
                         arrival time                           2.766    
  -------------------------------------------------------------------
                         slack                                  1.005    

Slack (MET) :             1.012ns  (arrival time - required time)
  Source:                 frame_grid_pos_x_pix_reg[11]/C
                            (rising edge-triggered cell FDRE clocked by clk_pixel  {rise@0.000ns fall@20.000ns period=40.000ns})
  Destination:            frame_grid_pos_x_bg_sync0_reg[11]/D
                            (rising edge-triggered cell FDRE clocked by sys_clk_pin  {rise@0.000ns fall@5.000ns period=10.000ns})
  Path Group:             sys_clk_pin
  Path Type:              Hold (Min at Fast Process Corner)
  Requirement:            0.000ns  (sys_clk_pin rise@0.000ns - clk_pixel rise@0.000ns)
  Data Path Delay:        0.389ns  (logic 0.164ns (42.176%)  route 0.225ns (57.824%))
  Logic Levels:           0  
  Clock Path Skew:        -0.693ns (DCD - SCD - CPR)
    Destination Clock Delay (DCD):    1.948ns
    Source Clock Delay      (SCD):    2.397ns
    Clock Pessimism Removal (CPR):    0.244ns

    Location             Delay type                Incr(ns)  Path(ns)    Netlist Resource(s)
  -------------------------------------------------------------------    -------------------
                         (clock clk_pixel rise edge)
                                                      0.000     0.000 r  
    W5                                                0.000     0.000 r  CLK100MHZ (IN)
                         net (fo=0)                   0.000     0.000    CLK100MHZ
    W5                   IBUF (Prop_ibuf_I_O)         0.226     0.226 r  CLK100MHZ_IBUF_inst/O
                         net (fo=1, routed)           0.631     0.858    CLK100MHZ_IBUF
    BUFGCTRL_X0Y0        BUFG (Prop_bufg_I_O)         0.026     0.884 r  CLK100MHZ_IBUF_BUFG_inst/O
                         net (fo=1064, routed)        0.563     1.446    clkdiv_pixel_inst/CLK100MHZ_IBUF_BUFG
    SLICE_X36Y46         FDRE (Prop_fdre_C_Q)         0.141     1.587 r  clkdiv_pixel_inst/clk_out_reg/Q
                         net (fo=2, routed)           0.229     1.816    clk_pixel
    BUFGCTRL_X0Y1        BUFG (Prop_bufg_I_O)         0.026     1.842 r  clk_pixel_BUFG_inst/O
                         net (fo=300, routed)         0.556     2.397    clk_pixel_BUFG
    SLICE_X10Y22         FDRE                                         r  frame_grid_pos_x_pix_reg[11]/C
  -------------------------------------------------------------------    -------------------
    SLICE_X10Y22         FDRE (Prop_fdre_C_Q)         0.164     2.561 r  frame_grid_pos_x_pix_reg[11]/Q
                         net (fo=1, routed)           0.225     2.786    frame_grid_pos_x_pix[11]
    SLICE_X11Y23         FDRE                                         r  frame_grid_pos_x_bg_sync0_reg[11]/D
  -------------------------------------------------------------------    -------------------

                         (clock sys_clk_pin rise edge)
                                                      0.000     0.000 r  
    W5                                                0.000     0.000 r  CLK100MHZ (IN)
                         net (fo=0)                   0.000     0.000    CLK100MHZ
    W5                   IBUF (Prop_ibuf_I_O)         0.414     0.414 r  CLK100MHZ_IBUF_inst/O
                         net (fo=1, routed)           0.685     1.099    CLK100MHZ_IBUF
    BUFGCTRL_X0Y0        BUFG (Prop_bufg_I_O)         0.029     1.128 r  CLK100MHZ_IBUF_BUFG_inst/O
                         net (fo=1064, routed)        0.821     1.948    CLK100MHZ_IBUF_BUFG
    SLICE_X11Y23         FDRE                                         r  frame_grid_pos_x_bg_sync0_reg[11]/C
                         clock pessimism             -0.244     1.704    
    SLICE_X11Y23         FDRE (Hold_fdre_C_D)         0.070     1.774    frame_grid_pos_x_bg_sync0_reg[11]
  -------------------------------------------------------------------
                         required time                         -1.774    
                         arrival time                           2.786    
  -------------------------------------------------------------------
                         slack                                  1.012    

Slack (MET) :             1.020ns  (arrival time - required time)
  Source:                 frame_grid_pos_x_pix_reg[3]/C
                            (rising edge-triggered cell FDRE clocked by clk_pixel  {rise@0.000ns fall@20.000ns period=40.000ns})
  Destination:            frame_grid_pos_x_bg_sync0_reg[3]/D
                            (rising edge-triggered cell FDRE clocked by sys_clk_pin  {rise@0.000ns fall@5.000ns period=10.000ns})
  Path Group:             sys_clk_pin
  Path Type:              Hold (Min at Fast Process Corner)
  Requirement:            0.000ns  (sys_clk_pin rise@0.000ns - clk_pixel rise@0.000ns)
  Data Path Delay:        0.380ns  (logic 0.141ns (37.085%)  route 0.239ns (62.915%))
  Logic Levels:           0  
  Clock Path Skew:        -0.716ns (DCD - SCD - CPR)
    Destination Clock Delay (DCD):    1.953ns
    Source Clock Delay      (SCD):    2.425ns
    Clock Pessimism Removal (CPR):    0.244ns

    Location             Delay type                Incr(ns)  Path(ns)    Netlist Resource(s)
  -------------------------------------------------------------------    -------------------
                         (clock clk_pixel rise edge)
                                                      0.000     0.000 r  
    W5                                                0.000     0.000 r  CLK100MHZ (IN)
                         net (fo=0)                   0.000     0.000    CLK100MHZ
    W5                   IBUF (Prop_ibuf_I_O)         0.226     0.226 r  CLK100MHZ_IBUF_inst/O
                         net (fo=1, routed)           0.631     0.858    CLK100MHZ_IBUF
    BUFGCTRL_X0Y0        BUFG (Prop_bufg_I_O)         0.026     0.884 r  CLK100MHZ_IBUF_BUFG_inst/O
                         net (fo=1064, routed)        0.563     1.446    clkdiv_pixel_inst/CLK100MHZ_IBUF_BUFG
    SLICE_X36Y46         FDRE (Prop_fdre_C_Q)         0.141     1.587 r  clkdiv_pixel_inst/clk_out_reg/Q
                         net (fo=2, routed)           0.229     1.816    clk_pixel
    BUFGCTRL_X0Y1        BUFG (Prop_bufg_I_O)         0.026     1.842 r  clk_pixel_BUFG_inst/O
                         net (fo=300, routed)         0.584     2.425    clk_pixel_BUFG
    SLICE_X7Y20          FDRE                                         r  frame_grid_pos_x_pix_reg[3]/C
  -------------------------------------------------------------------    -------------------
    SLICE_X7Y20          FDRE (Prop_fdre_C_Q)         0.141     2.566 r  frame_grid_pos_x_pix_reg[3]/Q
                         net (fo=1, routed)           0.239     2.805    frame_grid_pos_x_pix[3]
    SLICE_X8Y19          FDRE                                         r  frame_grid_pos_x_bg_sync0_reg[3]/D
  -------------------------------------------------------------------    -------------------

                         (clock sys_clk_pin rise edge)
                                                      0.000     0.000 r  
    W5                                                0.000     0.000 r  CLK100MHZ (IN)
                         net (fo=0)                   0.000     0.000    CLK100MHZ
    W5                   IBUF (Prop_ibuf_I_O)         0.414     0.414 r  CLK100MHZ_IBUF_inst/O
                         net (fo=1, routed)           0.685     1.099    CLK100MHZ_IBUF
    BUFGCTRL_X0Y0        BUFG (Prop_bufg_I_O)         0.029     1.128 r  CLK100MHZ_IBUF_BUFG_inst/O
                         net (fo=1064, routed)        0.826     1.953    CLK100MHZ_IBUF_BUFG
    SLICE_X8Y19          FDRE                                         r  frame_grid_pos_x_bg_sync0_reg[3]/C
                         clock pessimism             -0.244     1.709    
    SLICE_X8Y19          FDRE (Hold_fdre_C_D)         0.076     1.785    frame_grid_pos_x_bg_sync0_reg[3]
  -------------------------------------------------------------------
                         required time                         -1.785    
                         arrival time                           2.805    
  -------------------------------------------------------------------
                         slack                                  1.020    

Slack (MET) :             1.037ns  (arrival time - required time)
  Source:                 frame_grid_pos_x_pix_reg[9]/C
                            (rising edge-triggered cell FDRE clocked by clk_pixel  {rise@0.000ns fall@20.000ns period=40.000ns})
  Destination:            frame_grid_pos_x_bg_sync0_reg[9]/D
                            (rising edge-triggered cell FDRE clocked by sys_clk_pin  {rise@0.000ns fall@5.000ns period=10.000ns})
  Path Group:             sys_clk_pin
  Path Type:              Hold (Min at Fast Process Corner)
  Requirement:            0.000ns  (sys_clk_pin rise@0.000ns - clk_pixel rise@0.000ns)
  Data Path Delay:        0.395ns  (logic 0.141ns (35.659%)  route 0.254ns (64.341%))
  Logic Levels:           0  
  Clock Path Skew:        -0.717ns (DCD - SCD - CPR)
    Destination Clock Delay (DCD):    1.952ns
    Source Clock Delay      (SCD):    2.425ns
    Clock Pessimism Removal (CPR):    0.244ns

    Location             Delay type                Incr(ns)  Path(ns)    Netlist Resource(s)
  -------------------------------------------------------------------    -------------------
                         (clock clk_pixel rise edge)
                                                      0.000     0.000 r  
    W5                                                0.000     0.000 r  CLK100MHZ (IN)
                         net (fo=0)                   0.000     0.000    CLK100MHZ
    W5                   IBUF (Prop_ibuf_I_O)         0.226     0.226 r  CLK100MHZ_IBUF_inst/O
                         net (fo=1, routed)           0.631     0.858    CLK100MHZ_IBUF
    BUFGCTRL_X0Y0        BUFG (Prop_bufg_I_O)         0.026     0.884 r  CLK100MHZ_IBUF_BUFG_inst/O
                         net (fo=1064, routed)        0.563     1.446    clkdiv_pixel_inst/CLK100MHZ_IBUF_BUFG
    SLICE_X36Y46         FDRE (Prop_fdre_C_Q)         0.141     1.587 r  clkdiv_pixel_inst/clk_out_reg/Q
                         net (fo=2, routed)           0.229     1.816    clk_pixel
    BUFGCTRL_X0Y1        BUFG (Prop_bufg_I_O)         0.026     1.842 r  clk_pixel_BUFG_inst/O
                         net (fo=300, routed)         0.584     2.425    clk_pixel_BUFG
    SLICE_X7Y20          FDRE                                         r  frame_grid_pos_x_pix_reg[9]/C
  -------------------------------------------------------------------    -------------------
    SLICE_X7Y20          FDRE (Prop_fdre_C_Q)         0.141     2.566 r  frame_grid_pos_x_pix_reg[9]/Q
                         net (fo=1, routed)           0.254     2.821    frame_grid_pos_x_pix[9]
    SLICE_X10Y20         FDRE                                         r  frame_grid_pos_x_bg_sync0_reg[9]/D
  -------------------------------------------------------------------    -------------------

                         (clock sys_clk_pin rise edge)
                                                      0.000     0.000 r  
    W5                                                0.000     0.000 r  CLK100MHZ (IN)
                         net (fo=0)                   0.000     0.000    CLK100MHZ
    W5                   IBUF (Prop_ibuf_I_O)         0.414     0.414 r  CLK100MHZ_IBUF_inst/O
                         net (fo=1, routed)           0.685     1.099    CLK100MHZ_IBUF
    BUFGCTRL_X0Y0        BUFG (Prop_bufg_I_O)         0.029     1.128 r  CLK100MHZ_IBUF_BUFG_inst/O
                         net (fo=1064, routed)        0.825     1.952    CLK100MHZ_IBUF_BUFG
    SLICE_X10Y20         FDRE                                         r  frame_grid_pos_x_bg_sync0_reg[9]/C
                         clock pessimism             -0.244     1.708    
    SLICE_X10Y20         FDRE (Hold_fdre_C_D)         0.076     1.784    frame_grid_pos_x_bg_sync0_reg[9]
  -------------------------------------------------------------------
                         required time                         -1.784    
                         arrival time                           2.821    
  -------------------------------------------------------------------
                         slack                                  1.037    

Slack (MET) :             1.048ns  (arrival time - required time)
  Source:                 render_bank_sel_pix_reg/C
                            (rising edge-triggered cell FDRE clocked by clk_pixel  {rise@0.000ns fall@20.000ns period=40.000ns})
  Destination:            render_bank_sel_bg_sync0_reg/D
                            (rising edge-triggered cell FDRE clocked by sys_clk_pin  {rise@0.000ns fall@5.000ns period=10.000ns})
  Path Group:             sys_clk_pin
  Path Type:              Hold (Min at Fast Process Corner)
  Requirement:            0.000ns  (sys_clk_pin rise@0.000ns - clk_pixel rise@0.000ns)
  Data Path Delay:        0.410ns  (logic 0.164ns (39.952%)  route 0.246ns (60.048%))
  Logic Levels:           0  
  Clock Path Skew:        -0.689ns (DCD - SCD - CPR)
    Destination Clock Delay (DCD):    1.958ns
    Source Clock Delay      (SCD):    2.403ns
    Clock Pessimism Removal (CPR):    0.244ns

    Location             Delay type                Incr(ns)  Path(ns)    Netlist Resource(s)
  -------------------------------------------------------------------    -------------------
                         (clock clk_pixel rise edge)
                                                      0.000     0.000 r  
    W5                                                0.000     0.000 r  CLK100MHZ (IN)
                         net (fo=0)                   0.000     0.000    CLK100MHZ
    W5                   IBUF (Prop_ibuf_I_O)         0.226     0.226 r  CLK100MHZ_IBUF_inst/O
                         net (fo=1, routed)           0.631     0.858    CLK100MHZ_IBUF
    BUFGCTRL_X0Y0        BUFG (Prop_bufg_I_O)         0.026     0.884 r  CLK100MHZ_IBUF_BUFG_inst/O
                         net (fo=1064, routed)        0.563     1.446    clkdiv_pixel_inst/CLK100MHZ_IBUF_BUFG
    SLICE_X36Y46         FDRE (Prop_fdre_C_Q)         0.141     1.587 r  clkdiv_pixel_inst/clk_out_reg/Q
                         net (fo=2, routed)           0.229     1.816    clk_pixel
    BUFGCTRL_X0Y1        BUFG (Prop_bufg_I_O)         0.026     1.842 r  clk_pixel_BUFG_inst/O
                         net (fo=300, routed)         0.562     2.403    clk_pixel_BUFG
    SLICE_X10Y15         FDRE                                         r  render_bank_sel_pix_reg/C
  -------------------------------------------------------------------    -------------------
    SLICE_X10Y15         FDRE (Prop_fdre_C_Q)         0.164     2.567 r  render_bank_sel_pix_reg/Q
                         net (fo=20, routed)          0.246     2.814    render_bank_sel_pix
    SLICE_X12Y13         FDRE                                         r  render_bank_sel_bg_sync0_reg/D
  -------------------------------------------------------------------    -------------------

                         (clock sys_clk_pin rise edge)
                                                      0.000     0.000 r  
    W5                                                0.000     0.000 r  CLK100MHZ (IN)
                         net (fo=0)                   0.000     0.000    CLK100MHZ
    W5                   IBUF (Prop_ibuf_I_O)         0.414     0.414 r  CLK100MHZ_IBUF_inst/O
                         net (fo=1, routed)           0.685     1.099    CLK100MHZ_IBUF
    BUFGCTRL_X0Y0        BUFG (Prop_bufg_I_O)         0.029     1.128 r  CLK100MHZ_IBUF_BUFG_inst/O
                         net (fo=1064, routed)        0.831     1.958    CLK100MHZ_IBUF_BUFG
    SLICE_X12Y13         FDRE                                         r  render_bank_sel_bg_sync0_reg/C
                         clock pessimism             -0.244     1.714    
    SLICE_X12Y13         FDRE (Hold_fdre_C_D)         0.052     1.766    render_bank_sel_bg_sync0_reg
  -------------------------------------------------------------------
                         required time                         -1.766    
                         arrival time                           2.814    
  -------------------------------------------------------------------
                         slack                                  1.048    

Slack (MET) :             1.050ns  (arrival time - required time)
  Source:                 frame_grid_pos_x_pix_reg[1]/C
                            (rising edge-triggered cell FDRE clocked by clk_pixel  {rise@0.000ns fall@20.000ns period=40.000ns})
  Destination:            frame_grid_pos_x_bg_sync0_reg[1]/D
                            (rising edge-triggered cell FDRE clocked by sys_clk_pin  {rise@0.000ns fall@5.000ns period=10.000ns})
  Path Group:             sys_clk_pin
  Path Type:              Hold (Min at Fast Process Corner)
  Requirement:            0.000ns  (sys_clk_pin rise@0.000ns - clk_pixel rise@0.000ns)
  Data Path Delay:        0.409ns  (logic 0.164ns (40.138%)  route 0.245ns (59.862%))
  Logic Levels:           0  
  Clock Path Skew:        -0.716ns (DCD - SCD - CPR)
    Destination Clock Delay (DCD):    1.953ns
    Source Clock Delay      (SCD):    2.425ns
    Clock Pessimism Removal (CPR):    0.244ns

    Location             Delay type                Incr(ns)  Path(ns)    Netlist Resource(s)
  -------------------------------------------------------------------    -------------------
                         (clock clk_pixel rise edge)
                                                      0.000     0.000 r  
    W5                                                0.000     0.000 r  CLK100MHZ (IN)
                         net (fo=0)                   0.000     0.000    CLK100MHZ
    W5                   IBUF (Prop_ibuf_I_O)         0.226     0.226 r  CLK100MHZ_IBUF_inst/O
                         net (fo=1, routed)           0.631     0.858    CLK100MHZ_IBUF
    BUFGCTRL_X0Y0        BUFG (Prop_bufg_I_O)         0.026     0.884 r  CLK100MHZ_IBUF_BUFG_inst/O
                         net (fo=1064, routed)        0.563     1.446    clkdiv_pixel_inst/CLK100MHZ_IBUF_BUFG
    SLICE_X36Y46         FDRE (Prop_fdre_C_Q)         0.141     1.587 r  clkdiv_pixel_inst/clk_out_reg/Q
                         net (fo=2, routed)           0.229     1.816    clk_pixel
    BUFGCTRL_X0Y1        BUFG (Prop_bufg_I_O)         0.026     1.842 r  clk_pixel_BUFG_inst/O
                         net (fo=300, routed)         0.584     2.425    clk_pixel_BUFG
    SLICE_X6Y20          FDRE                                         r  frame_grid_pos_x_pix_reg[1]/C
  -------------------------------------------------------------------    -------------------
    SLICE_X6Y20          FDRE (Prop_fdre_C_Q)         0.164     2.589 r  frame_grid_pos_x_pix_reg[1]/Q
                         net (fo=1, routed)           0.245     2.834    frame_grid_pos_x_pix[1]
    SLICE_X8Y19          FDRE                                         r  frame_grid_pos_x_bg_sync0_reg[1]/D
  -------------------------------------------------------------------    -------------------

                         (clock sys_clk_pin rise edge)
                                                      0.000     0.000 r  
    W5                                                0.000     0.000 r  CLK100MHZ (IN)
                         net (fo=0)                   0.000     0.000    CLK100MHZ
    W5                   IBUF (Prop_ibuf_I_O)         0.414     0.414 r  CLK100MHZ_IBUF_inst/O
                         net (fo=1, routed)           0.685     1.099    CLK100MHZ_IBUF
    BUFGCTRL_X0Y0        BUFG (Prop_bufg_I_O)         0.029     1.128 r  CLK100MHZ_IBUF_BUFG_inst/O
                         net (fo=1064, routed)        0.826     1.953    CLK100MHZ_IBUF_BUFG
    SLICE_X8Y19          FDRE                                         r  frame_grid_pos_x_bg_sync0_reg[1]/C
                         clock pessimism             -0.244     1.709    
    SLICE_X8Y19          FDRE (Hold_fdre_C_D)         0.075     1.784    frame_grid_pos_x_bg_sync0_reg[1]
  -------------------------------------------------------------------
                         required time                         -1.784    
                         arrival time                           2.834    
  -------------------------------------------------------------------
                         slack                                  1.050    

Slack (MET) :             1.054ns  (arrival time - required time)
  Source:                 frame_grid_pos_y_pix_reg[4]/C
                            (rising edge-triggered cell FDRE clocked by clk_pixel  {rise@0.000ns fall@20.000ns period=40.000ns})
  Destination:            frame_grid_pos_y_bg_sync0_reg[4]/D
                            (rising edge-triggered cell FDRE clocked by sys_clk_pin  {rise@0.000ns fall@5.000ns period=10.000ns})
  Path Group:             sys_clk_pin
  Path Type:              Hold (Min at Fast Process Corner)
  Requirement:            0.000ns  (sys_clk_pin rise@0.000ns - clk_pixel rise@0.000ns)
  Data Path Delay:        0.422ns  (logic 0.141ns (33.382%)  route 0.281ns (66.618%))
  Logic Levels:           0  
  Clock Path Skew:        -0.693ns (DCD - SCD - CPR)
    Destination Clock Delay (DCD):    1.948ns
    Source Clock Delay      (SCD):    2.397ns
    Clock Pessimism Removal (CPR):    0.244ns

    Location             Delay type                Incr(ns)  Path(ns)    Netlist Resource(s)
  -------------------------------------------------------------------    -------------------
                         (clock clk_pixel rise edge)
                                                      0.000     0.000 r  
    W5                                                0.000     0.000 r  CLK100MHZ (IN)
                         net (fo=0)                   0.000     0.000    CLK100MHZ
    W5                   IBUF (Prop_ibuf_I_O)         0.226     0.226 r  CLK100MHZ_IBUF_inst/O
                         net (fo=1, routed)           0.631     0.858    CLK100MHZ_IBUF
    BUFGCTRL_X0Y0        BUFG (Prop_bufg_I_O)         0.026     0.884 r  CLK100MHZ_IBUF_BUFG_inst/O
                         net (fo=1064, routed)        0.563     1.446    clkdiv_pixel_inst/CLK100MHZ_IBUF_BUFG
    SLICE_X36Y46         FDRE (Prop_fdre_C_Q)         0.141     1.587 r  clkdiv_pixel_inst/clk_out_reg/Q
                         net (fo=2, routed)           0.229     1.816    clk_pixel
    BUFGCTRL_X0Y1        BUFG (Prop_bufg_I_O)         0.026     1.842 r  clk_pixel_BUFG_inst/O
                         net (fo=300, routed)         0.556     2.397    clk_pixel_BUFG
    SLICE_X9Y27          FDRE                                         r  frame_grid_pos_y_pix_reg[4]/C
  -------------------------------------------------------------------    -------------------
    SLICE_X9Y27          FDRE (Prop_fdre_C_Q)         0.141     2.538 r  frame_grid_pos_y_pix_reg[4]/Q
                         net (fo=1, routed)           0.281     2.820    frame_grid_pos_y_pix[4]
    SLICE_X9Y26          FDRE                                         r  frame_grid_pos_y_bg_sync0_reg[4]/D
  -------------------------------------------------------------------    -------------------

                         (clock sys_clk_pin rise edge)
                                                      0.000     0.000 r  
    W5                                                0.000     0.000 r  CLK100MHZ (IN)
                         net (fo=0)                   0.000     0.000    CLK100MHZ
    W5                   IBUF (Prop_ibuf_I_O)         0.414     0.414 r  CLK100MHZ_IBUF_inst/O
                         net (fo=1, routed)           0.685     1.099    CLK100MHZ_IBUF
    BUFGCTRL_X0Y0        BUFG (Prop_bufg_I_O)         0.029     1.128 r  CLK100MHZ_IBUF_BUFG_inst/O
                         net (fo=1064, routed)        0.821     1.948    CLK100MHZ_IBUF_BUFG
    SLICE_X9Y26          FDRE                                         r  frame_grid_pos_y_bg_sync0_reg[4]/C
                         clock pessimism             -0.244     1.704    
    SLICE_X9Y26          FDRE (Hold_fdre_C_D)         0.061     1.765    frame_grid_pos_y_bg_sync0_reg[4]
  -------------------------------------------------------------------
                         required time                         -1.765    
                         arrival time                           2.820    
  -------------------------------------------------------------------
                         slack                                  1.054    

Slack (MET) :             1.069ns  (arrival time - required time)
  Source:                 frame_grid_pos_y_pix_reg[3]/C
                            (rising edge-triggered cell FDRE clocked by clk_pixel  {rise@0.000ns fall@20.000ns period=40.000ns})
  Destination:            frame_grid_pos_y_bg_sync0_reg[3]/D
                            (rising edge-triggered cell FDRE clocked by sys_clk_pin  {rise@0.000ns fall@5.000ns period=10.000ns})
  Path Group:             sys_clk_pin
  Path Type:              Hold (Min at Fast Process Corner)
  Requirement:            0.000ns  (sys_clk_pin rise@0.000ns - clk_pixel rise@0.000ns)
  Data Path Delay:        0.438ns  (logic 0.164ns (37.428%)  route 0.274ns (62.572%))
  Logic Levels:           0  
  Clock Path Skew:        -0.690ns (DCD - SCD - CPR)
    Destination Clock Delay (DCD):    1.951ns
    Source Clock Delay      (SCD):    2.397ns
    Clock Pessimism Removal (CPR):    0.244ns

    Location             Delay type                Incr(ns)  Path(ns)    Netlist Resource(s)
  -------------------------------------------------------------------    -------------------
                         (clock clk_pixel rise edge)
                                                      0.000     0.000 r  
    W5                                                0.000     0.000 r  CLK100MHZ (IN)
                         net (fo=0)                   0.000     0.000    CLK100MHZ
    W5                   IBUF (Prop_ibuf_I_O)         0.226     0.226 r  CLK100MHZ_IBUF_inst/O
                         net (fo=1, routed)           0.631     0.858    CLK100MHZ_IBUF
    BUFGCTRL_X0Y0        BUFG (Prop_bufg_I_O)         0.026     0.884 r  CLK100MHZ_IBUF_BUFG_inst/O
                         net (fo=1064, routed)        0.563     1.446    clkdiv_pixel_inst/CLK100MHZ_IBUF_BUFG
    SLICE_X36Y46         FDRE (Prop_fdre_C_Q)         0.141     1.587 r  clkdiv_pixel_inst/clk_out_reg/Q
                         net (fo=2, routed)           0.229     1.816    clk_pixel
    BUFGCTRL_X0Y1        BUFG (Prop_bufg_I_O)         0.026     1.842 r  clk_pixel_BUFG_inst/O
                         net (fo=300, routed)         0.556     2.397    clk_pixel_BUFG
    SLICE_X12Y22         FDRE                                         r  frame_grid_pos_y_pix_reg[3]/C
  -------------------------------------------------------------------    -------------------
    SLICE_X12Y22         FDRE (Prop_fdre_C_Q)         0.164     2.561 r  frame_grid_pos_y_pix_reg[3]/Q
                         net (fo=1, routed)           0.274     2.835    frame_grid_pos_y_pix[3]
    SLICE_X13Y21         FDRE                                         r  frame_grid_pos_y_bg_sync0_reg[3]/D
  -------------------------------------------------------------------    -------------------

                         (clock sys_clk_pin rise edge)
                                                      0.000     0.000 r  
    W5                                                0.000     0.000 r  CLK100MHZ (IN)
                         net (fo=0)                   0.000     0.000    CLK100MHZ
    W5                   IBUF (Prop_ibuf_I_O)         0.414     0.414 r  CLK100MHZ_IBUF_inst/O
                         net (fo=1, routed)           0.685     1.099    CLK100MHZ_IBUF
    BUFGCTRL_X0Y0        BUFG (Prop_bufg_I_O)         0.029     1.128 r  CLK100MHZ_IBUF_BUFG_inst/O
                         net (fo=1064, routed)        0.824     1.951    CLK100MHZ_IBUF_BUFG
    SLICE_X13Y21         FDRE                                         r  frame_grid_pos_y_bg_sync0_reg[3]/C
                         clock pessimism             -0.244     1.707    
    SLICE_X13Y21         FDRE (Hold_fdre_C_D)         0.059     1.766    frame_grid_pos_y_bg_sync0_reg[3]
  -------------------------------------------------------------------
                         required time                         -1.766    
                         arrival time                           2.835    
  -------------------------------------------------------------------
                         slack                                  1.069    

Slack (MET) :             1.072ns  (arrival time - required time)
  Source:                 frame_grid_pos_y_pix_reg[2]/C
                            (rising edge-triggered cell FDRE clocked by clk_pixel  {rise@0.000ns fall@20.000ns period=40.000ns})
  Destination:            frame_grid_pos_y_bg_sync0_reg[2]/D
                            (rising edge-triggered cell FDRE clocked by sys_clk_pin  {rise@0.000ns fall@5.000ns period=10.000ns})
  Path Group:             sys_clk_pin
  Path Type:              Hold (Min at Fast Process Corner)
  Requirement:            0.000ns  (sys_clk_pin rise@0.000ns - clk_pixel rise@0.000ns)
  Data Path Delay:        0.441ns  (logic 0.164ns (37.174%)  route 0.277ns (62.826%))
  Logic Levels:           0  
  Clock Path Skew:        -0.690ns (DCD - SCD - CPR)
    Destination Clock Delay (DCD):    1.951ns
    Source Clock Delay      (SCD):    2.397ns
    Clock Pessimism Removal (CPR):    0.244ns

    Location             Delay type                Incr(ns)  Path(ns)    Netlist Resource(s)
  -------------------------------------------------------------------    -------------------
                         (clock clk_pixel rise edge)
                                                      0.000     0.000 r  
    W5                                                0.000     0.000 r  CLK100MHZ (IN)
                         net (fo=0)                   0.000     0.000    CLK100MHZ
    W5                   IBUF (Prop_ibuf_I_O)         0.226     0.226 r  CLK100MHZ_IBUF_inst/O
                         net (fo=1, routed)           0.631     0.858    CLK100MHZ_IBUF
    BUFGCTRL_X0Y0        BUFG (Prop_bufg_I_O)         0.026     0.884 r  CLK100MHZ_IBUF_BUFG_inst/O
                         net (fo=1064, routed)        0.563     1.446    clkdiv_pixel_inst/CLK100MHZ_IBUF_BUFG
    SLICE_X36Y46         FDRE (Prop_fdre_C_Q)         0.141     1.587 r  clkdiv_pixel_inst/clk_out_reg/Q
                         net (fo=2, routed)           0.229     1.816    clk_pixel
    BUFGCTRL_X0Y1        BUFG (Prop_bufg_I_O)         0.026     1.842 r  clk_pixel_BUFG_inst/O
                         net (fo=300, routed)         0.556     2.397    clk_pixel_BUFG
    SLICE_X12Y22         FDRE                                         r  frame_grid_pos_y_pix_reg[2]/C
  -------------------------------------------------------------------    -------------------
    SLICE_X12Y22         FDRE (Prop_fdre_C_Q)         0.164     2.561 r  frame_grid_pos_y_pix_reg[2]/Q
                         net (fo=1, routed)           0.277     2.838    frame_grid_pos_y_pix[2]
    SLICE_X13Y21         FDRE                                         r  frame_grid_pos_y_bg_sync0_reg[2]/D
  -------------------------------------------------------------------    -------------------

                         (clock sys_clk_pin rise edge)
                                                      0.000     0.000 r  
    W5                                                0.000     0.000 r  CLK100MHZ (IN)
                         net (fo=0)                   0.000     0.000    CLK100MHZ
    W5                   IBUF (Prop_ibuf_I_O)         0.414     0.414 r  CLK100MHZ_IBUF_inst/O
                         net (fo=1, routed)           0.685     1.099    CLK100MHZ_IBUF
    BUFGCTRL_X0Y0        BUFG (Prop_bufg_I_O)         0.029     1.128 r  CLK100MHZ_IBUF_BUFG_inst/O
                         net (fo=1064, routed)        0.824     1.951    CLK100MHZ_IBUF_BUFG
    SLICE_X13Y21         FDRE                                         r  frame_grid_pos_y_bg_sync0_reg[2]/C
                         clock pessimism             -0.244     1.707    
    SLICE_X13Y21         FDRE (Hold_fdre_C_D)         0.059     1.766    frame_grid_pos_y_bg_sync0_reg[2]
  -------------------------------------------------------------------
                         required time                         -1.766    
                         arrival time                           2.838    
  -------------------------------------------------------------------
                         slack                                  1.072    





---------------------------------------------------------------------------------------------------
From Clock:  sys_clk_pin
  To Clock:  clk_pixel

Setup :            0  Failing Endpoints,  Worst Slack        7.421ns,  Total Violation        0.000ns
Hold  :            0  Failing Endpoints,  Worst Slack        0.225ns,  Total Violation        0.000ns
---------------------------------------------------------------------------------------------------


Max Delay Paths
--------------------------------------------------------------------------------------
Slack (MET) :             7.421ns  (required time - arrival time)
  Source:                 mouse_ctrl_inst/ypos_reg[10]/C
                            (rising edge-triggered cell FDRE clocked by sys_clk_pin  {rise@0.000ns fall@5.000ns period=10.000ns})
  Destination:            mouse_ypos_pix_sync0_reg[10]/D
                            (rising edge-triggered cell FDRE clocked by clk_pixel  {rise@0.000ns fall@20.000ns period=40.000ns})
  Path Group:             clk_pixel
  Path Type:              Setup (Max at Slow Process Corner)
  Requirement:            10.000ns  (clk_pixel rise@40.000ns - sys_clk_pin rise@30.000ns)
  Data Path Delay:        4.803ns  (logic 0.456ns (9.493%)  route 4.347ns (90.507%))
  Logic Levels:           0  
  Clock Path Skew:        2.307ns (DCD - SCD + CPR)
    Destination Clock Delay (DCD):    7.210ns = ( 47.210 - 40.000 ) 
    Source Clock Delay      (SCD):    5.083ns = ( 35.083 - 30.000 ) 
    Clock Pessimism Removal (CPR):    0.180ns
  Clock Uncertainty:      0.035ns  ((TSJ^2 + TIJ^2)^1/2 + DJ) / 2 + PE
    Total System Jitter     (TSJ):    0.071ns
    Total Input Jitter      (TIJ):    0.000ns
    Discrete Jitter          (DJ):    0.000ns
    Phase Error              (PE):    0.000ns

    Location             Delay type                Incr(ns)  Path(ns)    Netlist Resource(s)
  -------------------------------------------------------------------    -------------------
                         (clock sys_clk_pin rise edge)
                                                     30.000    30.000 r  
    W5                                                0.000    30.000 r  CLK100MHZ (IN)
                         net (fo=0)                   0.000    30.000    CLK100MHZ
    W5                   IBUF (Prop_ibuf_I_O)         1.458    31.458 r  CLK100MHZ_IBUF_inst/O
                         net (fo=1, routed)           1.967    33.425    CLK100MHZ_IBUF
    BUFGCTRL_X0Y0        BUFG (Prop_bufg_I_O)         0.096    33.521 r  CLK100MHZ_IBUF_BUFG_inst/O
                         net (fo=1064, routed)        1.562    35.083    mouse_ctrl_inst/CLK100MHZ_IBUF_BUFG
    SLICE_X9Y34          FDRE                                         r  mouse_ctrl_inst/ypos_reg[10]/C
  -------------------------------------------------------------------    -------------------
    SLICE_X9Y34          FDRE (Prop_fdre_C_Q)         0.456    35.539 r  mouse_ctrl_inst/ypos_reg[10]/Q
                         net (fo=2, routed)           4.347    39.887    mouse_ypos[10]
    SLICE_X8Y31          FDRE                                         r  mouse_ypos_pix_sync0_reg[10]/D
  -------------------------------------------------------------------    -------------------

                         (clock clk_pixel rise edge)
                                                     40.000    40.000 r  
    W5                                                0.000    40.000 r  CLK100MHZ (IN)
                         net (fo=0)                   0.000    40.000    CLK100MHZ
    W5                   IBUF (Prop_ibuf_I_O)         1.388    41.388 r  CLK100MHZ_IBUF_inst/O
                         net (fo=1, routed)           1.862    43.250    CLK100MHZ_IBUF
    BUFGCTRL_X0Y0        BUFG (Prop_bufg_I_O)         0.091    43.341 r  CLK100MHZ_IBUF_BUFG_inst/O
                         net (fo=1064, routed)        1.445    44.786    clkdiv_pixel_inst/CLK100MHZ_IBUF_BUFG
    SLICE_X36Y46         FDRE (Prop_fdre_C_Q)         0.367    45.153 r  clkdiv_pixel_inst/clk_out_reg/Q
                         net (fo=2, routed)           0.526    45.679    clk_pixel
    BUFGCTRL_X0Y1        BUFG (Prop_bufg_I_O)         0.091    45.770 r  clk_pixel_BUFG_inst/O
                         net (fo=300, routed)         1.440    47.210    clk_pixel_BUFG
    SLICE_X8Y31          FDRE                                         r  mouse_ypos_pix_sync0_reg[10]/C
                         clock pessimism              0.180    47.390    
                         clock uncertainty           -0.035    47.355    
    SLICE_X8Y31          FDRE (Setup_fdre_C_D)       -0.047    47.308    mouse_ypos_pix_sync0_reg[10]
  -------------------------------------------------------------------
                         required time                         47.308    
                         arrival time                         -39.887    
  -------------------------------------------------------------------
                         slack                                  7.421    

Slack (MET) :             7.451ns  (required time - arrival time)
  Source:                 selected_comp_data_reg[39]/C
                            (rising edge-triggered cell FDRE clocked by sys_clk_pin  {rise@0.000ns fall@5.000ns period=10.000ns})
  Destination:            selected_comp_data_pix_sync0_reg[39]/D
                            (rising edge-triggered cell FDRE clocked by clk_pixel  {rise@0.000ns fall@20.000ns period=40.000ns})
  Path Group:             clk_pixel
  Path Type:              Setup (Max at Slow Process Corner)
  Requirement:            10.000ns  (clk_pixel rise@40.000ns - sys_clk_pin rise@30.000ns)
  Data Path Delay:        4.773ns  (logic 0.518ns (10.854%)  route 4.255ns (89.146%))
  Logic Levels:           0  
  Clock Path Skew:        2.304ns (DCD - SCD + CPR)
    Destination Clock Delay (DCD):    7.278ns = ( 47.278 - 40.000 ) 
    Source Clock Delay      (SCD):    5.154ns = ( 35.154 - 30.000 ) 
    Clock Pessimism Removal (CPR):    0.180ns
  Clock Uncertainty:      0.035ns  ((TSJ^2 + TIJ^2)^1/2 + DJ) / 2 + PE
    Total System Jitter     (TSJ):    0.071ns
    Total Input Jitter      (TIJ):    0.000ns
    Discrete Jitter          (DJ):    0.000ns
    Phase Error              (PE):    0.000ns

    Location             Delay type                Incr(ns)  Path(ns)    Netlist Resource(s)
  -------------------------------------------------------------------    -------------------
                         (clock sys_clk_pin rise edge)
                                                     30.000    30.000 r  
    W5                                                0.000    30.000 r  CLK100MHZ (IN)
                         net (fo=0)                   0.000    30.000    CLK100MHZ
    W5                   IBUF (Prop_ibuf_I_O)         1.458    31.458 r  CLK100MHZ_IBUF_inst/O
                         net (fo=1, routed)           1.967    33.425    CLK100MHZ_IBUF
    BUFGCTRL_X0Y0        BUFG (Prop_bufg_I_O)         0.096    33.521 r  CLK100MHZ_IBUF_BUFG_inst/O
                         net (fo=1064, routed)        1.633    35.154    CLK100MHZ_IBUF_BUFG
    SLICE_X2Y13          FDRE                                         r  selected_comp_data_reg[39]/C
  -------------------------------------------------------------------    -------------------
    SLICE_X2Y13          FDRE (Prop_fdre_C_Q)         0.518    35.672 r  selected_comp_data_reg[39]/Q
                         net (fo=2, routed)           4.255    39.927    selected_comp_data_reg_n_0_[39]
    SLICE_X2Y20          FDRE                                         r  selected_comp_data_pix_sync0_reg[39]/D
  -------------------------------------------------------------------    -------------------

                         (clock clk_pixel rise edge)
                                                     40.000    40.000 r  
    W5                                                0.000    40.000 r  CLK100MHZ (IN)
                         net (fo=0)                   0.000    40.000    CLK100MHZ
    W5                   IBUF (Prop_ibuf_I_O)         1.388    41.388 r  CLK100MHZ_IBUF_inst/O
                         net (fo=1, routed)           1.862    43.250    CLK100MHZ_IBUF
    BUFGCTRL_X0Y0        BUFG (Prop_bufg_I_O)         0.091    43.341 r  CLK100MHZ_IBUF_BUFG_inst/O
                         net (fo=1064, routed)        1.445    44.786    clkdiv_pixel_inst/CLK100MHZ_IBUF_BUFG
    SLICE_X36Y46         FDRE (Prop_fdre_C_Q)         0.367    45.153 r  clkdiv_pixel_inst/clk_out_reg/Q
                         net (fo=2, routed)           0.526    45.679    clk_pixel
    BUFGCTRL_X0Y1        BUFG (Prop_bufg_I_O)         0.091    45.770 r  clk_pixel_BUFG_inst/O
                         net (fo=300, routed)         1.508    47.278    clk_pixel_BUFG
    SLICE_X2Y20          FDRE                                         r  selected_comp_data_pix_sync0_reg[39]/C
                         clock pessimism              0.180    47.458    
                         clock uncertainty           -0.035    47.423    
    SLICE_X2Y20          FDRE (Setup_fdre_C_D)       -0.045    47.378    selected_comp_data_pix_sync0_reg[39]
  -------------------------------------------------------------------
                         required time                         47.378    
                         arrival time                         -39.927    
  -------------------------------------------------------------------
                         slack                                  7.451    

Slack (MET) :             7.515ns  (required time - arrival time)
  Source:                 mouse_ctrl_inst/xpos_reg[8]/C
                            (rising edge-triggered cell FDRE clocked by sys_clk_pin  {rise@0.000ns fall@5.000ns period=10.000ns})
  Destination:            mouse_xpos_pix_sync0_reg[8]/D
                            (rising edge-triggered cell FDRE clocked by clk_pixel  {rise@0.000ns fall@20.000ns period=40.000ns})
  Path Group:             clk_pixel
  Path Type:              Setup (Max at Slow Process Corner)
  Requirement:            10.000ns  (clk_pixel rise@40.000ns - sys_clk_pin rise@30.000ns)
  Data Path Delay:        4.662ns  (logic 0.456ns (9.781%)  route 4.206ns (90.219%))
  Logic Levels:           0  
  Clock Path Skew:        2.304ns (DCD - SCD + CPR)
    Destination Clock Delay (DCD):    7.205ns = ( 47.205 - 40.000 ) 
    Source Clock Delay      (SCD):    5.081ns = ( 35.081 - 30.000 ) 
    Clock Pessimism Removal (CPR):    0.180ns
  Clock Uncertainty:      0.035ns  ((TSJ^2 + TIJ^2)^1/2 + DJ) / 2 + PE
    Total System Jitter     (TSJ):    0.071ns
    Total Input Jitter      (TIJ):    0.000ns
    Discrete Jitter          (DJ):    0.000ns
    Phase Error              (PE):    0.000ns

    Location             Delay type                Incr(ns)  Path(ns)    Netlist Resource(s)
  -------------------------------------------------------------------    -------------------
                         (clock sys_clk_pin rise edge)
                                                     30.000    30.000 r  
    W5                                                0.000    30.000 r  CLK100MHZ (IN)
                         net (fo=0)                   0.000    30.000    CLK100MHZ
    W5                   IBUF (Prop_ibuf_I_O)         1.458    31.458 r  CLK100MHZ_IBUF_inst/O
                         net (fo=1, routed)           1.967    33.425    CLK100MHZ_IBUF
    BUFGCTRL_X0Y0        BUFG (Prop_bufg_I_O)         0.096    33.521 r  CLK100MHZ_IBUF_BUFG_inst/O
                         net (fo=1064, routed)        1.560    35.081    mouse_ctrl_inst/CLK100MHZ_IBUF_BUFG
    SLICE_X13Y32         FDRE                                         r  mouse_ctrl_inst/xpos_reg[8]/C
  -------------------------------------------------------------------    -------------------
    SLICE_X13Y32         FDRE (Prop_fdre_C_Q)         0.456    35.537 r  mouse_ctrl_inst/xpos_reg[8]/Q
                         net (fo=2, routed)           4.206    39.743    mouse_xpos[8]
    SLICE_X13Y23         FDRE                                         r  mouse_xpos_pix_sync0_reg[8]/D
  -------------------------------------------------------------------    -------------------

                         (clock clk_pixel rise edge)
                                                     40.000    40.000 r  
    W5                                                0.000    40.000 r  CLK100MHZ (IN)
                         net (fo=0)                   0.000    40.000    CLK100MHZ
    W5                   IBUF (Prop_ibuf_I_O)         1.388    41.388 r  CLK100MHZ_IBUF_inst/O
                         net (fo=1, routed)           1.862    43.250    CLK100MHZ_IBUF
    BUFGCTRL_X0Y0        BUFG (Prop_bufg_I_O)         0.091    43.341 r  CLK100MHZ_IBUF_BUFG_inst/O
                         net (fo=1064, routed)        1.445    44.786    clkdiv_pixel_inst/CLK100MHZ_IBUF_BUFG
    SLICE_X36Y46         FDRE (Prop_fdre_C_Q)         0.367    45.153 r  clkdiv_pixel_inst/clk_out_reg/Q
                         net (fo=2, routed)           0.526    45.679    clk_pixel
    BUFGCTRL_X0Y1        BUFG (Prop_bufg_I_O)         0.091    45.770 r  clk_pixel_BUFG_inst/O
                         net (fo=300, routed)         1.435    47.205    clk_pixel_BUFG
    SLICE_X13Y23         FDRE                                         r  mouse_xpos_pix_sync0_reg[8]/C
                         clock pessimism              0.180    47.385    
                         clock uncertainty           -0.035    47.350    
    SLICE_X13Y23         FDRE (Setup_fdre_C_D)       -0.092    47.258    mouse_xpos_pix_sync0_reg[8]
  -------------------------------------------------------------------
                         required time                         47.258    
                         arrival time                         -39.743    
  -------------------------------------------------------------------
                         slack                                  7.515    

Slack (MET) :             7.544ns  (required time - arrival time)
  Source:                 mouse_ctrl_inst/xpos_reg[2]/C
                            (rising edge-triggered cell FDRE clocked by sys_clk_pin  {rise@0.000ns fall@5.000ns period=10.000ns})
  Destination:            mouse_xpos_pix_sync0_reg[2]/D
                            (rising edge-triggered cell FDRE clocked by clk_pixel  {rise@0.000ns fall@20.000ns period=40.000ns})
  Path Group:             clk_pixel
  Path Type:              Setup (Max at Slow Process Corner)
  Requirement:            10.000ns  (clk_pixel rise@40.000ns - sys_clk_pin rise@30.000ns)
  Data Path Delay:        4.638ns  (logic 0.518ns (11.169%)  route 4.120ns (88.831%))
  Logic Levels:           0  
  Clock Path Skew:        2.312ns (DCD - SCD + CPR)
    Destination Clock Delay (DCD):    7.205ns = ( 47.205 - 40.000 ) 
    Source Clock Delay      (SCD):    5.073ns = ( 35.073 - 30.000 ) 
    Clock Pessimism Removal (CPR):    0.180ns
  Clock Uncertainty:      0.035ns  ((TSJ^2 + TIJ^2)^1/2 + DJ) / 2 + PE
    Total System Jitter     (TSJ):    0.071ns
    Total Input Jitter      (TIJ):    0.000ns
    Discrete Jitter          (DJ):    0.000ns
    Phase Error              (PE):    0.000ns

    Location             Delay type                Incr(ns)  Path(ns)    Netlist Resource(s)
  -------------------------------------------------------------------    -------------------
                         (clock sys_clk_pin rise edge)
                                                     30.000    30.000 r  
    W5                                                0.000    30.000 r  CLK100MHZ (IN)
                         net (fo=0)                   0.000    30.000    CLK100MHZ
    W5                   IBUF (Prop_ibuf_I_O)         1.458    31.458 r  CLK100MHZ_IBUF_inst/O
                         net (fo=1, routed)           1.967    33.425    CLK100MHZ_IBUF
    BUFGCTRL_X0Y0        BUFG (Prop_bufg_I_O)         0.096    33.521 r  CLK100MHZ_IBUF_BUFG_inst/O
                         net (fo=1064, routed)        1.552    35.073    mouse_ctrl_inst/CLK100MHZ_IBUF_BUFG
    SLICE_X14Y27         FDRE                                         r  mouse_ctrl_inst/xpos_reg[2]/C
  -------------------------------------------------------------------    -------------------
    SLICE_X14Y27         FDRE (Prop_fdre_C_Q)         0.518    35.591 r  mouse_ctrl_inst/xpos_reg[2]/Q
                         net (fo=2, routed)           4.120    39.711    mouse_xpos[2]
    SLICE_X13Y23         FDRE                                         r  mouse_xpos_pix_sync0_reg[2]/D
  -------------------------------------------------------------------    -------------------

                         (clock clk_pixel rise edge)
                                                     40.000    40.000 r  
    W5                                                0.000    40.000 r  CLK100MHZ (IN)
                         net (fo=0)                   0.000    40.000    CLK100MHZ
    W5                   IBUF (Prop_ibuf_I_O)         1.388    41.388 r  CLK100MHZ_IBUF_inst/O
                         net (fo=1, routed)           1.862    43.250    CLK100MHZ_IBUF
    BUFGCTRL_X0Y0        BUFG (Prop_bufg_I_O)         0.091    43.341 r  CLK100MHZ_IBUF_BUFG_inst/O
                         net (fo=1064, routed)        1.445    44.786    clkdiv_pixel_inst/CLK100MHZ_IBUF_BUFG
    SLICE_X36Y46         FDRE (Prop_fdre_C_Q)         0.367    45.153 r  clkdiv_pixel_inst/clk_out_reg/Q
                         net (fo=2, routed)           0.526    45.679    clk_pixel
    BUFGCTRL_X0Y1        BUFG (Prop_bufg_I_O)         0.091    45.770 r  clk_pixel_BUFG_inst/O
                         net (fo=300, routed)         1.435    47.205    clk_pixel_BUFG
    SLICE_X13Y23         FDRE                                         r  mouse_xpos_pix_sync0_reg[2]/C
                         clock pessimism              0.180    47.385    
                         clock uncertainty           -0.035    47.350    
    SLICE_X13Y23         FDRE (Setup_fdre_C_D)       -0.095    47.255    mouse_xpos_pix_sync0_reg[2]
  -------------------------------------------------------------------
                         required time                         47.255    
                         arrival time                         -39.711    
  -------------------------------------------------------------------
                         slack                                  7.544    

Slack (MET) :             7.574ns  (required time - arrival time)
  Source:                 mouse_ctrl_inst/left_reg/C
                            (rising edge-triggered cell FDRE clocked by sys_clk_pin  {rise@0.000ns fall@5.000ns period=10.000ns})
  Destination:            mouse_left_pix_sync0_reg/D
                            (rising edge-triggered cell FDRE clocked by clk_pixel  {rise@0.000ns fall@20.000ns period=40.000ns})
  Path Group:             clk_pixel
  Path Type:              Setup (Max at Slow Process Corner)
  Requirement:            10.000ns  (clk_pixel rise@40.000ns - sys_clk_pin rise@30.000ns)
  Data Path Delay:        4.604ns  (logic 0.456ns (9.905%)  route 4.148ns (90.095%))
  Logic Levels:           0  
  Clock Path Skew:        2.308ns (DCD - SCD + CPR)
    Destination Clock Delay (DCD):    7.207ns = ( 47.207 - 40.000 ) 
    Source Clock Delay      (SCD):    5.079ns = ( 35.079 - 30.000 ) 
    Clock Pessimism Removal (CPR):    0.180ns
  Clock Uncertainty:      0.035ns  ((TSJ^2 + TIJ^2)^1/2 + DJ) / 2 + PE
    Total System Jitter     (TSJ):    0.071ns
    Total Input Jitter      (TIJ):    0.000ns
    Discrete Jitter          (DJ):    0.000ns
    Phase Error              (PE):    0.000ns

    Location             Delay type                Incr(ns)  Path(ns)    Netlist Resource(s)
  -------------------------------------------------------------------    -------------------
                         (clock sys_clk_pin rise edge)
                                                     30.000    30.000 r  
    W5                                                0.000    30.000 r  CLK100MHZ (IN)
                         net (fo=0)                   0.000    30.000    CLK100MHZ
    W5                   IBUF (Prop_ibuf_I_O)         1.458    31.458 r  CLK100MHZ_IBUF_inst/O
                         net (fo=1, routed)           1.967    33.425    CLK100MHZ_IBUF
    BUFGCTRL_X0Y0        BUFG (Prop_bufg_I_O)         0.096    33.521 r  CLK100MHZ_IBUF_BUFG_inst/O
                         net (fo=1064, routed)        1.558    35.079    mouse_ctrl_inst/CLK100MHZ_IBUF_BUFG
    SLICE_X11Y31         FDRE                                         r  mouse_ctrl_inst/left_reg/C
  -------------------------------------------------------------------    -------------------
    SLICE_X11Y31         FDRE (Prop_fdre_C_Q)         0.456    35.535 r  mouse_ctrl_inst/left_reg/Q
                         net (fo=2, routed)           4.148    39.683    mouse_left
    SLICE_X11Y22         FDRE                                         r  mouse_left_pix_sync0_reg/D
  -------------------------------------------------------------------    -------------------

                         (clock clk_pixel rise edge)
                                                     40.000    40.000 r  
    W5                                                0.000    40.000 r  CLK100MHZ (IN)
                         net (fo=0)                   0.000    40.000    CLK100MHZ
    W5                   IBUF (Prop_ibuf_I_O)         1.388    41.388 r  CLK100MHZ_IBUF_inst/O
                         net (fo=1, routed)           1.862    43.250    CLK100MHZ_IBUF
    BUFGCTRL_X0Y0        BUFG (Prop_bufg_I_O)         0.091    43.341 r  CLK100MHZ_IBUF_BUFG_inst/O
                         net (fo=1064, routed)        1.445    44.786    clkdiv_pixel_inst/CLK100MHZ_IBUF_BUFG
    SLICE_X36Y46         FDRE (Prop_fdre_C_Q)         0.367    45.153 r  clkdiv_pixel_inst/clk_out_reg/Q
                         net (fo=2, routed)           0.526    45.679    clk_pixel
    BUFGCTRL_X0Y1        BUFG (Prop_bufg_I_O)         0.091    45.770 r  clk_pixel_BUFG_inst/O
                         net (fo=300, routed)         1.437    47.207    clk_pixel_BUFG
    SLICE_X11Y22         FDRE                                         r  mouse_left_pix_sync0_reg/C
                         clock pessimism              0.180    47.387    
                         clock uncertainty           -0.035    47.352    
    SLICE_X11Y22         FDRE (Setup_fdre_C_D)       -0.095    47.257    mouse_left_pix_sync0_reg
  -------------------------------------------------------------------
                         required time                         47.257    
                         arrival time                         -39.683    
  -------------------------------------------------------------------
                         slack                                  7.574    

Slack (MET) :             7.579ns  (required time - arrival time)
  Source:                 mouse_ctrl_inst/xpos_reg[6]/C
                            (rising edge-triggered cell FDRE clocked by sys_clk_pin  {rise@0.000ns fall@5.000ns period=10.000ns})
  Destination:            mouse_xpos_pix_sync0_reg[6]/D
                            (rising edge-triggered cell FDRE clocked by clk_pixel  {rise@0.000ns fall@20.000ns period=40.000ns})
  Path Group:             clk_pixel
  Path Type:              Setup (Max at Slow Process Corner)
  Requirement:            10.000ns  (clk_pixel rise@40.000ns - sys_clk_pin rise@30.000ns)
  Data Path Delay:        4.647ns  (logic 0.456ns (9.813%)  route 4.191ns (90.187%))
  Logic Levels:           0  
  Clock Path Skew:        2.304ns (DCD - SCD + CPR)
    Destination Clock Delay (DCD):    7.205ns = ( 47.205 - 40.000 ) 
    Source Clock Delay      (SCD):    5.081ns = ( 35.081 - 30.000 ) 
    Clock Pessimism Removal (CPR):    0.180ns
  Clock Uncertainty:      0.035ns  ((TSJ^2 + TIJ^2)^1/2 + DJ) / 2 + PE
    Total System Jitter     (TSJ):    0.071ns
    Total Input Jitter      (TIJ):    0.000ns
    Discrete Jitter          (DJ):    0.000ns
    Phase Error              (PE):    0.000ns

    Location             Delay type                Incr(ns)  Path(ns)    Netlist Resource(s)
  -------------------------------------------------------------------    -------------------
                         (clock sys_clk_pin rise edge)
                                                     30.000    30.000 r  
    W5                                                0.000    30.000 r  CLK100MHZ (IN)
                         net (fo=0)                   0.000    30.000    CLK100MHZ
    W5                   IBUF (Prop_ibuf_I_O)         1.458    31.458 r  CLK100MHZ_IBUF_inst/O
                         net (fo=1, routed)           1.967    33.425    CLK100MHZ_IBUF
    BUFGCTRL_X0Y0        BUFG (Prop_bufg_I_O)         0.096    33.521 r  CLK100MHZ_IBUF_BUFG_inst/O
                         net (fo=1064, routed)        1.560    35.081    mouse_ctrl_inst/CLK100MHZ_IBUF_BUFG
    SLICE_X13Y32         FDRE                                         r  mouse_ctrl_inst/xpos_reg[6]/C
  -------------------------------------------------------------------    -------------------
    SLICE_X13Y32         FDRE (Prop_fdre_C_Q)         0.456    35.537 r  mouse_ctrl_inst/xpos_reg[6]/Q
                         net (fo=2, routed)           4.191    39.728    mouse_xpos[6]
    SLICE_X12Y23         FDRE                                         r  mouse_xpos_pix_sync0_reg[6]/D
  -------------------------------------------------------------------    -------------------

                         (clock clk_pixel rise edge)
                                                     40.000    40.000 r  
    W5                                                0.000    40.000 r  CLK100MHZ (IN)
                         net (fo=0)                   0.000    40.000    CLK100MHZ
    W5                   IBUF (Prop_ibuf_I_O)         1.388    41.388 r  CLK100MHZ_IBUF_inst/O
                         net (fo=1, routed)           1.862    43.250    CLK100MHZ_IBUF
    BUFGCTRL_X0Y0        BUFG (Prop_bufg_I_O)         0.091    43.341 r  CLK100MHZ_IBUF_BUFG_inst/O
                         net (fo=1064, routed)        1.445    44.786    clkdiv_pixel_inst/CLK100MHZ_IBUF_BUFG
    SLICE_X36Y46         FDRE (Prop_fdre_C_Q)         0.367    45.153 r  clkdiv_pixel_inst/clk_out_reg/Q
                         net (fo=2, routed)           0.526    45.679    clk_pixel
    BUFGCTRL_X0Y1        BUFG (Prop_bufg_I_O)         0.091    45.770 r  clk_pixel_BUFG_inst/O
                         net (fo=300, routed)         1.435    47.205    clk_pixel_BUFG
    SLICE_X12Y23         FDRE                                         r  mouse_xpos_pix_sync0_reg[6]/C
                         clock pessimism              0.180    47.385    
                         clock uncertainty           -0.035    47.350    
    SLICE_X12Y23         FDRE (Setup_fdre_C_D)       -0.043    47.307    mouse_xpos_pix_sync0_reg[6]
  -------------------------------------------------------------------
                         required time                         47.307    
                         arrival time                         -39.728    
  -------------------------------------------------------------------
                         slack                                  7.579    

Slack (MET) :             7.661ns  (required time - arrival time)
  Source:                 mouse_ctrl_inst/ypos_reg[6]/C
                            (rising edge-triggered cell FDRE clocked by sys_clk_pin  {rise@0.000ns fall@5.000ns period=10.000ns})
  Destination:            mouse_ypos_pix_sync0_reg[6]/D
                            (rising edge-triggered cell FDRE clocked by clk_pixel  {rise@0.000ns fall@20.000ns period=40.000ns})
  Path Group:             clk_pixel
  Path Type:              Setup (Max at Slow Process Corner)
  Requirement:            10.000ns  (clk_pixel rise@40.000ns - sys_clk_pin rise@30.000ns)
  Data Path Delay:        4.516ns  (logic 0.456ns (10.096%)  route 4.060ns (89.904%))
  Logic Levels:           0  
  Clock Path Skew:        2.306ns (DCD - SCD + CPR)
    Destination Clock Delay (DCD):    7.209ns = ( 47.209 - 40.000 ) 
    Source Clock Delay      (SCD):    5.083ns = ( 35.083 - 30.000 ) 
    Clock Pessimism Removal (CPR):    0.180ns
  Clock Uncertainty:      0.035ns  ((TSJ^2 + TIJ^2)^1/2 + DJ) / 2 + PE
    Total System Jitter     (TSJ):    0.071ns
    Total Input Jitter      (TIJ):    0.000ns
    Discrete Jitter          (DJ):    0.000ns
    Phase Error              (PE):    0.000ns

    Location             Delay type                Incr(ns)  Path(ns)    Netlist Resource(s)
  -------------------------------------------------------------------    -------------------
                         (clock sys_clk_pin rise edge)
                                                     30.000    30.000 r  
    W5                                                0.000    30.000 r  CLK100MHZ (IN)
                         net (fo=0)                   0.000    30.000    CLK100MHZ
    W5                   IBUF (Prop_ibuf_I_O)         1.458    31.458 r  CLK100MHZ_IBUF_inst/O
                         net (fo=1, routed)           1.967    33.425    CLK100MHZ_IBUF
    BUFGCTRL_X0Y0        BUFG (Prop_bufg_I_O)         0.096    33.521 r  CLK100MHZ_IBUF_BUFG_inst/O
                         net (fo=1064, routed)        1.562    35.083    mouse_ctrl_inst/CLK100MHZ_IBUF_BUFG
    SLICE_X13Y34         FDRE                                         r  mouse_ctrl_inst/ypos_reg[6]/C
  -------------------------------------------------------------------    -------------------
    SLICE_X13Y34         FDRE (Prop_fdre_C_Q)         0.456    35.539 r  mouse_ctrl_inst/ypos_reg[6]/Q
                         net (fo=2, routed)           4.060    39.600    mouse_ypos[6]
    SLICE_X13Y30         FDRE                                         r  mouse_ypos_pix_sync0_reg[6]/D
  -------------------------------------------------------------------    -------------------

                         (clock clk_pixel rise edge)
                                                     40.000    40.000 r  
    W5                                                0.000    40.000 r  CLK100MHZ (IN)
                         net (fo=0)                   0.000    40.000    CLK100MHZ
    W5                   IBUF (Prop_ibuf_I_O)         1.388    41.388 r  CLK100MHZ_IBUF_inst/O
                         net (fo=1, routed)           1.862    43.250    CLK100MHZ_IBUF
    BUFGCTRL_X0Y0        BUFG (Prop_bufg_I_O)         0.091    43.341 r  CLK100MHZ_IBUF_BUFG_inst/O
                         net (fo=1064, routed)        1.445    44.786    clkdiv_pixel_inst/CLK100MHZ_IBUF_BUFG
    SLICE_X36Y46         FDRE (Prop_fdre_C_Q)         0.367    45.153 r  clkdiv_pixel_inst/clk_out_reg/Q
                         net (fo=2, routed)           0.526    45.679    clk_pixel
    BUFGCTRL_X0Y1        BUFG (Prop_bufg_I_O)         0.091    45.770 r  clk_pixel_BUFG_inst/O
                         net (fo=300, routed)         1.439    47.209    clk_pixel_BUFG
    SLICE_X13Y30         FDRE                                         r  mouse_ypos_pix_sync0_reg[6]/C
                         clock pessimism              0.180    47.389    
                         clock uncertainty           -0.035    47.354    
    SLICE_X13Y30         FDRE (Setup_fdre_C_D)       -0.093    47.261    mouse_ypos_pix_sync0_reg[6]
  -------------------------------------------------------------------
                         required time                         47.261    
                         arrival time                         -39.600    
  -------------------------------------------------------------------
                         slack                                  7.661    

Slack (MET) :             7.666ns  (required time - arrival time)
  Source:                 mouse_ctrl_inst/ypos_reg[0]/C
                            (rising edge-triggered cell FDRE clocked by sys_clk_pin  {rise@0.000ns fall@5.000ns period=10.000ns})
  Destination:            mouse_ypos_pix_sync0_reg[0]/D
                            (rising edge-triggered cell FDRE clocked by clk_pixel  {rise@0.000ns fall@20.000ns period=40.000ns})
  Path Group:             clk_pixel
  Path Type:              Setup (Max at Slow Process Corner)
  Requirement:            10.000ns  (clk_pixel rise@40.000ns - sys_clk_pin rise@30.000ns)
  Data Path Delay:        4.557ns  (logic 0.518ns (11.367%)  route 4.039ns (88.633%))
  Logic Levels:           0  
  Clock Path Skew:        2.303ns (DCD - SCD + CPR)
    Destination Clock Delay (DCD):    7.205ns = ( 47.205 - 40.000 ) 
    Source Clock Delay      (SCD):    5.082ns = ( 35.082 - 30.000 ) 
    Clock Pessimism Removal (CPR):    0.180ns
  Clock Uncertainty:      0.035ns  ((TSJ^2 + TIJ^2)^1/2 + DJ) / 2 + PE
    Total System Jitter     (TSJ):    0.071ns
    Total Input Jitter      (TIJ):    0.000ns
    Discrete Jitter          (DJ):    0.000ns
    Phase Error              (PE):    0.000ns

    Location             Delay type                Incr(ns)  Path(ns)    Netlist Resource(s)
  -------------------------------------------------------------------    -------------------
                         (clock sys_clk_pin rise edge)
                                                     30.000    30.000 r  
    W5                                                0.000    30.000 r  CLK100MHZ (IN)
                         net (fo=0)                   0.000    30.000    CLK100MHZ
    W5                   IBUF (Prop_ibuf_I_O)         1.458    31.458 r  CLK100MHZ_IBUF_inst/O
                         net (fo=1, routed)           1.967    33.425    CLK100MHZ_IBUF
    BUFGCTRL_X0Y0        BUFG (Prop_bufg_I_O)         0.096    33.521 r  CLK100MHZ_IBUF_BUFG_inst/O
                         net (fo=1064, routed)        1.561    35.082    mouse_ctrl_inst/CLK100MHZ_IBUF_BUFG
    SLICE_X12Y33         FDRE                                         r  mouse_ctrl_inst/ypos_reg[0]/C
  -------------------------------------------------------------------    -------------------
    SLICE_X12Y33         FDRE (Prop_fdre_C_Q)         0.518    35.600 r  mouse_ctrl_inst/ypos_reg[0]/Q
                         net (fo=2, routed)           4.039    39.639    mouse_ypos[0]
    SLICE_X12Y23         FDRE                                         r  mouse_ypos_pix_sync0_reg[0]/D
  -------------------------------------------------------------------    -------------------

                         (clock clk_pixel rise edge)
                                                     40.000    40.000 r  
    W5                                                0.000    40.000 r  CLK100MHZ (IN)
                         net (fo=0)                   0.000    40.000    CLK100MHZ
    W5                   IBUF (Prop_ibuf_I_O)         1.388    41.388 r  CLK100MHZ_IBUF_inst/O
                         net (fo=1, routed)           1.862    43.250    CLK100MHZ_IBUF
    BUFGCTRL_X0Y0        BUFG (Prop_bufg_I_O)         0.091    43.341 r  CLK100MHZ_IBUF_BUFG_inst/O
                         net (fo=1064, routed)        1.445    44.786    clkdiv_pixel_inst/CLK100MHZ_IBUF_BUFG
    SLICE_X36Y46         FDRE (Prop_fdre_C_Q)         0.367    45.153 r  clkdiv_pixel_inst/clk_out_reg/Q
                         net (fo=2, routed)           0.526    45.679    clk_pixel
    BUFGCTRL_X0Y1        BUFG (Prop_bufg_I_O)         0.091    45.770 r  clk_pixel_BUFG_inst/O
                         net (fo=300, routed)         1.435    47.205    clk_pixel_BUFG
    SLICE_X12Y23         FDRE                                         r  mouse_ypos_pix_sync0_reg[0]/C
                         clock pessimism              0.180    47.385    
                         clock uncertainty           -0.035    47.350    
    SLICE_X12Y23         FDRE (Setup_fdre_C_D)       -0.045    47.305    mouse_ypos_pix_sync0_reg[0]
  -------------------------------------------------------------------
                         required time                         47.305    
                         arrival time                         -39.639    
  -------------------------------------------------------------------
                         slack                                  7.666    

Slack (MET) :             7.711ns  (required time - arrival time)
  Source:                 selected_comp_data_reg[36]/C
                            (rising edge-triggered cell FDRE clocked by sys_clk_pin  {rise@0.000ns fall@5.000ns period=10.000ns})
  Destination:            selected_comp_data_pix_sync0_reg[36]/D
                            (rising edge-triggered cell FDRE clocked by clk_pixel  {rise@0.000ns fall@20.000ns period=40.000ns})
  Path Group:             clk_pixel
  Path Type:              Setup (Max at Slow Process Corner)
  Requirement:            10.000ns  (clk_pixel rise@40.000ns - sys_clk_pin rise@30.000ns)
  Data Path Delay:        4.465ns  (logic 0.518ns (11.600%)  route 3.947ns (88.400%))
  Logic Levels:           0  
  Clock Path Skew:        2.307ns (DCD - SCD + CPR)
    Destination Clock Delay (DCD):    7.282ns = ( 47.282 - 40.000 ) 
    Source Clock Delay      (SCD):    5.155ns = ( 35.155 - 30.000 ) 
    Clock Pessimism Removal (CPR):    0.180ns
  Clock Uncertainty:      0.035ns  ((TSJ^2 + TIJ^2)^1/2 + DJ) / 2 + PE
    Total System Jitter     (TSJ):    0.071ns
    Total Input Jitter      (TIJ):    0.000ns
    Discrete Jitter          (DJ):    0.000ns
    Phase Error              (PE):    0.000ns

    Location             Delay type                Incr(ns)  Path(ns)    Netlist Resource(s)
  -------------------------------------------------------------------    -------------------
                         (clock sys_clk_pin rise edge)
                                                     30.000    30.000 r  
    W5                                                0.000    30.000 r  CLK100MHZ (IN)
                         net (fo=0)                   0.000    30.000    CLK100MHZ
    W5                   IBUF (Prop_ibuf_I_O)         1.458    31.458 r  CLK100MHZ_IBUF_inst/O
                         net (fo=1, routed)           1.967    33.425    CLK100MHZ_IBUF
    BUFGCTRL_X0Y0        BUFG (Prop_bufg_I_O)         0.096    33.521 r  CLK100MHZ_IBUF_BUFG_inst/O
                         net (fo=1064, routed)        1.634    35.155    CLK100MHZ_IBUF_BUFG
    SLICE_X2Y12          FDRE                                         r  selected_comp_data_reg[36]/C
  -------------------------------------------------------------------    -------------------
    SLICE_X2Y12          FDRE (Prop_fdre_C_Q)         0.518    35.673 r  selected_comp_data_reg[36]/Q
                         net (fo=2, routed)           3.947    39.621    selected_comp_data_reg_n_0_[36]
    SLICE_X1Y33          FDRE                                         r  selected_comp_data_pix_sync0_reg[36]/D
  -------------------------------------------------------------------    -------------------

                         (clock clk_pixel rise edge)
                                                     40.000    40.000 r  
    W5                                                0.000    40.000 r  CLK100MHZ (IN)
                         net (fo=0)                   0.000    40.000    CLK100MHZ
    W5                   IBUF (Prop_ibuf_I_O)         1.388    41.388 r  CLK100MHZ_IBUF_inst/O
                         net (fo=1, routed)           1.862    43.250    CLK100MHZ_IBUF
    BUFGCTRL_X0Y0        BUFG (Prop_bufg_I_O)         0.091    43.341 r  CLK100MHZ_IBUF_BUFG_inst/O
                         net (fo=1064, routed)        1.445    44.786    clkdiv_pixel_inst/CLK100MHZ_IBUF_BUFG
    SLICE_X36Y46         FDRE (Prop_fdre_C_Q)         0.367    45.153 r  clkdiv_pixel_inst/clk_out_reg/Q
                         net (fo=2, routed)           0.526    45.679    clk_pixel
    BUFGCTRL_X0Y1        BUFG (Prop_bufg_I_O)         0.091    45.770 r  clk_pixel_BUFG_inst/O
                         net (fo=300, routed)         1.512    47.282    clk_pixel_BUFG
    SLICE_X1Y33          FDRE                                         r  selected_comp_data_pix_sync0_reg[36]/C
                         clock pessimism              0.180    47.462    
                         clock uncertainty           -0.035    47.427    
    SLICE_X1Y33          FDRE (Setup_fdre_C_D)       -0.095    47.332    selected_comp_data_pix_sync0_reg[36]
  -------------------------------------------------------------------
                         required time                         47.332    
                         arrival time                         -39.621    
  -------------------------------------------------------------------
                         slack                                  7.711    

Slack (MET) :             7.711ns  (required time - arrival time)
  Source:                 mouse_ctrl_inst/ypos_reg[9]/C
                            (rising edge-triggered cell FDRE clocked by sys_clk_pin  {rise@0.000ns fall@5.000ns period=10.000ns})
  Destination:            mouse_ypos_pix_sync0_reg[9]/D
                            (rising edge-triggered cell FDRE clocked by clk_pixel  {rise@0.000ns fall@20.000ns period=40.000ns})
  Path Group:             clk_pixel
  Path Type:              Setup (Max at Slow Process Corner)
  Requirement:            10.000ns  (clk_pixel rise@40.000ns - sys_clk_pin rise@30.000ns)
  Data Path Delay:        4.467ns  (logic 0.456ns (10.208%)  route 4.011ns (89.792%))
  Logic Levels:           0  
  Clock Path Skew:        2.307ns (DCD - SCD + CPR)
    Destination Clock Delay (DCD):    7.210ns = ( 47.210 - 40.000 ) 
    Source Clock Delay      (SCD):    5.083ns = ( 35.083 - 30.000 ) 
    Clock Pessimism Removal (CPR):    0.180ns
  Clock Uncertainty:      0.035ns  ((TSJ^2 + TIJ^2)^1/2 + DJ) / 2 + PE
    Total System Jitter     (TSJ):    0.071ns
    Total Input Jitter      (TIJ):    0.000ns
    Discrete Jitter          (DJ):    0.000ns
    Phase Error              (PE):    0.000ns

    Location             Delay type                Incr(ns)  Path(ns)    Netlist Resource(s)
  -------------------------------------------------------------------    -------------------
                         (clock sys_clk_pin rise edge)
                                                     30.000    30.000 r  
    W5                                                0.000    30.000 r  CLK100MHZ (IN)
                         net (fo=0)                   0.000    30.000    CLK100MHZ
    W5                   IBUF (Prop_ibuf_I_O)         1.458    31.458 r  CLK100MHZ_IBUF_inst/O
                         net (fo=1, routed)           1.967    33.425    CLK100MHZ_IBUF
    BUFGCTRL_X0Y0        BUFG (Prop_bufg_I_O)         0.096    33.521 r  CLK100MHZ_IBUF_BUFG_inst/O
                         net (fo=1064, routed)        1.562    35.083    mouse_ctrl_inst/CLK100MHZ_IBUF_BUFG
    SLICE_X11Y34         FDRE                                         r  mouse_ctrl_inst/ypos_reg[9]/C
  -------------------------------------------------------------------    -------------------
    SLICE_X11Y34         FDRE (Prop_fdre_C_Q)         0.456    35.539 r  mouse_ctrl_inst/ypos_reg[9]/Q
                         net (fo=2, routed)           4.011    39.551    mouse_ypos[9]
    SLICE_X15Y31         FDRE                                         r  mouse_ypos_pix_sync0_reg[9]/D
  -------------------------------------------------------------------    -------------------

                         (clock clk_pixel rise edge)
                                                     40.000    40.000 r  
    W5                                                0.000    40.000 r  CLK100MHZ (IN)
                         net (fo=0)                   0.000    40.000    CLK100MHZ
    W5                   IBUF (Prop_ibuf_I_O)         1.388    41.388 r  CLK100MHZ_IBUF_inst/O
                         net (fo=1, routed)           1.862    43.250    CLK100MHZ_IBUF
    BUFGCTRL_X0Y0        BUFG (Prop_bufg_I_O)         0.091    43.341 r  CLK100MHZ_IBUF_BUFG_inst/O
                         net (fo=1064, routed)        1.445    44.786    clkdiv_pixel_inst/CLK100MHZ_IBUF_BUFG
    SLICE_X36Y46         FDRE (Prop_fdre_C_Q)         0.367    45.153 r  clkdiv_pixel_inst/clk_out_reg/Q
                         net (fo=2, routed)           0.526    45.679    clk_pixel
    BUFGCTRL_X0Y1        BUFG (Prop_bufg_I_O)         0.091    45.770 r  clk_pixel_BUFG_inst/O
                         net (fo=300, routed)         1.440    47.210    clk_pixel_BUFG
    SLICE_X15Y31         FDRE                                         r  mouse_ypos_pix_sync0_reg[9]/C
                         clock pessimism              0.180    47.390    
                         clock uncertainty           -0.035    47.355    
    SLICE_X15Y31         FDRE (Setup_fdre_C_D)       -0.093    47.262    mouse_ypos_pix_sync0_reg[9]
  -------------------------------------------------------------------
                         required time                         47.262    
                         arrival time                         -39.551    
  -------------------------------------------------------------------
                         slack                                  7.711    

Slack (MET) :             7.758ns  (required time - arrival time)
  Source:                 mouse_ctrl_inst/ypos_reg[1]/C
                            (rising edge-triggered cell FDRE clocked by sys_clk_pin  {rise@0.000ns fall@5.000ns period=10.000ns})
  Destination:            mouse_ypos_pix_sync0_reg[1]/D
                            (rising edge-triggered cell FDRE clocked by clk_pixel  {rise@0.000ns fall@20.000ns period=40.000ns})
  Path Group:             clk_pixel
  Path Type:              Setup (Max at Slow Process Corner)
  Requirement:            10.000ns  (clk_pixel rise@40.000ns - sys_clk_pin rise@30.000ns)
  Data Path Delay:        4.454ns  (logic 0.456ns (10.239%)  route 3.998ns (89.761%))
  Logic Levels:           0  
  Clock Path Skew:        2.305ns (DCD - SCD + CPR)
    Destination Clock Delay (DCD):    7.204ns = ( 47.204 - 40.000 ) 
    Source Clock Delay      (SCD):    5.079ns = ( 35.079 - 30.000 ) 
    Clock Pessimism Removal (CPR):    0.180ns
  Clock Uncertainty:      0.035ns  ((TSJ^2 + TIJ^2)^1/2 + DJ) / 2 + PE
    Total System Jitter     (TSJ):    0.071ns
    Total Input Jitter      (TIJ):    0.000ns
    Discrete Jitter          (DJ):    0.000ns
    Phase Error              (PE):    0.000ns

    Location             Delay type                Incr(ns)  Path(ns)    Netlist Resource(s)
  -------------------------------------------------------------------    -------------------
                         (clock sys_clk_pin rise edge)
                                                     30.000    30.000 r  
    W5                                                0.000    30.000 r  CLK100MHZ (IN)
                         net (fo=0)                   0.000    30.000    CLK100MHZ
    W5                   IBUF (Prop_ibuf_I_O)         1.458    31.458 r  CLK100MHZ_IBUF_inst/O
                         net (fo=1, routed)           1.967    33.425    CLK100MHZ_IBUF
    BUFGCTRL_X0Y0        BUFG (Prop_bufg_I_O)         0.096    33.521 r  CLK100MHZ_IBUF_BUFG_inst/O
                         net (fo=1064, routed)        1.558    35.079    mouse_ctrl_inst/CLK100MHZ_IBUF_BUFG
    SLICE_X9Y31          FDRE                                         r  mouse_ctrl_inst/ypos_reg[1]/C
  -------------------------------------------------------------------    -------------------
    SLICE_X9Y31          FDRE (Prop_fdre_C_Q)         0.456    35.535 r  mouse_ctrl_inst/ypos_reg[1]/Q
                         net (fo=2, routed)           3.998    39.533    mouse_ypos[1]
    SLICE_X10Y24         FDRE                                         r  mouse_ypos_pix_sync0_reg[1]/D
  -------------------------------------------------------------------    -------------------

                         (clock clk_pixel rise edge)
                                                     40.000    40.000 r  
    W5                                                0.000    40.000 r  CLK100MHZ (IN)
                         net (fo=0)                   0.000    40.000    CLK100MHZ
    W5                   IBUF (Prop_ibuf_I_O)         1.388    41.388 r  CLK100MHZ_IBUF_inst/O
                         net (fo=1, routed)           1.862    43.250    CLK100MHZ_IBUF
    BUFGCTRL_X0Y0        BUFG (Prop_bufg_I_O)         0.091    43.341 r  CLK100MHZ_IBUF_BUFG_inst/O
                         net (fo=1064, routed)        1.445    44.786    clkdiv_pixel_inst/CLK100MHZ_IBUF_BUFG
    SLICE_X36Y46         FDRE (Prop_fdre_C_Q)         0.367    45.153 r  clkdiv_pixel_inst/clk_out_reg/Q
                         net (fo=2, routed)           0.526    45.679    clk_pixel
    BUFGCTRL_X0Y1        BUFG (Prop_bufg_I_O)         0.091    45.770 r  clk_pixel_BUFG_inst/O
                         net (fo=300, routed)         1.434    47.204    clk_pixel_BUFG
    SLICE_X10Y24         FDRE                                         r  mouse_ypos_pix_sync0_reg[1]/C
                         clock pessimism              0.180    47.384    
                         clock uncertainty           -0.035    47.349    
    SLICE_X10Y24         FDRE (Setup_fdre_C_D)       -0.058    47.291    mouse_ypos_pix_sync0_reg[1]
  -------------------------------------------------------------------
                         required time                         47.291    
                         arrival time                         -39.533    
  -------------------------------------------------------------------
                         slack                                  7.758    

Slack (MET) :             7.779ns  (required time - arrival time)
  Source:                 mouse_ctrl_inst/xpos_reg[5]/C
                            (rising edge-triggered cell FDRE clocked by sys_clk_pin  {rise@0.000ns fall@5.000ns period=10.000ns})
  Destination:            mouse_xpos_pix_sync0_reg[5]/D
                            (rising edge-triggered cell FDRE clocked by clk_pixel  {rise@0.000ns fall@20.000ns period=40.000ns})
  Path Group:             clk_pixel
  Path Type:              Setup (Max at Slow Process Corner)
  Requirement:            10.000ns  (clk_pixel rise@40.000ns - sys_clk_pin rise@30.000ns)
  Data Path Delay:        4.396ns  (logic 0.456ns (10.372%)  route 3.940ns (89.628%))
  Logic Levels:           0  
  Clock Path Skew:        2.304ns (DCD - SCD + CPR)
    Destination Clock Delay (DCD):    7.205ns = ( 47.205 - 40.000 ) 
    Source Clock Delay      (SCD):    5.081ns = ( 35.081 - 30.000 ) 
    Clock Pessimism Removal (CPR):    0.180ns
  Clock Uncertainty:      0.035ns  ((TSJ^2 + TIJ^2)^1/2 + DJ) / 2 + PE
    Total System Jitter     (TSJ):    0.071ns
    Total Input Jitter      (TIJ):    0.000ns
    Discrete Jitter          (DJ):    0.000ns
    Phase Error              (PE):    0.000ns

    Location             Delay type                Incr(ns)  Path(ns)    Netlist Resource(s)
  -------------------------------------------------------------------    -------------------
                         (clock sys_clk_pin rise edge)
                                                     30.000    30.000 r  
    W5                                                0.000    30.000 r  CLK100MHZ (IN)
                         net (fo=0)                   0.000    30.000    CLK100MHZ
    W5                   IBUF (Prop_ibuf_I_O)         1.458    31.458 r  CLK100MHZ_IBUF_inst/O
                         net (fo=1, routed)           1.967    33.425    CLK100MHZ_IBUF
    BUFGCTRL_X0Y0        BUFG (Prop_bufg_I_O)         0.096    33.521 r  CLK100MHZ_IBUF_BUFG_inst/O
                         net (fo=1064, routed)        1.560    35.081    mouse_ctrl_inst/CLK100MHZ_IBUF_BUFG
    SLICE_X13Y32         FDRE                                         r  mouse_ctrl_inst/xpos_reg[5]/C
  -------------------------------------------------------------------    -------------------
    SLICE_X13Y32         FDRE (Prop_fdre_C_Q)         0.456    35.537 r  mouse_ctrl_inst/xpos_reg[5]/Q
                         net (fo=2, routed)           3.940    39.478    mouse_xpos[5]
    SLICE_X13Y23         FDRE                                         r  mouse_xpos_pix_sync0_reg[5]/D
  -------------------------------------------------------------------    -------------------

                         (clock clk_pixel rise edge)
                                                     40.000    40.000 r  
    W5                                                0.000    40.000 r  CLK100MHZ (IN)
                         net (fo=0)                   0.000    40.000    CLK100MHZ
    W5                   IBUF (Prop_ibuf_I_O)         1.388    41.388 r  CLK100MHZ_IBUF_inst/O
                         net (fo=1, routed)           1.862    43.250    CLK100MHZ_IBUF
    BUFGCTRL_X0Y0        BUFG (Prop_bufg_I_O)         0.091    43.341 r  CLK100MHZ_IBUF_BUFG_inst/O
                         net (fo=1064, routed)        1.445    44.786    clkdiv_pixel_inst/CLK100MHZ_IBUF_BUFG
    SLICE_X36Y46         FDRE (Prop_fdre_C_Q)         0.367    45.153 r  clkdiv_pixel_inst/clk_out_reg/Q
                         net (fo=2, routed)           0.526    45.679    clk_pixel
    BUFGCTRL_X0Y1        BUFG (Prop_bufg_I_O)         0.091    45.770 r  clk_pixel_BUFG_inst/O
                         net (fo=300, routed)         1.435    47.205    clk_pixel_BUFG
    SLICE_X13Y23         FDRE                                         r  mouse_xpos_pix_sync0_reg[5]/C
                         clock pessimism              0.180    47.385    
                         clock uncertainty           -0.035    47.350    
    SLICE_X13Y23         FDRE (Setup_fdre_C_D)       -0.093    47.257    mouse_xpos_pix_sync0_reg[5]
  -------------------------------------------------------------------
                         required time                         47.257    
                         arrival time                         -39.478    
  -------------------------------------------------------------------
                         slack                                  7.779    

Slack (MET) :             7.810ns  (required time - arrival time)
  Source:                 mouse_ctrl_inst/ypos_reg[5]/C
                            (rising edge-triggered cell FDRE clocked by sys_clk_pin  {rise@0.000ns fall@5.000ns period=10.000ns})
  Destination:            mouse_ypos_pix_sync0_reg[5]/D
                            (rising edge-triggered cell FDRE clocked by clk_pixel  {rise@0.000ns fall@20.000ns period=40.000ns})
  Path Group:             clk_pixel
  Path Type:              Setup (Max at Slow Process Corner)
  Requirement:            10.000ns  (clk_pixel rise@40.000ns - sys_clk_pin rise@30.000ns)
  Data Path Delay:        4.403ns  (logic 0.518ns (11.763%)  route 3.885ns (88.237%))
  Logic Levels:           0  
  Clock Path Skew:        2.307ns (DCD - SCD + CPR)
    Destination Clock Delay (DCD):    7.209ns = ( 47.209 - 40.000 ) 
    Source Clock Delay      (SCD):    5.082ns = ( 35.082 - 30.000 ) 
    Clock Pessimism Removal (CPR):    0.180ns
  Clock Uncertainty:      0.035ns  ((TSJ^2 + TIJ^2)^1/2 + DJ) / 2 + PE
    Total System Jitter     (TSJ):    0.071ns
    Total Input Jitter      (TIJ):    0.000ns
    Discrete Jitter          (DJ):    0.000ns
    Phase Error              (PE):    0.000ns

    Location             Delay type                Incr(ns)  Path(ns)    Netlist Resource(s)
  -------------------------------------------------------------------    -------------------
                         (clock sys_clk_pin rise edge)
                                                     30.000    30.000 r  
    W5                                                0.000    30.000 r  CLK100MHZ (IN)
                         net (fo=0)                   0.000    30.000    CLK100MHZ
    W5                   IBUF (Prop_ibuf_I_O)         1.458    31.458 r  CLK100MHZ_IBUF_inst/O
                         net (fo=1, routed)           1.967    33.425    CLK100MHZ_IBUF
    BUFGCTRL_X0Y0        BUFG (Prop_bufg_I_O)         0.096    33.521 r  CLK100MHZ_IBUF_BUFG_inst/O
                         net (fo=1064, routed)        1.561    35.082    mouse_ctrl_inst/CLK100MHZ_IBUF_BUFG
    SLICE_X12Y33         FDRE                                         r  mouse_ctrl_inst/ypos_reg[5]/C
  -------------------------------------------------------------------    -------------------
    SLICE_X12Y33         FDRE (Prop_fdre_C_Q)         0.518    35.600 r  mouse_ctrl_inst/ypos_reg[5]/Q
                         net (fo=2, routed)           3.885    39.486    mouse_ypos[5]
    SLICE_X14Y29         FDRE                                         r  mouse_ypos_pix_sync0_reg[5]/D
  -------------------------------------------------------------------    -------------------

                         (clock clk_pixel rise edge)
                                                     40.000    40.000 r  
    W5                                                0.000    40.000 r  CLK100MHZ (IN)
                         net (fo=0)                   0.000    40.000    CLK100MHZ
    W5                   IBUF (Prop_ibuf_I_O)         1.388    41.388 r  CLK100MHZ_IBUF_inst/O
                         net (fo=1, routed)           1.862    43.250    CLK100MHZ_IBUF
    BUFGCTRL_X0Y0        BUFG (Prop_bufg_I_O)         0.091    43.341 r  CLK100MHZ_IBUF_BUFG_inst/O
                         net (fo=1064, routed)        1.445    44.786    clkdiv_pixel_inst/CLK100MHZ_IBUF_BUFG
    SLICE_X36Y46         FDRE (Prop_fdre_C_Q)         0.367    45.153 r  clkdiv_pixel_inst/clk_out_reg/Q
                         net (fo=2, routed)           0.526    45.679    clk_pixel
    BUFGCTRL_X0Y1        BUFG (Prop_bufg_I_O)         0.091    45.770 r  clk_pixel_BUFG_inst/O
                         net (fo=300, routed)         1.439    47.209    clk_pixel_BUFG
    SLICE_X14Y29         FDRE                                         r  mouse_ypos_pix_sync0_reg[5]/C
                         clock pessimism              0.180    47.389    
                         clock uncertainty           -0.035    47.354    
    SLICE_X14Y29         FDRE (Setup_fdre_C_D)       -0.058    47.296    mouse_ypos_pix_sync0_reg[5]
  -------------------------------------------------------------------
                         required time                         47.296    
                         arrival time                         -39.486    
  -------------------------------------------------------------------
                         slack                                  7.810    

Slack (MET) :             7.866ns  (required time - arrival time)
  Source:                 mouse_ctrl_inst/middle_reg/C
                            (rising edge-triggered cell FDRE clocked by sys_clk_pin  {rise@0.000ns fall@5.000ns period=10.000ns})
  Destination:            mouse_middle_pix_sync0_reg/D
                            (rising edge-triggered cell FDRE clocked by clk_pixel  {rise@0.000ns fall@20.000ns period=40.000ns})
  Path Group:             clk_pixel
  Path Type:              Setup (Max at Slow Process Corner)
  Requirement:            10.000ns  (clk_pixel rise@40.000ns - sys_clk_pin rise@30.000ns)
  Data Path Delay:        4.349ns  (logic 0.456ns (10.486%)  route 3.893ns (89.514%))
  Logic Levels:           0  
  Clock Path Skew:        2.308ns (DCD - SCD + CPR)
    Destination Clock Delay (DCD):    7.276ns = ( 47.276 - 40.000 ) 
    Source Clock Delay      (SCD):    5.148ns = ( 35.148 - 30.000 ) 
    Clock Pessimism Removal (CPR):    0.180ns
  Clock Uncertainty:      0.035ns  ((TSJ^2 + TIJ^2)^1/2 + DJ) / 2 + PE
    Total System Jitter     (TSJ):    0.071ns
    Total Input Jitter      (TIJ):    0.000ns
    Discrete Jitter          (DJ):    0.000ns
    Phase Error              (PE):    0.000ns

    Location             Delay type                Incr(ns)  Path(ns)    Netlist Resource(s)
  -------------------------------------------------------------------    -------------------
                         (clock sys_clk_pin rise edge)
                                                     30.000    30.000 r  
    W5                                                0.000    30.000 r  CLK100MHZ (IN)
                         net (fo=0)                   0.000    30.000    CLK100MHZ
    W5                   IBUF (Prop_ibuf_I_O)         1.458    31.458 r  CLK100MHZ_IBUF_inst/O
                         net (fo=1, routed)           1.967    33.425    CLK100MHZ_IBUF
    BUFGCTRL_X0Y0        BUFG (Prop_bufg_I_O)         0.096    33.521 r  CLK100MHZ_IBUF_BUFG_inst/O
                         net (fo=1064, routed)        1.627    35.148    mouse_ctrl_inst/CLK100MHZ_IBUF_BUFG
    SLICE_X7Y33          FDRE                                         r  mouse_ctrl_inst/middle_reg/C
  -------------------------------------------------------------------    -------------------
    SLICE_X7Y33          FDRE (Prop_fdre_C_Q)         0.456    35.604 r  mouse_ctrl_inst/middle_reg/Q
                         net (fo=2, routed)           3.893    39.497    mouse_middle
    SLICE_X6Y29          FDRE                                         r  mouse_middle_pix_sync0_reg/D
  -------------------------------------------------------------------    -------------------

                         (clock clk_pixel rise edge)
                                                     40.000    40.000 r  
    W5                                                0.000    40.000 r  CLK100MHZ (IN)
                         net (fo=0)                   0.000    40.000    CLK100MHZ
    W5                   IBUF (Prop_ibuf_I_O)         1.388    41.388 r  CLK100MHZ_IBUF_inst/O
                         net (fo=1, routed)           1.862    43.250    CLK100MHZ_IBUF
    BUFGCTRL_X0Y0        BUFG (Prop_bufg_I_O)         0.091    43.341 r  CLK100MHZ_IBUF_BUFG_inst/O
                         net (fo=1064, routed)        1.445    44.786    clkdiv_pixel_inst/CLK100MHZ_IBUF_BUFG
    SLICE_X36Y46         FDRE (Prop_fdre_C_Q)         0.367    45.153 r  clkdiv_pixel_inst/clk_out_reg/Q
                         net (fo=2, routed)           0.526    45.679    clk_pixel
    BUFGCTRL_X0Y1        BUFG (Prop_bufg_I_O)         0.091    45.770 r  clk_pixel_BUFG_inst/O
                         net (fo=300, routed)         1.506    47.276    clk_pixel_BUFG
    SLICE_X6Y29          FDRE                                         r  mouse_middle_pix_sync0_reg/C
                         clock pessimism              0.180    47.456    
                         clock uncertainty           -0.035    47.421    
    SLICE_X6Y29          FDRE (Setup_fdre_C_D)       -0.058    47.363    mouse_middle_pix_sync0_reg
  -------------------------------------------------------------------
                         required time                         47.363    
                         arrival time                         -39.497    
  -------------------------------------------------------------------
                         slack                                  7.866    

Slack (MET) :             7.879ns  (required time - arrival time)
  Source:                 mouse_ctrl_inst/xpos_reg[9]/C
                            (rising edge-triggered cell FDRE clocked by sys_clk_pin  {rise@0.000ns fall@5.000ns period=10.000ns})
  Destination:            mouse_xpos_pix_sync0_reg[9]/D
                            (rising edge-triggered cell FDRE clocked by clk_pixel  {rise@0.000ns fall@20.000ns period=40.000ns})
  Path Group:             clk_pixel
  Path Type:              Setup (Max at Slow Process Corner)
  Requirement:            10.000ns  (clk_pixel rise@40.000ns - sys_clk_pin rise@30.000ns)
  Data Path Delay:        4.285ns  (logic 0.518ns (12.088%)  route 3.767ns (87.912%))
  Logic Levels:           0  
  Clock Path Skew:        2.305ns (DCD - SCD + CPR)
    Destination Clock Delay (DCD):    7.206ns = ( 47.206 - 40.000 ) 
    Source Clock Delay      (SCD):    5.081ns = ( 35.081 - 30.000 ) 
    Clock Pessimism Removal (CPR):    0.180ns
  Clock Uncertainty:      0.035ns  ((TSJ^2 + TIJ^2)^1/2 + DJ) / 2 + PE
    Total System Jitter     (TSJ):    0.071ns
    Total Input Jitter      (TIJ):    0.000ns
    Discrete Jitter          (DJ):    0.000ns
    Phase Error              (PE):    0.000ns

    Location             Delay type                Incr(ns)  Path(ns)    Netlist Resource(s)
  -------------------------------------------------------------------    -------------------
                         (clock sys_clk_pin rise edge)
                                                     30.000    30.000 r  
    W5                                                0.000    30.000 r  CLK100MHZ (IN)
                         net (fo=0)                   0.000    30.000    CLK100MHZ
    W5                   IBUF (Prop_ibuf_I_O)         1.458    31.458 r  CLK100MHZ_IBUF_inst/O
                         net (fo=1, routed)           1.967    33.425    CLK100MHZ_IBUF
    BUFGCTRL_X0Y0        BUFG (Prop_bufg_I_O)         0.096    33.521 r  CLK100MHZ_IBUF_BUFG_inst/O
                         net (fo=1064, routed)        1.560    35.081    mouse_ctrl_inst/CLK100MHZ_IBUF_BUFG
    SLICE_X12Y32         FDRE                                         r  mouse_ctrl_inst/xpos_reg[9]/C
  -------------------------------------------------------------------    -------------------
    SLICE_X12Y32         FDRE (Prop_fdre_C_Q)         0.518    35.599 r  mouse_ctrl_inst/xpos_reg[9]/Q
                         net (fo=2, routed)           3.767    39.367    mouse_xpos[9]
    SLICE_X11Y26         FDRE                                         r  mouse_xpos_pix_sync0_reg[9]/D
  -------------------------------------------------------------------    -------------------

                         (clock clk_pixel rise edge)
                                                     40.000    40.000 r  
    W5                                                0.000    40.000 r  CLK100MHZ (IN)
                         net (fo=0)                   0.000    40.000    CLK100MHZ
    W5                   IBUF (Prop_ibuf_I_O)         1.388    41.388 r  CLK100MHZ_IBUF_inst/O
                         net (fo=1, routed)           1.862    43.250    CLK100MHZ_IBUF
    BUFGCTRL_X0Y0        BUFG (Prop_bufg_I_O)         0.091    43.341 r  CLK100MHZ_IBUF_BUFG_inst/O
                         net (fo=1064, routed)        1.445    44.786    clkdiv_pixel_inst/CLK100MHZ_IBUF_BUFG
    SLICE_X36Y46         FDRE (Prop_fdre_C_Q)         0.367    45.153 r  clkdiv_pixel_inst/clk_out_reg/Q
                         net (fo=2, routed)           0.526    45.679    clk_pixel
    BUFGCTRL_X0Y1        BUFG (Prop_bufg_I_O)         0.091    45.770 r  clk_pixel_BUFG_inst/O
                         net (fo=300, routed)         1.436    47.206    clk_pixel_BUFG
    SLICE_X11Y26         FDRE                                         r  mouse_xpos_pix_sync0_reg[9]/C
                         clock pessimism              0.180    47.386    
                         clock uncertainty           -0.035    47.351    
    SLICE_X11Y26         FDRE (Setup_fdre_C_D)       -0.105    47.246    mouse_xpos_pix_sync0_reg[9]
  -------------------------------------------------------------------
                         required time                         47.246    
                         arrival time                         -39.367    
  -------------------------------------------------------------------
                         slack                                  7.879    

Slack (MET) :             7.887ns  (required time - arrival time)
  Source:                 mouse_ctrl_inst/xpos_reg[3]/C
                            (rising edge-triggered cell FDRE clocked by sys_clk_pin  {rise@0.000ns fall@5.000ns period=10.000ns})
  Destination:            mouse_xpos_pix_sync0_reg[3]/D
                            (rising edge-triggered cell FDRE clocked by clk_pixel  {rise@0.000ns fall@20.000ns period=40.000ns})
  Path Group:             clk_pixel
  Path Type:              Setup (Max at Slow Process Corner)
  Requirement:            10.000ns  (clk_pixel rise@40.000ns - sys_clk_pin rise@30.000ns)
  Data Path Delay:        4.296ns  (logic 0.518ns (12.058%)  route 3.778ns (87.942%))
  Logic Levels:           0  
  Clock Path Skew:        2.312ns (DCD - SCD + CPR)
    Destination Clock Delay (DCD):    7.205ns = ( 47.205 - 40.000 ) 
    Source Clock Delay      (SCD):    5.073ns = ( 35.073 - 30.000 ) 
    Clock Pessimism Removal (CPR):    0.180ns
  Clock Uncertainty:      0.035ns  ((TSJ^2 + TIJ^2)^1/2 + DJ) / 2 + PE
    Total System Jitter     (TSJ):    0.071ns
    Total Input Jitter      (TIJ):    0.000ns
    Discrete Jitter          (DJ):    0.000ns
    Phase Error              (PE):    0.000ns

    Location             Delay type                Incr(ns)  Path(ns)    Netlist Resource(s)
  -------------------------------------------------------------------    -------------------
                         (clock sys_clk_pin rise edge)
                                                     30.000    30.000 r  
    W5                                                0.000    30.000 r  CLK100MHZ (IN)
                         net (fo=0)                   0.000    30.000    CLK100MHZ
    W5                   IBUF (Prop_ibuf_I_O)         1.458    31.458 r  CLK100MHZ_IBUF_inst/O
                         net (fo=1, routed)           1.967    33.425    CLK100MHZ_IBUF
    BUFGCTRL_X0Y0        BUFG (Prop_bufg_I_O)         0.096    33.521 r  CLK100MHZ_IBUF_BUFG_inst/O
                         net (fo=1064, routed)        1.552    35.073    mouse_ctrl_inst/CLK100MHZ_IBUF_BUFG
    SLICE_X14Y27         FDRE                                         r  mouse_ctrl_inst/xpos_reg[3]/C
  -------------------------------------------------------------------    -------------------
    SLICE_X14Y27         FDRE (Prop_fdre_C_Q)         0.518    35.591 r  mouse_ctrl_inst/xpos_reg[3]/Q
                         net (fo=2, routed)           3.778    39.369    mouse_xpos[3]
    SLICE_X13Y23         FDRE                                         r  mouse_xpos_pix_sync0_reg[3]/D
  -------------------------------------------------------------------    -------------------

                         (clock clk_pixel rise edge)
                                                     40.000    40.000 r  
    W5                                                0.000    40.000 r  CLK100MHZ (IN)
                         net (fo=0)                   0.000    40.000    CLK100MHZ
    W5                   IBUF (Prop_ibuf_I_O)         1.388    41.388 r  CLK100MHZ_IBUF_inst/O
                         net (fo=1, routed)           1.862    43.250    CLK100MHZ_IBUF
    BUFGCTRL_X0Y0        BUFG (Prop_bufg_I_O)         0.091    43.341 r  CLK100MHZ_IBUF_BUFG_inst/O
                         net (fo=1064, routed)        1.445    44.786    clkdiv_pixel_inst/CLK100MHZ_IBUF_BUFG
    SLICE_X36Y46         FDRE (Prop_fdre_C_Q)         0.367    45.153 r  clkdiv_pixel_inst/clk_out_reg/Q
                         net (fo=2, routed)           0.526    45.679    clk_pixel
    BUFGCTRL_X0Y1        BUFG (Prop_bufg_I_O)         0.091    45.770 r  clk_pixel_BUFG_inst/O
                         net (fo=300, routed)         1.435    47.205    clk_pixel_BUFG
    SLICE_X13Y23         FDRE                                         r  mouse_xpos_pix_sync0_reg[3]/C
                         clock pessimism              0.180    47.385    
                         clock uncertainty           -0.035    47.350    
    SLICE_X13Y23         FDRE (Setup_fdre_C_D)       -0.093    47.257    mouse_xpos_pix_sync0_reg[3]
  -------------------------------------------------------------------
                         required time                         47.257    
                         arrival time                         -39.369    
  -------------------------------------------------------------------
                         slack                                  7.887    

Slack (MET) :             7.920ns  (required time - arrival time)
  Source:                 mouse_ctrl_inst/xpos_reg[7]/C
                            (rising edge-triggered cell FDRE clocked by sys_clk_pin  {rise@0.000ns fall@5.000ns period=10.000ns})
  Destination:            mouse_xpos_pix_sync0_reg[7]/D
                            (rising edge-triggered cell FDRE clocked by clk_pixel  {rise@0.000ns fall@20.000ns period=40.000ns})
  Path Group:             clk_pixel
  Path Type:              Setup (Max at Slow Process Corner)
  Requirement:            10.000ns  (clk_pixel rise@40.000ns - sys_clk_pin rise@30.000ns)
  Data Path Delay:        4.303ns  (logic 0.518ns (12.038%)  route 3.785ns (87.962%))
  Logic Levels:           0  
  Clock Path Skew:        2.304ns (DCD - SCD + CPR)
    Destination Clock Delay (DCD):    7.205ns = ( 47.205 - 40.000 ) 
    Source Clock Delay      (SCD):    5.081ns = ( 35.081 - 30.000 ) 
    Clock Pessimism Removal (CPR):    0.180ns
  Clock Uncertainty:      0.035ns  ((TSJ^2 + TIJ^2)^1/2 + DJ) / 2 + PE
    Total System Jitter     (TSJ):    0.071ns
    Total Input Jitter      (TIJ):    0.000ns
    Discrete Jitter          (DJ):    0.000ns
    Phase Error              (PE):    0.000ns

    Location             Delay type                Incr(ns)  Path(ns)    Netlist Resource(s)
  -------------------------------------------------------------------    -------------------
                         (clock sys_clk_pin rise edge)
                                                     30.000    30.000 r  
    W5                                                0.000    30.000 r  CLK100MHZ (IN)
                         net (fo=0)                   0.000    30.000    CLK100MHZ
    W5                   IBUF (Prop_ibuf_I_O)         1.458    31.458 r  CLK100MHZ_IBUF_inst/O
                         net (fo=1, routed)           1.967    33.425    CLK100MHZ_IBUF
    BUFGCTRL_X0Y0        BUFG (Prop_bufg_I_O)         0.096    33.521 r  CLK100MHZ_IBUF_BUFG_inst/O
                         net (fo=1064, routed)        1.560    35.081    mouse_ctrl_inst/CLK100MHZ_IBUF_BUFG
    SLICE_X12Y32         FDRE                                         r  mouse_ctrl_inst/xpos_reg[7]/C
  -------------------------------------------------------------------    -------------------
    SLICE_X12Y32         FDRE (Prop_fdre_C_Q)         0.518    35.599 r  mouse_ctrl_inst/xpos_reg[7]/Q
                         net (fo=2, routed)           3.785    39.384    mouse_xpos[7]
    SLICE_X12Y23         FDRE                                         r  mouse_xpos_pix_sync0_reg[7]/D
  -------------------------------------------------------------------    -------------------

                         (clock clk_pixel rise edge)
                                                     40.000    40.000 r  
    W5                                                0.000    40.000 r  CLK100MHZ (IN)
                         net (fo=0)                   0.000    40.000    CLK100MHZ
    W5                   IBUF (Prop_ibuf_I_O)         1.388    41.388 r  CLK100MHZ_IBUF_inst/O
                         net (fo=1, routed)           1.862    43.250    CLK100MHZ_IBUF
    BUFGCTRL_X0Y0        BUFG (Prop_bufg_I_O)         0.091    43.341 r  CLK100MHZ_IBUF_BUFG_inst/O
                         net (fo=1064, routed)        1.445    44.786    clkdiv_pixel_inst/CLK100MHZ_IBUF_BUFG
    SLICE_X36Y46         FDRE (Prop_fdre_C_Q)         0.367    45.153 r  clkdiv_pixel_inst/clk_out_reg/Q
                         net (fo=2, routed)           0.526    45.679    clk_pixel
    BUFGCTRL_X0Y1        BUFG (Prop_bufg_I_O)         0.091    45.770 r  clk_pixel_BUFG_inst/O
                         net (fo=300, routed)         1.435    47.205    clk_pixel_BUFG
    SLICE_X12Y23         FDRE                                         r  mouse_xpos_pix_sync0_reg[7]/C
                         clock pessimism              0.180    47.385    
                         clock uncertainty           -0.035    47.350    
    SLICE_X12Y23         FDRE (Setup_fdre_C_D)       -0.045    47.305    mouse_xpos_pix_sync0_reg[7]
  -------------------------------------------------------------------
                         required time                         47.305    
                         arrival time                         -39.384    
  -------------------------------------------------------------------
                         slack                                  7.920    

Slack (MET) :             7.921ns  (required time - arrival time)
  Source:                 mouse_ctrl_inst/ypos_reg[7]/C
                            (rising edge-triggered cell FDRE clocked by sys_clk_pin  {rise@0.000ns fall@5.000ns period=10.000ns})
  Destination:            mouse_ypos_pix_sync0_reg[7]/D
                            (rising edge-triggered cell FDRE clocked by clk_pixel  {rise@0.000ns fall@20.000ns period=40.000ns})
  Path Group:             clk_pixel
  Path Type:              Setup (Max at Slow Process Corner)
  Requirement:            10.000ns  (clk_pixel rise@40.000ns - sys_clk_pin rise@30.000ns)
  Data Path Delay:        4.261ns  (logic 0.456ns (10.701%)  route 3.805ns (89.299%))
  Logic Levels:           0  
  Clock Path Skew:        2.311ns (DCD - SCD + CPR)
    Destination Clock Delay (DCD):    7.209ns = ( 47.209 - 40.000 ) 
    Source Clock Delay      (SCD):    5.078ns = ( 35.078 - 30.000 ) 
    Clock Pessimism Removal (CPR):    0.180ns
  Clock Uncertainty:      0.035ns  ((TSJ^2 + TIJ^2)^1/2 + DJ) / 2 + PE
    Total System Jitter     (TSJ):    0.071ns
    Total Input Jitter      (TIJ):    0.000ns
    Discrete Jitter          (DJ):    0.000ns
    Phase Error              (PE):    0.000ns

    Location             Delay type                Incr(ns)  Path(ns)    Netlist Resource(s)
  -------------------------------------------------------------------    -------------------
                         (clock sys_clk_pin rise edge)
                                                     30.000    30.000 r  
    W5                                                0.000    30.000 r  CLK100MHZ (IN)
                         net (fo=0)                   0.000    30.000    CLK100MHZ
    W5                   IBUF (Prop_ibuf_I_O)         1.458    31.458 r  CLK100MHZ_IBUF_inst/O
                         net (fo=1, routed)           1.967    33.425    CLK100MHZ_IBUF
    BUFGCTRL_X0Y0        BUFG (Prop_bufg_I_O)         0.096    33.521 r  CLK100MHZ_IBUF_BUFG_inst/O
                         net (fo=1064, routed)        1.557    35.078    mouse_ctrl_inst/CLK100MHZ_IBUF_BUFG
    SLICE_X11Y30         FDRE                                         r  mouse_ctrl_inst/ypos_reg[7]/C
  -------------------------------------------------------------------    -------------------
    SLICE_X11Y30         FDRE (Prop_fdre_C_Q)         0.456    35.534 r  mouse_ctrl_inst/ypos_reg[7]/Q
                         net (fo=2, routed)           3.805    39.339    mouse_ypos[7]
    SLICE_X13Y30         FDRE                                         r  mouse_ypos_pix_sync0_reg[7]/D
  -------------------------------------------------------------------    -------------------

                         (clock clk_pixel rise edge)
                                                     40.000    40.000 r  
    W5                                                0.000    40.000 r  CLK100MHZ (IN)
                         net (fo=0)                   0.000    40.000    CLK100MHZ
    W5                   IBUF (Prop_ibuf_I_O)         1.388    41.388 r  CLK100MHZ_IBUF_inst/O
                         net (fo=1, routed)           1.862    43.250    CLK100MHZ_IBUF
    BUFGCTRL_X0Y0        BUFG (Prop_bufg_I_O)         0.091    43.341 r  CLK100MHZ_IBUF_BUFG_inst/O
                         net (fo=1064, routed)        1.445    44.786    clkdiv_pixel_inst/CLK100MHZ_IBUF_BUFG
    SLICE_X36Y46         FDRE (Prop_fdre_C_Q)         0.367    45.153 r  clkdiv_pixel_inst/clk_out_reg/Q
                         net (fo=2, routed)           0.526    45.679    clk_pixel
    BUFGCTRL_X0Y1        BUFG (Prop_bufg_I_O)         0.091    45.770 r  clk_pixel_BUFG_inst/O
                         net (fo=300, routed)         1.439    47.209    clk_pixel_BUFG
    SLICE_X13Y30         FDRE                                         r  mouse_ypos_pix_sync0_reg[7]/C
                         clock pessimism              0.180    47.389    
                         clock uncertainty           -0.035    47.354    
    SLICE_X13Y30         FDRE (Setup_fdre_C_D)       -0.093    47.261    mouse_ypos_pix_sync0_reg[7]
  -------------------------------------------------------------------
                         required time                         47.261    
                         arrival time                         -39.339    
  -------------------------------------------------------------------
                         slack                                  7.921    

Slack (MET) :             7.922ns  (required time - arrival time)
  Source:                 mouse_ctrl_inst/xpos_reg[1]/C
                            (rising edge-triggered cell FDRE clocked by sys_clk_pin  {rise@0.000ns fall@5.000ns period=10.000ns})
  Destination:            mouse_xpos_pix_sync0_reg[1]/D
                            (rising edge-triggered cell FDRE clocked by clk_pixel  {rise@0.000ns fall@20.000ns period=40.000ns})
  Path Group:             clk_pixel
  Path Type:              Setup (Max at Slow Process Corner)
  Requirement:            10.000ns  (clk_pixel rise@40.000ns - sys_clk_pin rise@30.000ns)
  Data Path Delay:        4.255ns  (logic 0.518ns (12.174%)  route 3.737ns (87.826%))
  Logic Levels:           0  
  Clock Path Skew:        2.306ns (DCD - SCD + CPR)
    Destination Clock Delay (DCD):    7.207ns = ( 47.207 - 40.000 ) 
    Source Clock Delay      (SCD):    5.081ns = ( 35.081 - 30.000 ) 
    Clock Pessimism Removal (CPR):    0.180ns
  Clock Uncertainty:      0.035ns  ((TSJ^2 + TIJ^2)^1/2 + DJ) / 2 + PE
    Total System Jitter     (TSJ):    0.071ns
    Total Input Jitter      (TIJ):    0.000ns
    Discrete Jitter          (DJ):    0.000ns
    Phase Error              (PE):    0.000ns

    Location             Delay type                Incr(ns)  Path(ns)    Netlist Resource(s)
  -------------------------------------------------------------------    -------------------
                         (clock sys_clk_pin rise edge)
                                                     30.000    30.000 r  
    W5                                                0.000    30.000 r  CLK100MHZ (IN)
                         net (fo=0)                   0.000    30.000    CLK100MHZ
    W5                   IBUF (Prop_ibuf_I_O)         1.458    31.458 r  CLK100MHZ_IBUF_inst/O
                         net (fo=1, routed)           1.967    33.425    CLK100MHZ_IBUF
    BUFGCTRL_X0Y0        BUFG (Prop_bufg_I_O)         0.096    33.521 r  CLK100MHZ_IBUF_BUFG_inst/O
                         net (fo=1064, routed)        1.560    35.081    mouse_ctrl_inst/CLK100MHZ_IBUF_BUFG
    SLICE_X12Y32         FDRE                                         r  mouse_ctrl_inst/xpos_reg[1]/C
  -------------------------------------------------------------------    -------------------
    SLICE_X12Y32         FDRE (Prop_fdre_C_Q)         0.518    35.599 r  mouse_ctrl_inst/xpos_reg[1]/Q
                         net (fo=2, routed)           3.737    39.336    mouse_xpos[1]
    SLICE_X11Y22         FDRE                                         r  mouse_xpos_pix_sync0_reg[1]/D
  -------------------------------------------------------------------    -------------------

                         (clock clk_pixel rise edge)
                                                     40.000    40.000 r  
    W5                                                0.000    40.000 r  CLK100MHZ (IN)
                         net (fo=0)                   0.000    40.000    CLK100MHZ
    W5                   IBUF (Prop_ibuf_I_O)         1.388    41.388 r  CLK100MHZ_IBUF_inst/O
                         net (fo=1, routed)           1.862    43.250    CLK100MHZ_IBUF
    BUFGCTRL_X0Y0        BUFG (Prop_bufg_I_O)         0.091    43.341 r  CLK100MHZ_IBUF_BUFG_inst/O
                         net (fo=1064, routed)        1.445    44.786    clkdiv_pixel_inst/CLK100MHZ_IBUF_BUFG
    SLICE_X36Y46         FDRE (Prop_fdre_C_Q)         0.367    45.153 r  clkdiv_pixel_inst/clk_out_reg/Q
                         net (fo=2, routed)           0.526    45.679    clk_pixel
    BUFGCTRL_X0Y1        BUFG (Prop_bufg_I_O)         0.091    45.770 r  clk_pixel_BUFG_inst/O
                         net (fo=300, routed)         1.437    47.207    clk_pixel_BUFG
    SLICE_X11Y22         FDRE                                         r  mouse_xpos_pix_sync0_reg[1]/C
                         clock pessimism              0.180    47.387    
                         clock uncertainty           -0.035    47.352    
    SLICE_X11Y22         FDRE (Setup_fdre_C_D)       -0.093    47.259    mouse_xpos_pix_sync0_reg[1]
  -------------------------------------------------------------------
                         required time                         47.259    
                         arrival time                         -39.336    
  -------------------------------------------------------------------
                         slack                                  7.922    

Slack (MET) :             7.950ns  (required time - arrival time)
  Source:                 selected_comp_data_reg[38]/C
                            (rising edge-triggered cell FDRE clocked by sys_clk_pin  {rise@0.000ns fall@5.000ns period=10.000ns})
  Destination:            selected_comp_data_pix_sync0_reg[38]/D
                            (rising edge-triggered cell FDRE clocked by clk_pixel  {rise@0.000ns fall@20.000ns period=40.000ns})
  Path Group:             clk_pixel
  Path Type:              Setup (Max at Slow Process Corner)
  Requirement:            10.000ns  (clk_pixel rise@40.000ns - sys_clk_pin rise@30.000ns)
  Data Path Delay:        4.276ns  (logic 0.456ns (10.664%)  route 3.820ns (89.336%))
  Logic Levels:           0  
  Clock Path Skew:        2.307ns (DCD - SCD + CPR)
    Destination Clock Delay (DCD):    7.278ns = ( 47.278 - 40.000 ) 
    Source Clock Delay      (SCD):    5.151ns = ( 35.151 - 30.000 ) 
    Clock Pessimism Removal (CPR):    0.180ns
  Clock Uncertainty:      0.035ns  ((TSJ^2 + TIJ^2)^1/2 + DJ) / 2 + PE
    Total System Jitter     (TSJ):    0.071ns
    Total Input Jitter      (TIJ):    0.000ns
    Discrete Jitter          (DJ):    0.000ns
    Phase Error              (PE):    0.000ns

    Location             Delay type                Incr(ns)  Path(ns)    Netlist Resource(s)
  -------------------------------------------------------------------    -------------------
                         (clock sys_clk_pin rise edge)
                                                     30.000    30.000 r  
    W5                                                0.000    30.000 r  CLK100MHZ (IN)
                         net (fo=0)                   0.000    30.000    CLK100MHZ
    W5                   IBUF (Prop_ibuf_I_O)         1.458    31.458 r  CLK100MHZ_IBUF_inst/O
                         net (fo=1, routed)           1.967    33.425    CLK100MHZ_IBUF
    BUFGCTRL_X0Y0        BUFG (Prop_bufg_I_O)         0.096    33.521 r  CLK100MHZ_IBUF_BUFG_inst/O
                         net (fo=1064, routed)        1.630    35.151    CLK100MHZ_IBUF_BUFG
    SLICE_X5Y13          FDRE                                         r  selected_comp_data_reg[38]/C
  -------------------------------------------------------------------    -------------------
    SLICE_X5Y13          FDRE (Prop_fdre_C_Q)         0.456    35.607 r  selected_comp_data_reg[38]/Q
                         net (fo=2, routed)           3.820    39.427    selected_comp_data_reg_n_0_[38]
    SLICE_X2Y20          FDRE                                         r  selected_comp_data_pix_sync0_reg[38]/D
  -------------------------------------------------------------------    -------------------

                         (clock clk_pixel rise edge)
                                                     40.000    40.000 r  
    W5                                                0.000    40.000 r  CLK100MHZ (IN)
                         net (fo=0)                   0.000    40.000    CLK100MHZ
    W5                   IBUF (Prop_ibuf_I_O)         1.388    41.388 r  CLK100MHZ_IBUF_inst/O
                         net (fo=1, routed)           1.862    43.250    CLK100MHZ_IBUF
    BUFGCTRL_X0Y0        BUFG (Prop_bufg_I_O)         0.091    43.341 r  CLK100MHZ_IBUF_BUFG_inst/O
                         net (fo=1064, routed)        1.445    44.786    clkdiv_pixel_inst/CLK100MHZ_IBUF_BUFG
    SLICE_X36Y46         FDRE (Prop_fdre_C_Q)         0.367    45.153 r  clkdiv_pixel_inst/clk_out_reg/Q
                         net (fo=2, routed)           0.526    45.679    clk_pixel
    BUFGCTRL_X0Y1        BUFG (Prop_bufg_I_O)         0.091    45.770 r  clk_pixel_BUFG_inst/O
                         net (fo=300, routed)         1.508    47.278    clk_pixel_BUFG
    SLICE_X2Y20          FDRE                                         r  selected_comp_data_pix_sync0_reg[38]/C
                         clock pessimism              0.180    47.458    
                         clock uncertainty           -0.035    47.423    
    SLICE_X2Y20          FDRE (Setup_fdre_C_D)       -0.045    47.378    selected_comp_data_pix_sync0_reg[38]
  -------------------------------------------------------------------
                         required time                         47.378    
                         arrival time                         -39.427    
  -------------------------------------------------------------------
                         slack                                  7.950    





Min Delay Paths
--------------------------------------------------------------------------------------
Slack (MET) :             0.225ns  (arrival time - required time)
  Source:                 mouse_ctrl_inst/xpos_reg[1]/C
                            (rising edge-triggered cell FDRE clocked by sys_clk_pin  {rise@0.000ns fall@5.000ns period=10.000ns})
  Destination:            mouse_xpos_pix_sync0_reg[1]/D
                            (rising edge-triggered cell FDRE clocked by clk_pixel  {rise@0.000ns fall@20.000ns period=40.000ns})
  Path Group:             clk_pixel
  Path Type:              Hold (Min at Fast Process Corner)
  Requirement:            0.000ns  (clk_pixel rise@0.000ns - sys_clk_pin rise@0.000ns)
  Data Path Delay:        1.823ns  (logic 0.164ns (8.996%)  route 1.659ns (91.004%))
  Logic Levels:           0  
  Clock Path Skew:        1.551ns (DCD - SCD - CPR)
    Destination Clock Delay (DCD):    3.238ns
    Source Clock Delay      (SCD):    1.443ns
    Clock Pessimism Removal (CPR):    0.244ns

    Location             Delay type                Incr(ns)  Path(ns)    Netlist Resource(s)
  -------------------------------------------------------------------    -------------------
                         (clock sys_clk_pin rise edge)
                                                      0.000     0.000 r  
    W5                                                0.000     0.000 r  CLK100MHZ (IN)
                         net (fo=0)                   0.000     0.000    CLK100MHZ
    W5                   IBUF (Prop_ibuf_I_O)         0.226     0.226 r  CLK100MHZ_IBUF_inst/O
                         net (fo=1, routed)           0.631     0.858    CLK100MHZ_IBUF
    BUFGCTRL_X0Y0        BUFG (Prop_bufg_I_O)         0.026     0.884 r  CLK100MHZ_IBUF_BUFG_inst/O
                         net (fo=1064, routed)        0.560     1.443    mouse_ctrl_inst/CLK100MHZ_IBUF_BUFG
    SLICE_X12Y32         FDRE                                         r  mouse_ctrl_inst/xpos_reg[1]/C
  -------------------------------------------------------------------    -------------------
    SLICE_X12Y32         FDRE (Prop_fdre_C_Q)         0.164     1.607 r  mouse_ctrl_inst/xpos_reg[1]/Q
                         net (fo=2, routed)           1.659     3.266    mouse_xpos[1]
    SLICE_X11Y22         FDRE                                         r  mouse_xpos_pix_sync0_reg[1]/D
  -------------------------------------------------------------------    -------------------

                         (clock clk_pixel rise edge)
                                                      0.000     0.000 r  
    W5                                                0.000     0.000 r  CLK100MHZ (IN)
                         net (fo=0)                   0.000     0.000    CLK100MHZ
    W5                   IBUF (Prop_ibuf_I_O)         0.414     0.414 r  CLK100MHZ_IBUF_inst/O
                         net (fo=1, routed)           0.685     1.099    CLK100MHZ_IBUF
    BUFGCTRL_X0Y0        BUFG (Prop_bufg_I_O)         0.029     1.128 r  CLK100MHZ_IBUF_BUFG_inst/O
                         net (fo=1064, routed)        0.832     1.959    clkdiv_pixel_inst/CLK100MHZ_IBUF_BUFG
    SLICE_X36Y46         FDRE (Prop_fdre_C_Q)         0.175     2.134 r  clkdiv_pixel_inst/clk_out_reg/Q
                         net (fo=2, routed)           0.253     2.387    clk_pixel
    BUFGCTRL_X0Y1        BUFG (Prop_bufg_I_O)         0.029     2.416 r  clk_pixel_BUFG_inst/O
                         net (fo=300, routed)         0.823     3.238    clk_pixel_BUFG
    SLICE_X11Y22         FDRE                                         r  mouse_xpos_pix_sync0_reg[1]/C
                         clock pessimism             -0.244     2.994    
    SLICE_X11Y22         FDRE (Hold_fdre_C_D)         0.047     3.041    mouse_xpos_pix_sync0_reg[1]
  -------------------------------------------------------------------
                         required time                         -3.041    
                         arrival time                           3.266    
  -------------------------------------------------------------------
                         slack                                  0.225    

Slack (MET) :             0.236ns  (arrival time - required time)
  Source:                 mouse_ctrl_inst/xpos_reg[9]/C
                            (rising edge-triggered cell FDRE clocked by sys_clk_pin  {rise@0.000ns fall@5.000ns period=10.000ns})
  Destination:            mouse_xpos_pix_sync0_reg[9]/D
                            (rising edge-triggered cell FDRE clocked by clk_pixel  {rise@0.000ns fall@20.000ns period=40.000ns})
  Path Group:             clk_pixel
  Path Type:              Hold (Min at Fast Process Corner)
  Requirement:            0.000ns  (clk_pixel rise@0.000ns - sys_clk_pin rise@0.000ns)
  Data Path Delay:        1.846ns  (logic 0.164ns (8.882%)  route 1.682ns (91.118%))
  Logic Levels:           0  
  Clock Path Skew:        1.549ns (DCD - SCD - CPR)
    Destination Clock Delay (DCD):    3.236ns
    Source Clock Delay      (SCD):    1.443ns
    Clock Pessimism Removal (CPR):    0.244ns

    Location             Delay type                Incr(ns)  Path(ns)    Netlist Resource(s)
  -------------------------------------------------------------------    -------------------
                         (clock sys_clk_pin rise edge)
                                                      0.000     0.000 r  
    W5                                                0.000     0.000 r  CLK100MHZ (IN)
                         net (fo=0)                   0.000     0.000    CLK100MHZ
    W5                   IBUF (Prop_ibuf_I_O)         0.226     0.226 r  CLK100MHZ_IBUF_inst/O
                         net (fo=1, routed)           0.631     0.858    CLK100MHZ_IBUF
    BUFGCTRL_X0Y0        BUFG (Prop_bufg_I_O)         0.026     0.884 r  CLK100MHZ_IBUF_BUFG_inst/O
                         net (fo=1064, routed)        0.560     1.443    mouse_ctrl_inst/CLK100MHZ_IBUF_BUFG
    SLICE_X12Y32         FDRE                                         r  mouse_ctrl_inst/xpos_reg[9]/C
  -------------------------------------------------------------------    -------------------
    SLICE_X12Y32         FDRE (Prop_fdre_C_Q)         0.164     1.607 r  mouse_ctrl_inst/xpos_reg[9]/Q
                         net (fo=2, routed)           1.682     3.290    mouse_xpos[9]
    SLICE_X11Y26         FDRE                                         r  mouse_xpos_pix_sync0_reg[9]/D
  -------------------------------------------------------------------    -------------------

                         (clock clk_pixel rise edge)
                                                      0.000     0.000 r  
    W5                                                0.000     0.000 r  CLK100MHZ (IN)
                         net (fo=0)                   0.000     0.000    CLK100MHZ
    W5                   IBUF (Prop_ibuf_I_O)         0.414     0.414 r  CLK100MHZ_IBUF_inst/O
                         net (fo=1, routed)           0.685     1.099    CLK100MHZ_IBUF
    BUFGCTRL_X0Y0        BUFG (Prop_bufg_I_O)         0.029     1.128 r  CLK100MHZ_IBUF_BUFG_inst/O
                         net (fo=1064, routed)        0.832     1.959    clkdiv_pixel_inst/CLK100MHZ_IBUF_BUFG
    SLICE_X36Y46         FDRE (Prop_fdre_C_Q)         0.175     2.134 r  clkdiv_pixel_inst/clk_out_reg/Q
                         net (fo=2, routed)           0.253     2.387    clk_pixel
    BUFGCTRL_X0Y1        BUFG (Prop_bufg_I_O)         0.029     2.416 r  clk_pixel_BUFG_inst/O
                         net (fo=300, routed)         0.821     3.236    clk_pixel_BUFG
    SLICE_X11Y26         FDRE                                         r  mouse_xpos_pix_sync0_reg[9]/C
                         clock pessimism             -0.244     2.992    
    SLICE_X11Y26         FDRE (Hold_fdre_C_D)         0.061     3.053    mouse_xpos_pix_sync0_reg[9]
  -------------------------------------------------------------------
                         required time                         -3.053    
                         arrival time                           3.290    
  -------------------------------------------------------------------
                         slack                                  0.236    

Slack (MET) :             0.244ns  (arrival time - required time)
  Source:                 mouse_ctrl_inst/xpos_reg[0]/C
                            (rising edge-triggered cell FDRE clocked by sys_clk_pin  {rise@0.000ns fall@5.000ns period=10.000ns})
  Destination:            mouse_xpos_pix_sync0_reg[0]/D
                            (rising edge-triggered cell FDRE clocked by clk_pixel  {rise@0.000ns fall@20.000ns period=40.000ns})
  Path Group:             clk_pixel
  Path Type:              Hold (Min at Fast Process Corner)
  Requirement:            0.000ns  (clk_pixel rise@0.000ns - sys_clk_pin rise@0.000ns)
  Data Path Delay:        1.852ns  (logic 0.164ns (8.856%)  route 1.688ns (91.144%))
  Logic Levels:           0  
  Clock Path Skew:        1.556ns (DCD - SCD - CPR)
    Destination Clock Delay (DCD):    3.239ns
    Source Clock Delay      (SCD):    1.439ns
    Clock Pessimism Removal (CPR):    0.244ns

    Location             Delay type                Incr(ns)  Path(ns)    Netlist Resource(s)
  -------------------------------------------------------------------    -------------------
                         (clock sys_clk_pin rise edge)
                                                      0.000     0.000 r  
    W5                                                0.000     0.000 r  CLK100MHZ (IN)
                         net (fo=0)                   0.000     0.000    CLK100MHZ
    W5                   IBUF (Prop_ibuf_I_O)         0.226     0.226 r  CLK100MHZ_IBUF_inst/O
                         net (fo=1, routed)           0.631     0.858    CLK100MHZ_IBUF
    BUFGCTRL_X0Y0        BUFG (Prop_bufg_I_O)         0.026     0.884 r  CLK100MHZ_IBUF_BUFG_inst/O
                         net (fo=1064, routed)        0.556     1.439    mouse_ctrl_inst/CLK100MHZ_IBUF_BUFG
    SLICE_X14Y27         FDRE                                         r  mouse_ctrl_inst/xpos_reg[0]/C
  -------------------------------------------------------------------    -------------------
    SLICE_X14Y27         FDRE (Prop_fdre_C_Q)         0.164     1.603 r  mouse_ctrl_inst/xpos_reg[0]/Q
                         net (fo=2, routed)           1.688     3.291    mouse_xpos[0]
    SLICE_X8Y21          FDRE                                         r  mouse_xpos_pix_sync0_reg[0]/D
  -------------------------------------------------------------------    -------------------

                         (clock clk_pixel rise edge)
                                                      0.000     0.000 r  
    W5                                                0.000     0.000 r  CLK100MHZ (IN)
                         net (fo=0)                   0.000     0.000    CLK100MHZ
    W5                   IBUF (Prop_ibuf_I_O)         0.414     0.414 r  CLK100MHZ_IBUF_inst/O
                         net (fo=1, routed)           0.685     1.099    CLK100MHZ_IBUF
    BUFGCTRL_X0Y0        BUFG (Prop_bufg_I_O)         0.029     1.128 r  CLK100MHZ_IBUF_BUFG_inst/O
                         net (fo=1064, routed)        0.832     1.959    clkdiv_pixel_inst/CLK100MHZ_IBUF_BUFG
    SLICE_X36Y46         FDRE (Prop_fdre_C_Q)         0.175     2.134 r  clkdiv_pixel_inst/clk_out_reg/Q
                         net (fo=2, routed)           0.253     2.387    clk_pixel
    BUFGCTRL_X0Y1        BUFG (Prop_bufg_I_O)         0.029     2.416 r  clk_pixel_BUFG_inst/O
                         net (fo=300, routed)         0.824     3.239    clk_pixel_BUFG
    SLICE_X8Y21          FDRE                                         r  mouse_xpos_pix_sync0_reg[0]/C
                         clock pessimism             -0.244     2.995    
    SLICE_X8Y21          FDRE (Hold_fdre_C_D)         0.052     3.047    mouse_xpos_pix_sync0_reg[0]
  -------------------------------------------------------------------
                         required time                         -3.047    
                         arrival time                           3.291    
  -------------------------------------------------------------------
                         slack                                  0.244    

Slack (MET) :             0.255ns  (arrival time - required time)
  Source:                 mouse_ctrl_inst/ypos_reg[4]/C
                            (rising edge-triggered cell FDRE clocked by sys_clk_pin  {rise@0.000ns fall@5.000ns period=10.000ns})
  Destination:            mouse_ypos_pix_sync0_reg[4]/D
                            (rising edge-triggered cell FDRE clocked by clk_pixel  {rise@0.000ns fall@20.000ns period=40.000ns})
  Path Group:             clk_pixel
  Path Type:              Hold (Min at Fast Process Corner)
  Requirement:            0.000ns  (clk_pixel rise@0.000ns - sys_clk_pin rise@0.000ns)
  Data Path Delay:        1.881ns  (logic 0.141ns (7.495%)  route 1.740ns (92.505%))
  Logic Levels:           0  
  Clock Path Skew:        1.550ns (DCD - SCD - CPR)
    Destination Clock Delay (DCD):    3.235ns
    Source Clock Delay      (SCD):    1.441ns
    Clock Pessimism Removal (CPR):    0.244ns

    Location             Delay type                Incr(ns)  Path(ns)    Netlist Resource(s)
  -------------------------------------------------------------------    -------------------
                         (clock sys_clk_pin rise edge)
                                                      0.000     0.000 r  
    W5                                                0.000     0.000 r  CLK100MHZ (IN)
                         net (fo=0)                   0.000     0.000    CLK100MHZ
    W5                   IBUF (Prop_ibuf_I_O)         0.226     0.226 r  CLK100MHZ_IBUF_inst/O
                         net (fo=1, routed)           0.631     0.858    CLK100MHZ_IBUF
    BUFGCTRL_X0Y0        BUFG (Prop_bufg_I_O)         0.026     0.884 r  CLK100MHZ_IBUF_BUFG_inst/O
                         net (fo=1064, routed)        0.558     1.441    mouse_ctrl_inst/CLK100MHZ_IBUF_BUFG
    SLICE_X11Y30         FDRE                                         r  mouse_ctrl_inst/ypos_reg[4]/C
  -------------------------------------------------------------------    -------------------
    SLICE_X11Y30         FDRE (Prop_fdre_C_Q)         0.141     1.582 r  mouse_ctrl_inst/ypos_reg[4]/Q
                         net (fo=2, routed)           1.740     3.322    mouse_ypos[4]
    SLICE_X10Y24         FDRE                                         r  mouse_ypos_pix_sync0_reg[4]/D
  -------------------------------------------------------------------    -------------------

                         (clock clk_pixel rise edge)
                                                      0.000     0.000 r  
    W5                                                0.000     0.000 r  CLK100MHZ (IN)
                         net (fo=0)                   0.000     0.000    CLK100MHZ
    W5                   IBUF (Prop_ibuf_I_O)         0.414     0.414 r  CLK100MHZ_IBUF_inst/O
                         net (fo=1, routed)           0.685     1.099    CLK100MHZ_IBUF
    BUFGCTRL_X0Y0        BUFG (Prop_bufg_I_O)         0.029     1.128 r  CLK100MHZ_IBUF_BUFG_inst/O
                         net (fo=1064, routed)        0.832     1.959    clkdiv_pixel_inst/CLK100MHZ_IBUF_BUFG
    SLICE_X36Y46         FDRE (Prop_fdre_C_Q)         0.175     2.134 r  clkdiv_pixel_inst/clk_out_reg/Q
                         net (fo=2, routed)           0.253     2.387    clk_pixel
    BUFGCTRL_X0Y1        BUFG (Prop_bufg_I_O)         0.029     2.416 r  clk_pixel_BUFG_inst/O
                         net (fo=300, routed)         0.820     3.235    clk_pixel_BUFG
    SLICE_X10Y24         FDRE                                         r  mouse_ypos_pix_sync0_reg[4]/C
                         clock pessimism             -0.244     2.991    
    SLICE_X10Y24         FDRE (Hold_fdre_C_D)         0.076     3.067    mouse_ypos_pix_sync0_reg[4]
  -------------------------------------------------------------------
                         required time                         -3.067    
                         arrival time                           3.322    
  -------------------------------------------------------------------
                         slack                                  0.255    

Slack (MET) :             0.257ns  (arrival time - required time)
  Source:                 mouse_ctrl_inst/ypos_reg[9]/C
                            (rising edge-triggered cell FDRE clocked by sys_clk_pin  {rise@0.000ns fall@5.000ns period=10.000ns})
  Destination:            mouse_ypos_pix_sync0_reg[9]/D
                            (rising edge-triggered cell FDRE clocked by clk_pixel  {rise@0.000ns fall@20.000ns period=40.000ns})
  Path Group:             clk_pixel
  Path Type:              Hold (Min at Fast Process Corner)
  Requirement:            0.000ns  (clk_pixel rise@0.000ns - sys_clk_pin rise@0.000ns)
  Data Path Delay:        1.857ns  (logic 0.141ns (7.592%)  route 1.716ns (92.408%))
  Logic Levels:           0  
  Clock Path Skew:        1.553ns (DCD - SCD - CPR)
    Destination Clock Delay (DCD):    3.242ns
    Source Clock Delay      (SCD):    1.445ns
    Clock Pessimism Removal (CPR):    0.244ns

    Location             Delay type                Incr(ns)  Path(ns)    Netlist Resource(s)
  -------------------------------------------------------------------    -------------------
                         (clock sys_clk_pin rise edge)
                                                      0.000     0.000 r  
    W5                                                0.000     0.000 r  CLK100MHZ (IN)
                         net (fo=0)                   0.000     0.000    CLK100MHZ
    W5                   IBUF (Prop_ibuf_I_O)         0.226     0.226 r  CLK100MHZ_IBUF_inst/O
                         net (fo=1, routed)           0.631     0.858    CLK100MHZ_IBUF
    BUFGCTRL_X0Y0        BUFG (Prop_bufg_I_O)         0.026     0.884 r  CLK100MHZ_IBUF_BUFG_inst/O
                         net (fo=1064, routed)        0.562     1.445    mouse_ctrl_inst/CLK100MHZ_IBUF_BUFG
    SLICE_X11Y34         FDRE                                         r  mouse_ctrl_inst/ypos_reg[9]/C
  -------------------------------------------------------------------    -------------------
    SLICE_X11Y34         FDRE (Prop_fdre_C_Q)         0.141     1.586 r  mouse_ctrl_inst/ypos_reg[9]/Q
                         net (fo=2, routed)           1.716     3.302    mouse_ypos[9]
    SLICE_X15Y31         FDRE                                         r  mouse_ypos_pix_sync0_reg[9]/D
  -------------------------------------------------------------------    -------------------

                         (clock clk_pixel rise edge)
                                                      0.000     0.000 r  
    W5                                                0.000     0.000 r  CLK100MHZ (IN)
                         net (fo=0)                   0.000     0.000    CLK100MHZ
    W5                   IBUF (Prop_ibuf_I_O)         0.414     0.414 r  CLK100MHZ_IBUF_inst/O
                         net (fo=1, routed)           0.685     1.099    CLK100MHZ_IBUF
    BUFGCTRL_X0Y0        BUFG (Prop_bufg_I_O)         0.029     1.128 r  CLK100MHZ_IBUF_BUFG_inst/O
                         net (fo=1064, routed)        0.832     1.959    clkdiv_pixel_inst/CLK100MHZ_IBUF_BUFG
    SLICE_X36Y46         FDRE (Prop_fdre_C_Q)         0.175     2.134 r  clkdiv_pixel_inst/clk_out_reg/Q
                         net (fo=2, routed)           0.253     2.387    clk_pixel
    BUFGCTRL_X0Y1        BUFG (Prop_bufg_I_O)         0.029     2.416 r  clk_pixel_BUFG_inst/O
                         net (fo=300, routed)         0.827     3.242    clk_pixel_BUFG
    SLICE_X15Y31         FDRE                                         r  mouse_ypos_pix_sync0_reg[9]/C
                         clock pessimism             -0.244     2.998    
    SLICE_X15Y31         FDRE (Hold_fdre_C_D)         0.047     3.045    mouse_ypos_pix_sync0_reg[9]
  -------------------------------------------------------------------
                         required time                         -3.045    
                         arrival time                           3.302    
  -------------------------------------------------------------------
                         slack                                  0.257    

Slack (MET) :             0.268ns  (arrival time - required time)
  Source:                 mouse_ctrl_inst/xpos_reg[11]/C
                            (rising edge-triggered cell FDRE clocked by sys_clk_pin  {rise@0.000ns fall@5.000ns period=10.000ns})
  Destination:            mouse_xpos_pix_sync0_reg[11]/D
                            (rising edge-triggered cell FDRE clocked by clk_pixel  {rise@0.000ns fall@20.000ns period=40.000ns})
  Path Group:             clk_pixel
  Path Type:              Hold (Min at Fast Process Corner)
  Requirement:            0.000ns  (clk_pixel rise@0.000ns - sys_clk_pin rise@0.000ns)
  Data Path Delay:        1.876ns  (logic 0.141ns (7.518%)  route 1.735ns (92.482%))
  Logic Levels:           0  
  Clock Path Skew:        1.548ns (DCD - SCD - CPR)
    Destination Clock Delay (DCD):    3.235ns
    Source Clock Delay      (SCD):    1.443ns
    Clock Pessimism Removal (CPR):    0.244ns

    Location             Delay type                Incr(ns)  Path(ns)    Netlist Resource(s)
  -------------------------------------------------------------------    -------------------
                         (clock sys_clk_pin rise edge)
                                                      0.000     0.000 r  
    W5                                                0.000     0.000 r  CLK100MHZ (IN)
                         net (fo=0)                   0.000     0.000    CLK100MHZ
    W5                   IBUF (Prop_ibuf_I_O)         0.226     0.226 r  CLK100MHZ_IBUF_inst/O
                         net (fo=1, routed)           0.631     0.858    CLK100MHZ_IBUF
    BUFGCTRL_X0Y0        BUFG (Prop_bufg_I_O)         0.026     0.884 r  CLK100MHZ_IBUF_BUFG_inst/O
                         net (fo=1064, routed)        0.560     1.443    mouse_ctrl_inst/CLK100MHZ_IBUF_BUFG
    SLICE_X13Y32         FDRE                                         r  mouse_ctrl_inst/xpos_reg[11]/C
  -------------------------------------------------------------------    -------------------
    SLICE_X13Y32         FDRE (Prop_fdre_C_Q)         0.141     1.584 r  mouse_ctrl_inst/xpos_reg[11]/Q
                         net (fo=2, routed)           1.735     3.319    mouse_xpos[11]
    SLICE_X13Y24         FDRE                                         r  mouse_xpos_pix_sync0_reg[11]/D
  -------------------------------------------------------------------    -------------------

                         (clock clk_pixel rise edge)
                                                      0.000     0.000 r  
    W5                                                0.000     0.000 r  CLK100MHZ (IN)
                         net (fo=0)                   0.000     0.000    CLK100MHZ
    W5                   IBUF (Prop_ibuf_I_O)         0.414     0.414 r  CLK100MHZ_IBUF_inst/O
                         net (fo=1, routed)           0.685     1.099    CLK100MHZ_IBUF
    BUFGCTRL_X0Y0        BUFG (Prop_bufg_I_O)         0.029     1.128 r  CLK100MHZ_IBUF_BUFG_inst/O
                         net (fo=1064, routed)        0.832     1.959    clkdiv_pixel_inst/CLK100MHZ_IBUF_BUFG
    SLICE_X36Y46         FDRE (Prop_fdre_C_Q)         0.175     2.134 r  clkdiv_pixel_inst/clk_out_reg/Q
                         net (fo=2, routed)           0.253     2.387    clk_pixel
    BUFGCTRL_X0Y1        BUFG (Prop_bufg_I_O)         0.029     2.416 r  clk_pixel_BUFG_inst/O
                         net (fo=300, routed)         0.820     3.235    clk_pixel_BUFG
    SLICE_X13Y24         FDRE                                         r  mouse_xpos_pix_sync0_reg[11]/C
                         clock pessimism             -0.244     2.991    
    SLICE_X13Y24         FDRE (Hold_fdre_C_D)         0.059     3.050    mouse_xpos_pix_sync0_reg[11]
  -------------------------------------------------------------------
                         required time                         -3.050    
                         arrival time                           3.319    
  -------------------------------------------------------------------
                         slack                                  0.268    

Slack (MET) :             0.281ns  (arrival time - required time)
  Source:                 mouse_ctrl_inst/ypos_reg[3]/C
                            (rising edge-triggered cell FDRE clocked by sys_clk_pin  {rise@0.000ns fall@5.000ns period=10.000ns})
  Destination:            mouse_ypos_pix_sync0_reg[3]/D
                            (rising edge-triggered cell FDRE clocked by clk_pixel  {rise@0.000ns fall@20.000ns period=40.000ns})
  Path Group:             clk_pixel
  Path Type:              Hold (Min at Fast Process Corner)
  Requirement:            0.000ns  (clk_pixel rise@0.000ns - sys_clk_pin rise@0.000ns)
  Data Path Delay:        1.878ns  (logic 0.141ns (7.509%)  route 1.737ns (92.491%))
  Logic Levels:           0  
  Clock Path Skew:        1.550ns (DCD - SCD - CPR)
    Destination Clock Delay (DCD):    3.236ns
    Source Clock Delay      (SCD):    1.442ns
    Clock Pessimism Removal (CPR):    0.244ns

    Location             Delay type                Incr(ns)  Path(ns)    Netlist Resource(s)
  -------------------------------------------------------------------    -------------------
                         (clock sys_clk_pin rise edge)
                                                      0.000     0.000 r  
    W5                                                0.000     0.000 r  CLK100MHZ (IN)
                         net (fo=0)                   0.000     0.000    CLK100MHZ
    W5                   IBUF (Prop_ibuf_I_O)         0.226     0.226 r  CLK100MHZ_IBUF_inst/O
                         net (fo=1, routed)           0.631     0.858    CLK100MHZ_IBUF
    BUFGCTRL_X0Y0        BUFG (Prop_bufg_I_O)         0.026     0.884 r  CLK100MHZ_IBUF_BUFG_inst/O
                         net (fo=1064, routed)        0.559     1.442    mouse_ctrl_inst/CLK100MHZ_IBUF_BUFG
    SLICE_X11Y31         FDRE                                         r  mouse_ctrl_inst/ypos_reg[3]/C
  -------------------------------------------------------------------    -------------------
    SLICE_X11Y31         FDRE (Prop_fdre_C_Q)         0.141     1.583 r  mouse_ctrl_inst/ypos_reg[3]/Q
                         net (fo=2, routed)           1.737     3.320    mouse_ypos[3]
    SLICE_X11Y26         FDRE                                         r  mouse_ypos_pix_sync0_reg[3]/D
  -------------------------------------------------------------------    -------------------

                         (clock clk_pixel rise edge)
                                                      0.000     0.000 r  
    W5                                                0.000     0.000 r  CLK100MHZ (IN)
                         net (fo=0)                   0.000     0.000    CLK100MHZ
    W5                   IBUF (Prop_ibuf_I_O)         0.414     0.414 r  CLK100MHZ_IBUF_inst/O
                         net (fo=1, routed)           0.685     1.099    CLK100MHZ_IBUF
    BUFGCTRL_X0Y0        BUFG (Prop_bufg_I_O)         0.029     1.128 r  CLK100MHZ_IBUF_BUFG_inst/O
                         net (fo=1064, routed)        0.832     1.959    clkdiv_pixel_inst/CLK100MHZ_IBUF_BUFG
    SLICE_X36Y46         FDRE (Prop_fdre_C_Q)         0.175     2.134 r  clkdiv_pixel_inst/clk_out_reg/Q
                         net (fo=2, routed)           0.253     2.387    clk_pixel
    BUFGCTRL_X0Y1        BUFG (Prop_bufg_I_O)         0.029     2.416 r  clk_pixel_BUFG_inst/O
                         net (fo=300, routed)         0.821     3.236    clk_pixel_BUFG
    SLICE_X11Y26         FDRE                                         r  mouse_ypos_pix_sync0_reg[3]/C
                         clock pessimism             -0.244     2.992    
    SLICE_X11Y26         FDRE (Hold_fdre_C_D)         0.047     3.039    mouse_ypos_pix_sync0_reg[3]
  -------------------------------------------------------------------
                         required time                         -3.039    
                         arrival time                           3.320    
  -------------------------------------------------------------------
                         slack                                  0.281    

Slack (MET) :             0.286ns  (arrival time - required time)
  Source:                 mouse_ctrl_inst/ypos_reg[2]/C
                            (rising edge-triggered cell FDRE clocked by sys_clk_pin  {rise@0.000ns fall@5.000ns period=10.000ns})
  Destination:            mouse_ypos_pix_sync0_reg[2]/D
                            (rising edge-triggered cell FDRE clocked by clk_pixel  {rise@0.000ns fall@20.000ns period=40.000ns})
  Path Group:             clk_pixel
  Path Type:              Hold (Min at Fast Process Corner)
  Requirement:            0.000ns  (clk_pixel rise@0.000ns - sys_clk_pin rise@0.000ns)
  Data Path Delay:        1.911ns  (logic 0.141ns (7.378%)  route 1.770ns (92.622%))
  Logic Levels:           0  
  Clock Path Skew:        1.549ns (DCD - SCD - CPR)
    Destination Clock Delay (DCD):    3.235ns
    Source Clock Delay      (SCD):    1.442ns
    Clock Pessimism Removal (CPR):    0.244ns

    Location             Delay type                Incr(ns)  Path(ns)    Netlist Resource(s)
  -------------------------------------------------------------------    -------------------
                         (clock sys_clk_pin rise edge)
                                                      0.000     0.000 r  
    W5                                                0.000     0.000 r  CLK100MHZ (IN)
                         net (fo=0)                   0.000     0.000    CLK100MHZ
    W5                   IBUF (Prop_ibuf_I_O)         0.226     0.226 r  CLK100MHZ_IBUF_inst/O
                         net (fo=1, routed)           0.631     0.858    CLK100MHZ_IBUF
    BUFGCTRL_X0Y0        BUFG (Prop_bufg_I_O)         0.026     0.884 r  CLK100MHZ_IBUF_BUFG_inst/O
                         net (fo=1064, routed)        0.559     1.442    mouse_ctrl_inst/CLK100MHZ_IBUF_BUFG
    SLICE_X9Y31          FDRE                                         r  mouse_ctrl_inst/ypos_reg[2]/C
  -------------------------------------------------------------------    -------------------
    SLICE_X9Y31          FDRE (Prop_fdre_C_Q)         0.141     1.583 r  mouse_ctrl_inst/ypos_reg[2]/Q
                         net (fo=2, routed)           1.770     3.353    mouse_ypos[2]
    SLICE_X10Y24         FDRE                                         r  mouse_ypos_pix_sync0_reg[2]/D
  -------------------------------------------------------------------    -------------------

                         (clock clk_pixel rise edge)
                                                      0.000     0.000 r  
    W5                                                0.000     0.000 r  CLK100MHZ (IN)
                         net (fo=0)                   0.000     0.000    CLK100MHZ
    W5                   IBUF (Prop_ibuf_I_O)         0.414     0.414 r  CLK100MHZ_IBUF_inst/O
                         net (fo=1, routed)           0.685     1.099    CLK100MHZ_IBUF
    BUFGCTRL_X0Y0        BUFG (Prop_bufg_I_O)         0.029     1.128 r  CLK100MHZ_IBUF_BUFG_inst/O
                         net (fo=1064, routed)        0.832     1.959    clkdiv_pixel_inst/CLK100MHZ_IBUF_BUFG
    SLICE_X36Y46         FDRE (Prop_fdre_C_Q)         0.175     2.134 r  clkdiv_pixel_inst/clk_out_reg/Q
                         net (fo=2, routed)           0.253     2.387    clk_pixel
    BUFGCTRL_X0Y1        BUFG (Prop_bufg_I_O)         0.029     2.416 r  clk_pixel_BUFG_inst/O
                         net (fo=300, routed)         0.820     3.235    clk_pixel_BUFG
    SLICE_X10Y24         FDRE                                         r  mouse_ypos_pix_sync0_reg[2]/C
                         clock pessimism             -0.244     2.991    
    SLICE_X10Y24         FDRE (Hold_fdre_C_D)         0.076     3.067    mouse_ypos_pix_sync0_reg[2]
  -------------------------------------------------------------------
                         required time                         -3.067    
                         arrival time                           3.353    
  -------------------------------------------------------------------
                         slack                                  0.286    

Slack (MET) :             0.288ns  (arrival time - required time)
  Source:                 mouse_ctrl_inst/xpos_reg[2]/C
                            (rising edge-triggered cell FDRE clocked by sys_clk_pin  {rise@0.000ns fall@5.000ns period=10.000ns})
  Destination:            mouse_xpos_pix_sync0_reg[2]/D
                            (rising edge-triggered cell FDRE clocked by clk_pixel  {rise@0.000ns fall@20.000ns period=40.000ns})
  Path Group:             clk_pixel
  Path Type:              Hold (Min at Fast Process Corner)
  Requirement:            0.000ns  (clk_pixel rise@0.000ns - sys_clk_pin rise@0.000ns)
  Data Path Delay:        1.887ns  (logic 0.164ns (8.692%)  route 1.723ns (91.308%))
  Logic Levels:           0  
  Clock Path Skew:        1.553ns (DCD - SCD - CPR)
    Destination Clock Delay (DCD):    3.236ns
    Source Clock Delay      (SCD):    1.439ns
    Clock Pessimism Removal (CPR):    0.244ns

    Location             Delay type                Incr(ns)  Path(ns)    Netlist Resource(s)
  -------------------------------------------------------------------    -------------------
                         (clock sys_clk_pin rise edge)
                                                      0.000     0.000 r  
    W5                                                0.000     0.000 r  CLK100MHZ (IN)
                         net (fo=0)                   0.000     0.000    CLK100MHZ
    W5                   IBUF (Prop_ibuf_I_O)         0.226     0.226 r  CLK100MHZ_IBUF_inst/O
                         net (fo=1, routed)           0.631     0.858    CLK100MHZ_IBUF
    BUFGCTRL_X0Y0        BUFG (Prop_bufg_I_O)         0.026     0.884 r  CLK100MHZ_IBUF_BUFG_inst/O
                         net (fo=1064, routed)        0.556     1.439    mouse_ctrl_inst/CLK100MHZ_IBUF_BUFG
    SLICE_X14Y27         FDRE                                         r  mouse_ctrl_inst/xpos_reg[2]/C
  -------------------------------------------------------------------    -------------------
    SLICE_X14Y27         FDRE (Prop_fdre_C_Q)         0.164     1.603 r  mouse_ctrl_inst/xpos_reg[2]/Q
                         net (fo=2, routed)           1.723     3.326    mouse_xpos[2]
    SLICE_X13Y23         FDRE                                         r  mouse_xpos_pix_sync0_reg[2]/D
  -------------------------------------------------------------------    -------------------

                         (clock clk_pixel rise edge)
                                                      0.000     0.000 r  
    W5                                                0.000     0.000 r  CLK100MHZ (IN)
                         net (fo=0)                   0.000     0.000    CLK100MHZ
    W5                   IBUF (Prop_ibuf_I_O)         0.414     0.414 r  CLK100MHZ_IBUF_inst/O
                         net (fo=1, routed)           0.685     1.099    CLK100MHZ_IBUF
    BUFGCTRL_X0Y0        BUFG (Prop_bufg_I_O)         0.029     1.128 r  CLK100MHZ_IBUF_BUFG_inst/O
                         net (fo=1064, routed)        0.832     1.959    clkdiv_pixel_inst/CLK100MHZ_IBUF_BUFG
    SLICE_X36Y46         FDRE (Prop_fdre_C_Q)         0.175     2.134 r  clkdiv_pixel_inst/clk_out_reg/Q
                         net (fo=2, routed)           0.253     2.387    clk_pixel
    BUFGCTRL_X0Y1        BUFG (Prop_bufg_I_O)         0.029     2.416 r  clk_pixel_BUFG_inst/O
                         net (fo=300, routed)         0.821     3.236    clk_pixel_BUFG
    SLICE_X13Y23         FDRE                                         r  mouse_xpos_pix_sync0_reg[2]/C
                         clock pessimism             -0.244     2.992    
    SLICE_X13Y23         FDRE (Hold_fdre_C_D)         0.046     3.038    mouse_xpos_pix_sync0_reg[2]
  -------------------------------------------------------------------
                         required time                         -3.038    
                         arrival time                           3.326    
  -------------------------------------------------------------------
                         slack                                  0.288    

Slack (MET) :             0.292ns  (arrival time - required time)
  Source:                 selected_comp_data_reg[37]/C
                            (rising edge-triggered cell FDRE clocked by sys_clk_pin  {rise@0.000ns fall@5.000ns period=10.000ns})
  Destination:            selected_comp_data_pix_sync0_reg[37]/D
                            (rising edge-triggered cell FDRE clocked by clk_pixel  {rise@0.000ns fall@20.000ns period=40.000ns})
  Path Group:             clk_pixel
  Path Type:              Hold (Min at Fast Process Corner)
  Requirement:            0.000ns  (clk_pixel rise@0.000ns - sys_clk_pin rise@0.000ns)
  Data Path Delay:        1.920ns  (logic 0.164ns (8.543%)  route 1.756ns (91.457%))
  Logic Levels:           0  
  Clock Path Skew:        1.552ns (DCD - SCD - CPR)
    Destination Clock Delay (DCD):    3.270ns
    Source Clock Delay      (SCD):    1.474ns
    Clock Pessimism Removal (CPR):    0.244ns

    Location             Delay type                Incr(ns)  Path(ns)    Netlist Resource(s)
  -------------------------------------------------------------------    -------------------
                         (clock sys_clk_pin rise edge)
                                                      0.000     0.000 r  
    W5                                                0.000     0.000 r  CLK100MHZ (IN)
                         net (fo=0)                   0.000     0.000    CLK100MHZ
    W5                   IBUF (Prop_ibuf_I_O)         0.226     0.226 r  CLK100MHZ_IBUF_inst/O
                         net (fo=1, routed)           0.631     0.858    CLK100MHZ_IBUF
    BUFGCTRL_X0Y0        BUFG (Prop_bufg_I_O)         0.026     0.884 r  CLK100MHZ_IBUF_BUFG_inst/O
                         net (fo=1064, routed)        0.591     1.474    CLK100MHZ_IBUF_BUFG
    SLICE_X2Y13          FDRE                                         r  selected_comp_data_reg[37]/C
  -------------------------------------------------------------------    -------------------
    SLICE_X2Y13          FDRE (Prop_fdre_C_Q)         0.164     1.638 r  selected_comp_data_reg[37]/Q
                         net (fo=2, routed)           1.756     3.394    selected_comp_data_reg_n_0_[37]
    SLICE_X2Y20          FDRE                                         r  selected_comp_data_pix_sync0_reg[37]/D
  -------------------------------------------------------------------    -------------------

                         (clock clk_pixel rise edge)
                                                      0.000     0.000 r  
    W5                                                0.000     0.000 r  CLK100MHZ (IN)
                         net (fo=0)                   0.000     0.000    CLK100MHZ
    W5                   IBUF (Prop_ibuf_I_O)         0.414     0.414 r  CLK100MHZ_IBUF_inst/O
                         net (fo=1, routed)           0.685     1.099    CLK100MHZ_IBUF
    BUFGCTRL_X0Y0        BUFG (Prop_bufg_I_O)         0.029     1.128 r  CLK100MHZ_IBUF_BUFG_inst/O
                         net (fo=1064, routed)        0.832     1.959    clkdiv_pixel_inst/CLK100MHZ_IBUF_BUFG
    SLICE_X36Y46         FDRE (Prop_fdre_C_Q)         0.175     2.134 r  clkdiv_pixel_inst/clk_out_reg/Q
                         net (fo=2, routed)           0.253     2.387    clk_pixel
    BUFGCTRL_X0Y1        BUFG (Prop_bufg_I_O)         0.029     2.416 r  clk_pixel_BUFG_inst/O
                         net (fo=300, routed)         0.855     3.270    clk_pixel_BUFG
    SLICE_X2Y20          FDRE                                         r  selected_comp_data_pix_sync0_reg[37]/C
                         clock pessimism             -0.244     3.026    
    SLICE_X2Y20          FDRE (Hold_fdre_C_D)         0.076     3.102    selected_comp_data_pix_sync0_reg[37]
  -------------------------------------------------------------------
                         required time                         -3.102    
                         arrival time                           3.394    
  -------------------------------------------------------------------
                         slack                                  0.292    

Slack (MET) :             0.298ns  (arrival time - required time)
  Source:                 mouse_ctrl_inst/ypos_reg[7]/C
                            (rising edge-triggered cell FDRE clocked by sys_clk_pin  {rise@0.000ns fall@5.000ns period=10.000ns})
  Destination:            mouse_ypos_pix_sync0_reg[7]/D
                            (rising edge-triggered cell FDRE clocked by clk_pixel  {rise@0.000ns fall@20.000ns period=40.000ns})
  Path Group:             clk_pixel
  Path Type:              Hold (Min at Fast Process Corner)
  Requirement:            0.000ns  (clk_pixel rise@0.000ns - sys_clk_pin rise@0.000ns)
  Data Path Delay:        1.901ns  (logic 0.141ns (7.417%)  route 1.760ns (92.583%))
  Logic Levels:           0  
  Clock Path Skew:        1.556ns (DCD - SCD - CPR)
    Destination Clock Delay (DCD):    3.241ns
    Source Clock Delay      (SCD):    1.441ns
    Clock Pessimism Removal (CPR):    0.244ns

    Location             Delay type                Incr(ns)  Path(ns)    Netlist Resource(s)
  -------------------------------------------------------------------    -------------------
                         (clock sys_clk_pin rise edge)
                                                      0.000     0.000 r  
    W5                                                0.000     0.000 r  CLK100MHZ (IN)
                         net (fo=0)                   0.000     0.000    CLK100MHZ
    W5                   IBUF (Prop_ibuf_I_O)         0.226     0.226 r  CLK100MHZ_IBUF_inst/O
                         net (fo=1, routed)           0.631     0.858    CLK100MHZ_IBUF
    BUFGCTRL_X0Y0        BUFG (Prop_bufg_I_O)         0.026     0.884 r  CLK100MHZ_IBUF_BUFG_inst/O
                         net (fo=1064, routed)        0.558     1.441    mouse_ctrl_inst/CLK100MHZ_IBUF_BUFG
    SLICE_X11Y30         FDRE                                         r  mouse_ctrl_inst/ypos_reg[7]/C
  -------------------------------------------------------------------    -------------------
    SLICE_X11Y30         FDRE (Prop_fdre_C_Q)         0.141     1.582 r  mouse_ctrl_inst/ypos_reg[7]/Q
                         net (fo=2, routed)           1.760     3.342    mouse_ypos[7]
    SLICE_X13Y30         FDRE                                         r  mouse_ypos_pix_sync0_reg[7]/D
  -------------------------------------------------------------------    -------------------

                         (clock clk_pixel rise edge)
                                                      0.000     0.000 r  
    W5                                                0.000     0.000 r  CLK100MHZ (IN)
                         net (fo=0)                   0.000     0.000    CLK100MHZ
    W5                   IBUF (Prop_ibuf_I_O)         0.414     0.414 r  CLK100MHZ_IBUF_inst/O
                         net (fo=1, routed)           0.685     1.099    CLK100MHZ_IBUF
    BUFGCTRL_X0Y0        BUFG (Prop_bufg_I_O)         0.029     1.128 r  CLK100MHZ_IBUF_BUFG_inst/O
                         net (fo=1064, routed)        0.832     1.959    clkdiv_pixel_inst/CLK100MHZ_IBUF_BUFG
    SLICE_X36Y46         FDRE (Prop_fdre_C_Q)         0.175     2.134 r  clkdiv_pixel_inst/clk_out_reg/Q
                         net (fo=2, routed)           0.253     2.387    clk_pixel
    BUFGCTRL_X0Y1        BUFG (Prop_bufg_I_O)         0.029     2.416 r  clk_pixel_BUFG_inst/O
                         net (fo=300, routed)         0.826     3.241    clk_pixel_BUFG
    SLICE_X13Y30         FDRE                                         r  mouse_ypos_pix_sync0_reg[7]/C
                         clock pessimism             -0.244     2.997    
    SLICE_X13Y30         FDRE (Hold_fdre_C_D)         0.047     3.044    mouse_ypos_pix_sync0_reg[7]
  -------------------------------------------------------------------
                         required time                         -3.044    
                         arrival time                           3.342    
  -------------------------------------------------------------------
                         slack                                  0.298    

Slack (MET) :             0.298ns  (arrival time - required time)
  Source:                 mouse_ctrl_inst/xpos_reg[4]/C
                            (rising edge-triggered cell FDRE clocked by sys_clk_pin  {rise@0.000ns fall@5.000ns period=10.000ns})
  Destination:            mouse_xpos_pix_sync0_reg[4]/D
                            (rising edge-triggered cell FDRE clocked by clk_pixel  {rise@0.000ns fall@20.000ns period=40.000ns})
  Path Group:             clk_pixel
  Path Type:              Hold (Min at Fast Process Corner)
  Requirement:            0.000ns  (clk_pixel rise@0.000ns - sys_clk_pin rise@0.000ns)
  Data Path Delay:        1.927ns  (logic 0.164ns (8.513%)  route 1.763ns (91.487%))
  Logic Levels:           0  
  Clock Path Skew:        1.553ns (DCD - SCD - CPR)
    Destination Clock Delay (DCD):    3.236ns
    Source Clock Delay      (SCD):    1.439ns
    Clock Pessimism Removal (CPR):    0.244ns

    Location             Delay type                Incr(ns)  Path(ns)    Netlist Resource(s)
  -------------------------------------------------------------------    -------------------
                         (clock sys_clk_pin rise edge)
                                                      0.000     0.000 r  
    W5                                                0.000     0.000 r  CLK100MHZ (IN)
                         net (fo=0)                   0.000     0.000    CLK100MHZ
    W5                   IBUF (Prop_ibuf_I_O)         0.226     0.226 r  CLK100MHZ_IBUF_inst/O
                         net (fo=1, routed)           0.631     0.858    CLK100MHZ_IBUF
    BUFGCTRL_X0Y0        BUFG (Prop_bufg_I_O)         0.026     0.884 r  CLK100MHZ_IBUF_BUFG_inst/O
                         net (fo=1064, routed)        0.556     1.439    mouse_ctrl_inst/CLK100MHZ_IBUF_BUFG
    SLICE_X14Y27         FDRE                                         r  mouse_ctrl_inst/xpos_reg[4]/C
  -------------------------------------------------------------------    -------------------
    SLICE_X14Y27         FDRE (Prop_fdre_C_Q)         0.164     1.603 r  mouse_ctrl_inst/xpos_reg[4]/Q
                         net (fo=2, routed)           1.763     3.366    mouse_xpos[4]
    SLICE_X12Y23         FDRE                                         r  mouse_xpos_pix_sync0_reg[4]/D
  -------------------------------------------------------------------    -------------------

                         (clock clk_pixel rise edge)
                                                      0.000     0.000 r  
    W5                                                0.000     0.000 r  CLK100MHZ (IN)
                         net (fo=0)                   0.000     0.000    CLK100MHZ
    W5                   IBUF (Prop_ibuf_I_O)         0.414     0.414 r  CLK100MHZ_IBUF_inst/O
                         net (fo=1, routed)           0.685     1.099    CLK100MHZ_IBUF
    BUFGCTRL_X0Y0        BUFG (Prop_bufg_I_O)         0.029     1.128 r  CLK100MHZ_IBUF_BUFG_inst/O
                         net (fo=1064, routed)        0.832     1.959    clkdiv_pixel_inst/CLK100MHZ_IBUF_BUFG
    SLICE_X36Y46         FDRE (Prop_fdre_C_Q)         0.175     2.134 r  clkdiv_pixel_inst/clk_out_reg/Q
                         net (fo=2, routed)           0.253     2.387    clk_pixel
    BUFGCTRL_X0Y1        BUFG (Prop_bufg_I_O)         0.029     2.416 r  clk_pixel_BUFG_inst/O
                         net (fo=300, routed)         0.821     3.236    clk_pixel_BUFG
    SLICE_X12Y23         FDRE                                         r  mouse_xpos_pix_sync0_reg[4]/C
                         clock pessimism             -0.244     2.992    
    SLICE_X12Y23         FDRE (Hold_fdre_C_D)         0.075     3.067    mouse_xpos_pix_sync0_reg[4]
  -------------------------------------------------------------------
                         required time                         -3.067    
                         arrival time                           3.366    
  -------------------------------------------------------------------
                         slack                                  0.298    

Slack (MET) :             0.312ns  (arrival time - required time)
  Source:                 has_selection_reg/C
                            (rising edge-triggered cell FDRE clocked by sys_clk_pin  {rise@0.000ns fall@5.000ns period=10.000ns})
  Destination:            has_selection_pix_sync0_reg/D
                            (rising edge-triggered cell FDRE clocked by clk_pixel  {rise@0.000ns fall@20.000ns period=40.000ns})
  Path Group:             clk_pixel
  Path Type:              Hold (Min at Fast Process Corner)
  Requirement:            0.000ns  (clk_pixel rise@0.000ns - sys_clk_pin rise@0.000ns)
  Data Path Delay:        1.935ns  (logic 0.141ns (7.288%)  route 1.794ns (92.712%))
  Logic Levels:           0  
  Clock Path Skew:        1.548ns (DCD - SCD - CPR)
    Destination Clock Delay (DCD):    3.270ns
    Source Clock Delay      (SCD):    1.478ns
    Clock Pessimism Removal (CPR):    0.244ns

    Location             Delay type                Incr(ns)  Path(ns)    Netlist Resource(s)
  -------------------------------------------------------------------    -------------------
                         (clock sys_clk_pin rise edge)
                                                      0.000     0.000 r  
    W5                                                0.000     0.000 r  CLK100MHZ (IN)
                         net (fo=0)                   0.000     0.000    CLK100MHZ
    W5                   IBUF (Prop_ibuf_I_O)         0.226     0.226 r  CLK100MHZ_IBUF_inst/O
                         net (fo=1, routed)           0.631     0.858    CLK100MHZ_IBUF
    BUFGCTRL_X0Y0        BUFG (Prop_bufg_I_O)         0.026     0.884 r  CLK100MHZ_IBUF_BUFG_inst/O
                         net (fo=1064, routed)        0.595     1.478    CLK100MHZ_IBUF_BUFG
    SLICE_X1Y6           FDRE                                         r  has_selection_reg/C
  -------------------------------------------------------------------    -------------------
    SLICE_X1Y6           FDRE (Prop_fdre_C_Q)         0.141     1.619 r  has_selection_reg/Q
                         net (fo=20, routed)          1.794     3.413    LED_OBUF[6]
    SLICE_X2Y20          FDRE                                         r  has_selection_pix_sync0_reg/D
  -------------------------------------------------------------------    -------------------

                         (clock clk_pixel rise edge)
                                                      0.000     0.000 r  
    W5                                                0.000     0.000 r  CLK100MHZ (IN)
                         net (fo=0)                   0.000     0.000    CLK100MHZ
    W5                   IBUF (Prop_ibuf_I_O)         0.414     0.414 r  CLK100MHZ_IBUF_inst/O
                         net (fo=1, routed)           0.685     1.099    CLK100MHZ_IBUF
    BUFGCTRL_X0Y0        BUFG (Prop_bufg_I_O)         0.029     1.128 r  CLK100MHZ_IBUF_BUFG_inst/O
                         net (fo=1064, routed)        0.832     1.959    clkdiv_pixel_inst/CLK100MHZ_IBUF_BUFG
    SLICE_X36Y46         FDRE (Prop_fdre_C_Q)         0.175     2.134 r  clkdiv_pixel_inst/clk_out_reg/Q
                         net (fo=2, routed)           0.253     2.387    clk_pixel
    BUFGCTRL_X0Y1        BUFG (Prop_bufg_I_O)         0.029     2.416 r  clk_pixel_BUFG_inst/O
                         net (fo=300, routed)         0.855     3.270    clk_pixel_BUFG
    SLICE_X2Y20          FDRE                                         r  has_selection_pix_sync0_reg/C
                         clock pessimism             -0.244     3.026    
    SLICE_X2Y20          FDRE (Hold_fdre_C_D)         0.075     3.101    has_selection_pix_sync0_reg
  -------------------------------------------------------------------
                         required time                         -3.101    
                         arrival time                           3.413    
  -------------------------------------------------------------------
                         slack                                  0.312    

Slack (MET) :             0.313ns  (arrival time - required time)
  Source:                 mouse_ctrl_inst/ypos_reg[11]/C
                            (rising edge-triggered cell FDRE clocked by sys_clk_pin  {rise@0.000ns fall@5.000ns period=10.000ns})
  Destination:            mouse_ypos_pix_sync0_reg[11]/D
                            (rising edge-triggered cell FDRE clocked by clk_pixel  {rise@0.000ns fall@20.000ns period=40.000ns})
  Path Group:             clk_pixel
  Path Type:              Hold (Min at Fast Process Corner)
  Requirement:            0.000ns  (clk_pixel rise@0.000ns - sys_clk_pin rise@0.000ns)
  Data Path Delay:        1.912ns  (logic 0.141ns (7.375%)  route 1.771ns (92.625%))
  Logic Levels:           0  
  Clock Path Skew:        1.553ns (DCD - SCD - CPR)
    Destination Clock Delay (DCD):    3.242ns
    Source Clock Delay      (SCD):    1.445ns
    Clock Pessimism Removal (CPR):    0.244ns

    Location             Delay type                Incr(ns)  Path(ns)    Netlist Resource(s)
  -------------------------------------------------------------------    -------------------
                         (clock sys_clk_pin rise edge)
                                                      0.000     0.000 r  
    W5                                                0.000     0.000 r  CLK100MHZ (IN)
                         net (fo=0)                   0.000     0.000    CLK100MHZ
    W5                   IBUF (Prop_ibuf_I_O)         0.226     0.226 r  CLK100MHZ_IBUF_inst/O
                         net (fo=1, routed)           0.631     0.858    CLK100MHZ_IBUF
    BUFGCTRL_X0Y0        BUFG (Prop_bufg_I_O)         0.026     0.884 r  CLK100MHZ_IBUF_BUFG_inst/O
                         net (fo=1064, routed)        0.562     1.445    mouse_ctrl_inst/CLK100MHZ_IBUF_BUFG
    SLICE_X11Y34         FDRE                                         r  mouse_ctrl_inst/ypos_reg[11]/C
  -------------------------------------------------------------------    -------------------
    SLICE_X11Y34         FDRE (Prop_fdre_C_Q)         0.141     1.586 r  mouse_ctrl_inst/ypos_reg[11]/Q
                         net (fo=2, routed)           1.771     3.357    mouse_ypos[11]
    SLICE_X15Y31         FDRE                                         r  mouse_ypos_pix_sync0_reg[11]/D
  -------------------------------------------------------------------    -------------------

                         (clock clk_pixel rise edge)
                                                      0.000     0.000 r  
    W5                                                0.000     0.000 r  CLK100MHZ (IN)
                         net (fo=0)                   0.000     0.000    CLK100MHZ
    W5                   IBUF (Prop_ibuf_I_O)         0.414     0.414 r  CLK100MHZ_IBUF_inst/O
                         net (fo=1, routed)           0.685     1.099    CLK100MHZ_IBUF
    BUFGCTRL_X0Y0        BUFG (Prop_bufg_I_O)         0.029     1.128 r  CLK100MHZ_IBUF_BUFG_inst/O
                         net (fo=1064, routed)        0.832     1.959    clkdiv_pixel_inst/CLK100MHZ_IBUF_BUFG
    SLICE_X36Y46         FDRE (Prop_fdre_C_Q)         0.175     2.134 r  clkdiv_pixel_inst/clk_out_reg/Q
                         net (fo=2, routed)           0.253     2.387    clk_pixel
    BUFGCTRL_X0Y1        BUFG (Prop_bufg_I_O)         0.029     2.416 r  clk_pixel_BUFG_inst/O
                         net (fo=300, routed)         0.827     3.242    clk_pixel_BUFG
    SLICE_X15Y31         FDRE                                         r  mouse_ypos_pix_sync0_reg[11]/C
                         clock pessimism             -0.244     2.998    
    SLICE_X15Y31         FDRE (Hold_fdre_C_D)         0.046     3.044    mouse_ypos_pix_sync0_reg[11]
  -------------------------------------------------------------------
                         required time                         -3.044    
                         arrival time                           3.357    
  -------------------------------------------------------------------
                         slack                                  0.313    

Slack (MET) :             0.315ns  (arrival time - required time)
  Source:                 mouse_ctrl_inst/middle_reg/C
                            (rising edge-triggered cell FDRE clocked by sys_clk_pin  {rise@0.000ns fall@5.000ns period=10.000ns})
  Destination:            mouse_middle_pix_sync0_reg/D
                            (rising edge-triggered cell FDRE clocked by clk_pixel  {rise@0.000ns fall@20.000ns period=40.000ns})
  Path Group:             clk_pixel
  Path Type:              Hold (Min at Fast Process Corner)
  Requirement:            0.000ns  (clk_pixel rise@0.000ns - sys_clk_pin rise@0.000ns)
  Data Path Delay:        1.956ns  (logic 0.141ns (7.210%)  route 1.815ns (92.790%))
  Logic Levels:           0  
  Clock Path Skew:        1.553ns (DCD - SCD - CPR)
    Destination Clock Delay (DCD):    3.268ns
    Source Clock Delay      (SCD):    1.471ns
    Clock Pessimism Removal (CPR):    0.244ns

    Location             Delay type                Incr(ns)  Path(ns)    Netlist Resource(s)
  -------------------------------------------------------------------    -------------------
                         (clock sys_clk_pin rise edge)
                                                      0.000     0.000 r  
    W5                                                0.000     0.000 r  CLK100MHZ (IN)
                         net (fo=0)                   0.000     0.000    CLK100MHZ
    W5                   IBUF (Prop_ibuf_I_O)         0.226     0.226 r  CLK100MHZ_IBUF_inst/O
                         net (fo=1, routed)           0.631     0.858    CLK100MHZ_IBUF
    BUFGCTRL_X0Y0        BUFG (Prop_bufg_I_O)         0.026     0.884 r  CLK100MHZ_IBUF_BUFG_inst/O
                         net (fo=1064, routed)        0.588     1.471    mouse_ctrl_inst/CLK100MHZ_IBUF_BUFG
    SLICE_X7Y33          FDRE                                         r  mouse_ctrl_inst/middle_reg/C
  -------------------------------------------------------------------    -------------------
    SLICE_X7Y33          FDRE (Prop_fdre_C_Q)         0.141     1.612 r  mouse_ctrl_inst/middle_reg/Q
                         net (fo=2, routed)           1.815     3.427    mouse_middle
    SLICE_X6Y29          FDRE                                         r  mouse_middle_pix_sync0_reg/D
  -------------------------------------------------------------------    -------------------

                         (clock clk_pixel rise edge)
                                                      0.000     0.000 r  
    W5                                                0.000     0.000 r  CLK100MHZ (IN)
                         net (fo=0)                   0.000     0.000    CLK100MHZ
    W5                   IBUF (Prop_ibuf_I_O)         0.414     0.414 r  CLK100MHZ_IBUF_inst/O
                         net (fo=1, routed)           0.685     1.099    CLK100MHZ_IBUF
    BUFGCTRL_X0Y0        BUFG (Prop_bufg_I_O)         0.029     1.128 r  CLK100MHZ_IBUF_BUFG_inst/O
                         net (fo=1064, routed)        0.832     1.959    clkdiv_pixel_inst/CLK100MHZ_IBUF_BUFG
    SLICE_X36Y46         FDRE (Prop_fdre_C_Q)         0.175     2.134 r  clkdiv_pixel_inst/clk_out_reg/Q
                         net (fo=2, routed)           0.253     2.387    clk_pixel
    BUFGCTRL_X0Y1        BUFG (Prop_bufg_I_O)         0.029     2.416 r  clk_pixel_BUFG_inst/O
                         net (fo=300, routed)         0.853     3.268    clk_pixel_BUFG
    SLICE_X6Y29          FDRE                                         r  mouse_middle_pix_sync0_reg/C
                         clock pessimism             -0.244     3.024    
    SLICE_X6Y29          FDRE (Hold_fdre_C_D)         0.087     3.111    mouse_middle_pix_sync0_reg
  -------------------------------------------------------------------
                         required time                         -3.111    
                         arrival time                           3.427    
  -------------------------------------------------------------------
                         slack                                  0.315    

Slack (MET) :             0.332ns  (arrival time - required time)
  Source:                 mouse_ctrl_inst/xpos_reg[8]/C
                            (rising edge-triggered cell FDRE clocked by sys_clk_pin  {rise@0.000ns fall@5.000ns period=10.000ns})
  Destination:            mouse_xpos_pix_sync0_reg[8]/D
                            (rising edge-triggered cell FDRE clocked by clk_pixel  {rise@0.000ns fall@20.000ns period=40.000ns})
  Path Group:             clk_pixel
  Path Type:              Hold (Min at Fast Process Corner)
  Requirement:            0.000ns  (clk_pixel rise@0.000ns - sys_clk_pin rise@0.000ns)
  Data Path Delay:        1.928ns  (logic 0.141ns (7.314%)  route 1.787ns (92.686%))
  Logic Levels:           0  
  Clock Path Skew:        1.549ns (DCD - SCD - CPR)
    Destination Clock Delay (DCD):    3.236ns
    Source Clock Delay      (SCD):    1.443ns
    Clock Pessimism Removal (CPR):    0.244ns

    Location             Delay type                Incr(ns)  Path(ns)    Netlist Resource(s)
  -------------------------------------------------------------------    -------------------
                         (clock sys_clk_pin rise edge)
                                                      0.000     0.000 r  
    W5                                                0.000     0.000 r  CLK100MHZ (IN)
                         net (fo=0)                   0.000     0.000    CLK100MHZ
    W5                   IBUF (Prop_ibuf_I_O)         0.226     0.226 r  CLK100MHZ_IBUF_inst/O
                         net (fo=1, routed)           0.631     0.858    CLK100MHZ_IBUF
    BUFGCTRL_X0Y0        BUFG (Prop_bufg_I_O)         0.026     0.884 r  CLK100MHZ_IBUF_BUFG_inst/O
                         net (fo=1064, routed)        0.560     1.443    mouse_ctrl_inst/CLK100MHZ_IBUF_BUFG
    SLICE_X13Y32         FDRE                                         r  mouse_ctrl_inst/xpos_reg[8]/C
  -------------------------------------------------------------------    -------------------
    SLICE_X13Y32         FDRE (Prop_fdre_C_Q)         0.141     1.584 r  mouse_ctrl_inst/xpos_reg[8]/Q
                         net (fo=2, routed)           1.787     3.371    mouse_xpos[8]
    SLICE_X13Y23         FDRE                                         r  mouse_xpos_pix_sync0_reg[8]/D
  -------------------------------------------------------------------    -------------------

                         (clock clk_pixel rise edge)
                                                      0.000     0.000 r  
    W5                                                0.000     0.000 r  CLK100MHZ (IN)
                         net (fo=0)                   0.000     0.000    CLK100MHZ
    W5                   IBUF (Prop_ibuf_I_O)         0.414     0.414 r  CLK100MHZ_IBUF_inst/O
                         net (fo=1, routed)           0.685     1.099    CLK100MHZ_IBUF
    BUFGCTRL_X0Y0        BUFG (Prop_bufg_I_O)         0.029     1.128 r  CLK100MHZ_IBUF_BUFG_inst/O
                         net (fo=1064, routed)        0.832     1.959    clkdiv_pixel_inst/CLK100MHZ_IBUF_BUFG
    SLICE_X36Y46         FDRE (Prop_fdre_C_Q)         0.175     2.134 r  clkdiv_pixel_inst/clk_out_reg/Q
                         net (fo=2, routed)           0.253     2.387    clk_pixel
    BUFGCTRL_X0Y1        BUFG (Prop_bufg_I_O)         0.029     2.416 r  clk_pixel_BUFG_inst/O
                         net (fo=300, routed)         0.821     3.236    clk_pixel_BUFG
    SLICE_X13Y23         FDRE                                         r  mouse_xpos_pix_sync0_reg[8]/C
                         clock pessimism             -0.244     2.992    
    SLICE_X13Y23         FDRE (Hold_fdre_C_D)         0.047     3.039    mouse_xpos_pix_sync0_reg[8]
  -------------------------------------------------------------------
                         required time                         -3.039    
                         arrival time                           3.371    
  -------------------------------------------------------------------
                         slack                                  0.332    

Slack (MET) :             0.332ns  (arrival time - required time)
  Source:                 mouse_ctrl_inst/xpos_reg[5]/C
                            (rising edge-triggered cell FDRE clocked by sys_clk_pin  {rise@0.000ns fall@5.000ns period=10.000ns})
  Destination:            mouse_xpos_pix_sync0_reg[5]/D
                            (rising edge-triggered cell FDRE clocked by clk_pixel  {rise@0.000ns fall@20.000ns period=40.000ns})
  Path Group:             clk_pixel
  Path Type:              Hold (Min at Fast Process Corner)
  Requirement:            0.000ns  (clk_pixel rise@0.000ns - sys_clk_pin rise@0.000ns)
  Data Path Delay:        1.928ns  (logic 0.141ns (7.311%)  route 1.787ns (92.689%))
  Logic Levels:           0  
  Clock Path Skew:        1.549ns (DCD - SCD - CPR)
    Destination Clock Delay (DCD):    3.236ns
    Source Clock Delay      (SCD):    1.443ns
    Clock Pessimism Removal (CPR):    0.244ns

    Location             Delay type                Incr(ns)  Path(ns)    Netlist Resource(s)
  -------------------------------------------------------------------    -------------------
                         (clock sys_clk_pin rise edge)
                                                      0.000     0.000 r  
    W5                                                0.000     0.000 r  CLK100MHZ (IN)
                         net (fo=0)                   0.000     0.000    CLK100MHZ
    W5                   IBUF (Prop_ibuf_I_O)         0.226     0.226 r  CLK100MHZ_IBUF_inst/O
                         net (fo=1, routed)           0.631     0.858    CLK100MHZ_IBUF
    BUFGCTRL_X0Y0        BUFG (Prop_bufg_I_O)         0.026     0.884 r  CLK100MHZ_IBUF_BUFG_inst/O
                         net (fo=1064, routed)        0.560     1.443    mouse_ctrl_inst/CLK100MHZ_IBUF_BUFG
    SLICE_X13Y32         FDRE                                         r  mouse_ctrl_inst/xpos_reg[5]/C
  -------------------------------------------------------------------    -------------------
    SLICE_X13Y32         FDRE (Prop_fdre_C_Q)         0.141     1.584 r  mouse_ctrl_inst/xpos_reg[5]/Q
                         net (fo=2, routed)           1.787     3.372    mouse_xpos[5]
    SLICE_X13Y23         FDRE                                         r  mouse_xpos_pix_sync0_reg[5]/D
  -------------------------------------------------------------------    -------------------

                         (clock clk_pixel rise edge)
                                                      0.000     0.000 r  
    W5                                                0.000     0.000 r  CLK100MHZ (IN)
                         net (fo=0)                   0.000     0.000    CLK100MHZ
    W5                   IBUF (Prop_ibuf_I_O)         0.414     0.414 r  CLK100MHZ_IBUF_inst/O
                         net (fo=1, routed)           0.685     1.099    CLK100MHZ_IBUF
    BUFGCTRL_X0Y0        BUFG (Prop_bufg_I_O)         0.029     1.128 r  CLK100MHZ_IBUF_BUFG_inst/O
                         net (fo=1064, routed)        0.832     1.959    clkdiv_pixel_inst/CLK100MHZ_IBUF_BUFG
    SLICE_X36Y46         FDRE (Prop_fdre_C_Q)         0.175     2.134 r  clkdiv_pixel_inst/clk_out_reg/Q
                         net (fo=2, routed)           0.253     2.387    clk_pixel
    BUFGCTRL_X0Y1        BUFG (Prop_bufg_I_O)         0.029     2.416 r  clk_pixel_BUFG_inst/O
                         net (fo=300, routed)         0.821     3.236    clk_pixel_BUFG
    SLICE_X13Y23         FDRE                                         r  mouse_xpos_pix_sync0_reg[5]/C
                         clock pessimism             -0.244     2.992    
    SLICE_X13Y23         FDRE (Hold_fdre_C_D)         0.047     3.039    mouse_xpos_pix_sync0_reg[5]
  -------------------------------------------------------------------
                         required time                         -3.039    
                         arrival time                           3.372    
  -------------------------------------------------------------------
                         slack                                  0.332    

Slack (MET) :             0.334ns  (arrival time - required time)
  Source:                 selected_comp_data_reg[36]/C
                            (rising edge-triggered cell FDRE clocked by sys_clk_pin  {rise@0.000ns fall@5.000ns period=10.000ns})
  Destination:            selected_comp_data_pix_sync0_reg[36]/D
                            (rising edge-triggered cell FDRE clocked by clk_pixel  {rise@0.000ns fall@20.000ns period=40.000ns})
  Path Group:             clk_pixel
  Path Type:              Hold (Min at Fast Process Corner)
  Requirement:            0.000ns  (clk_pixel rise@0.000ns - sys_clk_pin rise@0.000ns)
  Data Path Delay:        1.935ns  (logic 0.164ns (8.474%)  route 1.771ns (91.526%))
  Logic Levels:           0  
  Clock Path Skew:        1.555ns (DCD - SCD - CPR)
    Destination Clock Delay (DCD):    3.274ns
    Source Clock Delay      (SCD):    1.475ns
    Clock Pessimism Removal (CPR):    0.244ns

    Location             Delay type                Incr(ns)  Path(ns)    Netlist Resource(s)
  -------------------------------------------------------------------    -------------------
                         (clock sys_clk_pin rise edge)
                                                      0.000     0.000 r  
    W5                                                0.000     0.000 r  CLK100MHZ (IN)
                         net (fo=0)                   0.000     0.000    CLK100MHZ
    W5                   IBUF (Prop_ibuf_I_O)         0.226     0.226 r  CLK100MHZ_IBUF_inst/O
                         net (fo=1, routed)           0.631     0.858    CLK100MHZ_IBUF
    BUFGCTRL_X0Y0        BUFG (Prop_bufg_I_O)         0.026     0.884 r  CLK100MHZ_IBUF_BUFG_inst/O
                         net (fo=1064, routed)        0.592     1.475    CLK100MHZ_IBUF_BUFG
    SLICE_X2Y12          FDRE                                         r  selected_comp_data_reg[36]/C
  -------------------------------------------------------------------    -------------------
    SLICE_X2Y12          FDRE (Prop_fdre_C_Q)         0.164     1.639 r  selected_comp_data_reg[36]/Q
                         net (fo=2, routed)           1.771     3.410    selected_comp_data_reg_n_0_[36]
    SLICE_X1Y33          FDRE                                         r  selected_comp_data_pix_sync0_reg[36]/D
  -------------------------------------------------------------------    -------------------

                         (clock clk_pixel rise edge)
                                                      0.000     0.000 r  
    W5                                                0.000     0.000 r  CLK100MHZ (IN)
                         net (fo=0)                   0.000     0.000    CLK100MHZ
    W5                   IBUF (Prop_ibuf_I_O)         0.414     0.414 r  CLK100MHZ_IBUF_inst/O
                         net (fo=1, routed)           0.685     1.099    CLK100MHZ_IBUF
    BUFGCTRL_X0Y0        BUFG (Prop_bufg_I_O)         0.029     1.128 r  CLK100MHZ_IBUF_BUFG_inst/O
                         net (fo=1064, routed)        0.832     1.959    clkdiv_pixel_inst/CLK100MHZ_IBUF_BUFG
    SLICE_X36Y46         FDRE (Prop_fdre_C_Q)         0.175     2.134 r  clkdiv_pixel_inst/clk_out_reg/Q
                         net (fo=2, routed)           0.253     2.387    clk_pixel
    BUFGCTRL_X0Y1        BUFG (Prop_bufg_I_O)         0.029     2.416 r  clk_pixel_BUFG_inst/O
                         net (fo=300, routed)         0.859     3.274    clk_pixel_BUFG
    SLICE_X1Y33          FDRE                                         r  selected_comp_data_pix_sync0_reg[36]/C
                         clock pessimism             -0.244     3.030    
    SLICE_X1Y33          FDRE (Hold_fdre_C_D)         0.046     3.076    selected_comp_data_pix_sync0_reg[36]
  -------------------------------------------------------------------
                         required time                         -3.076    
                         arrival time                           3.410    
  -------------------------------------------------------------------
                         slack                                  0.334    

Slack (MET) :             0.334ns  (arrival time - required time)
  Source:                 mouse_ctrl_inst/ypos_reg[6]/C
                            (rising edge-triggered cell FDRE clocked by sys_clk_pin  {rise@0.000ns fall@5.000ns period=10.000ns})
  Destination:            mouse_ypos_pix_sync0_reg[6]/D
                            (rising edge-triggered cell FDRE clocked by clk_pixel  {rise@0.000ns fall@20.000ns period=40.000ns})
  Path Group:             clk_pixel
  Path Type:              Hold (Min at Fast Process Corner)
  Requirement:            0.000ns  (clk_pixel rise@0.000ns - sys_clk_pin rise@0.000ns)
  Data Path Delay:        1.933ns  (logic 0.141ns (7.293%)  route 1.792ns (92.707%))
  Logic Levels:           0  
  Clock Path Skew:        1.552ns (DCD - SCD - CPR)
    Destination Clock Delay (DCD):    3.241ns
    Source Clock Delay      (SCD):    1.445ns
    Clock Pessimism Removal (CPR):    0.244ns

    Location             Delay type                Incr(ns)  Path(ns)    Netlist Resource(s)
  -------------------------------------------------------------------    -------------------
                         (clock sys_clk_pin rise edge)
                                                      0.000     0.000 r  
    W5                                                0.000     0.000 r  CLK100MHZ (IN)
                         net (fo=0)                   0.000     0.000    CLK100MHZ
    W5                   IBUF (Prop_ibuf_I_O)         0.226     0.226 r  CLK100MHZ_IBUF_inst/O
                         net (fo=1, routed)           0.631     0.858    CLK100MHZ_IBUF
    BUFGCTRL_X0Y0        BUFG (Prop_bufg_I_O)         0.026     0.884 r  CLK100MHZ_IBUF_BUFG_inst/O
                         net (fo=1064, routed)        0.562     1.445    mouse_ctrl_inst/CLK100MHZ_IBUF_BUFG
    SLICE_X13Y34         FDRE                                         r  mouse_ctrl_inst/ypos_reg[6]/C
  -------------------------------------------------------------------    -------------------
    SLICE_X13Y34         FDRE (Prop_fdre_C_Q)         0.141     1.586 r  mouse_ctrl_inst/ypos_reg[6]/Q
                         net (fo=2, routed)           1.792     3.379    mouse_ypos[6]
    SLICE_X13Y30         FDRE                                         r  mouse_ypos_pix_sync0_reg[6]/D
  -------------------------------------------------------------------    -------------------

                         (clock clk_pixel rise edge)
                                                      0.000     0.000 r  
    W5                                                0.000     0.000 r  CLK100MHZ (IN)
                         net (fo=0)                   0.000     0.000    CLK100MHZ
    W5                   IBUF (Prop_ibuf_I_O)         0.414     0.414 r  CLK100MHZ_IBUF_inst/O
                         net (fo=1, routed)           0.685     1.099    CLK100MHZ_IBUF
    BUFGCTRL_X0Y0        BUFG (Prop_bufg_I_O)         0.029     1.128 r  CLK100MHZ_IBUF_BUFG_inst/O
                         net (fo=1064, routed)        0.832     1.959    clkdiv_pixel_inst/CLK100MHZ_IBUF_BUFG
    SLICE_X36Y46         FDRE (Prop_fdre_C_Q)         0.175     2.134 r  clkdiv_pixel_inst/clk_out_reg/Q
                         net (fo=2, routed)           0.253     2.387    clk_pixel
    BUFGCTRL_X0Y1        BUFG (Prop_bufg_I_O)         0.029     2.416 r  clk_pixel_BUFG_inst/O
                         net (fo=300, routed)         0.826     3.241    clk_pixel_BUFG
    SLICE_X13Y30         FDRE                                         r  mouse_ypos_pix_sync0_reg[6]/C
                         clock pessimism             -0.244     2.997    
    SLICE_X13Y30         FDRE (Hold_fdre_C_D)         0.047     3.044    mouse_ypos_pix_sync0_reg[6]
  -------------------------------------------------------------------
                         required time                         -3.044    
                         arrival time                           3.379    
  -------------------------------------------------------------------
                         slack                                  0.334    

Slack (MET) :             0.335ns  (arrival time - required time)
  Source:                 mouse_ctrl_inst/ypos_reg[8]/C
                            (rising edge-triggered cell FDRE clocked by sys_clk_pin  {rise@0.000ns fall@5.000ns period=10.000ns})
  Destination:            mouse_ypos_pix_sync0_reg[8]/D
                            (rising edge-triggered cell FDRE clocked by clk_pixel  {rise@0.000ns fall@20.000ns period=40.000ns})
  Path Group:             clk_pixel
  Path Type:              Hold (Min at Fast Process Corner)
  Requirement:            0.000ns  (clk_pixel rise@0.000ns - sys_clk_pin rise@0.000ns)
  Data Path Delay:        1.935ns  (logic 0.164ns (8.476%)  route 1.771ns (91.524%))
  Logic Levels:           0  
  Clock Path Skew:        1.553ns (DCD - SCD - CPR)
    Destination Clock Delay (DCD):    3.241ns
    Source Clock Delay      (SCD):    1.444ns
    Clock Pessimism Removal (CPR):    0.244ns

    Location             Delay type                Incr(ns)  Path(ns)    Netlist Resource(s)
  -------------------------------------------------------------------    -------------------
                         (clock sys_clk_pin rise edge)
                                                      0.000     0.000 r  
    W5                                                0.000     0.000 r  CLK100MHZ (IN)
                         net (fo=0)                   0.000     0.000    CLK100MHZ
    W5                   IBUF (Prop_ibuf_I_O)         0.226     0.226 r  CLK100MHZ_IBUF_inst/O
                         net (fo=1, routed)           0.631     0.858    CLK100MHZ_IBUF
    BUFGCTRL_X0Y0        BUFG (Prop_bufg_I_O)         0.026     0.884 r  CLK100MHZ_IBUF_BUFG_inst/O
                         net (fo=1064, routed)        0.561     1.444    mouse_ctrl_inst/CLK100MHZ_IBUF_BUFG
    SLICE_X12Y33         FDRE                                         r  mouse_ctrl_inst/ypos_reg[8]/C
  -------------------------------------------------------------------    -------------------
    SLICE_X12Y33         FDRE (Prop_fdre_C_Q)         0.164     1.608 r  mouse_ctrl_inst/ypos_reg[8]/Q
                         net (fo=2, routed)           1.771     3.379    mouse_ypos[8]
    SLICE_X13Y30         FDRE                                         r  mouse_ypos_pix_sync0_reg[8]/D
  -------------------------------------------------------------------    -------------------

                         (clock clk_pixel rise edge)
                                                      0.000     0.000 r  
    W5                                                0.000     0.000 r  CLK100MHZ (IN)
                         net (fo=0)                   0.000     0.000    CLK100MHZ
    W5                   IBUF (Prop_ibuf_I_O)         0.414     0.414 r  CLK100MHZ_IBUF_inst/O
                         net (fo=1, routed)           0.685     1.099    CLK100MHZ_IBUF
    BUFGCTRL_X0Y0        BUFG (Prop_bufg_I_O)         0.029     1.128 r  CLK100MHZ_IBUF_BUFG_inst/O
                         net (fo=1064, routed)        0.832     1.959    clkdiv_pixel_inst/CLK100MHZ_IBUF_BUFG
    SLICE_X36Y46         FDRE (Prop_fdre_C_Q)         0.175     2.134 r  clkdiv_pixel_inst/clk_out_reg/Q
                         net (fo=2, routed)           0.253     2.387    clk_pixel
    BUFGCTRL_X0Y1        BUFG (Prop_bufg_I_O)         0.029     2.416 r  clk_pixel_BUFG_inst/O
                         net (fo=300, routed)         0.826     3.241    clk_pixel_BUFG
    SLICE_X13Y30         FDRE                                         r  mouse_ypos_pix_sync0_reg[8]/C
                         clock pessimism             -0.244     2.997    
    SLICE_X13Y30         FDRE (Hold_fdre_C_D)         0.047     3.044    mouse_ypos_pix_sync0_reg[8]
  -------------------------------------------------------------------
                         required time                         -3.044    
                         arrival time                           3.379    
  -------------------------------------------------------------------
                         slack                                  0.335    





